<?xml version="1.0" encoding="UTF-8"?><Questionnaire xmlns="http://hl7.org/fhir"><id value="Questionnaire-Extension-Example"/><meta><profile value="https://science37.github.io/FHIR-FSH-Implementation-Guide/StructureDefinition/questionnaire-s37-sdc"/></meta><text><status value="generated"/><div xmlns="http://www.w3.org/1999/xhtml"><table border="1" cellpadding="0" cellspacing="0" style="border: 1px #F0F0F0 solid; font-size: 11px; font-family: verdana; vertical-align: top;"><tr style="border: 2px #F0F0F0 solid; font-size: 11px; font-family: verdana; vertical-align: top"><th style="vertical-align: top; text-align : left; background-color: white; border: 1px #F0F0F0 solid; padding:0px 4px 0px 4px" class="hierarchy"><a href="http://hl7.org/fhir/R4/formats.html#table" title="The linkId for the item">LinkId</a></th><th style="vertical-align: top; text-align : left; background-color: white; border: 1px #F0F0F0 solid; padding:0px 4px 0px 4px" class="hierarchy"><a href="http://hl7.org/fhir/R4/formats.html#table" title="Text for the item">Text</a></th><th style="vertical-align: top; text-align : left; background-color: white; border: 1px #F0F0F0 solid; padding:0px 4px 0px 4px" class="hierarchy"><a href="http://hl7.org/fhir/R4/formats.html#table" title="Minimum and Maximum # of times the the itemcan appear in the instance">Cardinality</a></th><th style="vertical-align: top; text-align : left; background-color: white; border: 1px #F0F0F0 solid; padding:0px 4px 0px 4px" class="hierarchy"><a href="http://hl7.org/fhir/R4/formats.html#table" title="The type of the item">Type</a></th><th style="vertical-align: top; text-align : left; background-color: white; border: 1px #F0F0F0 solid; padding:0px 4px 0px 4px" class="hierarchy"><a href="http://hl7.org/fhir/R4/formats.html#table" title="Additional information about the item">Description &amp; Constraints</a><span style="float: right"><a href="http://hl7.org/fhir/R4/formats.html#table" title="Legend for this format"><img src="http://hl7.org/fhir/R4/help16.png" alt="doco" style="background-color: inherit"/></a></span></th></tr><tr style="border: 1px #F0F0F0 solid; padding:0px; vertical-align: top; background-color: white"><td style="vertical-align: top; text-align : left; background-color: white; border: 1px #F0F0F0 solid; padding:0px 4px 0px 4px; white-space: nowrap; background-image: url(tbl_bck0.png)" class="hierarchy"><img src="tbl_spacer.png" alt="." style="background-color: inherit" class="hierarchy"/><img src="icon_q_root.gif" alt="." style="background-color: white; background-color: inherit" title="QuestionnaireRoot" class="hierarchy"/> Example : Questionnaire</td><td style="vertical-align: top; text-align : left; background-color: white; border: 1px #F0F0F0 solid; padding:0px 4px 0px 4px" class="hierarchy"/><td style="vertical-align: top; text-align : left; background-color: white; border: 1px #F0F0F0 solid; padding:0px 4px 0px 4px" class="hierarchy"></td><td style="vertical-align: top; text-align : left; background-color: white; border: 1px #F0F0F0 solid; padding:0px 4px 0px 4px" class="hierarchy">Questionnaire</td><td style="vertical-align: top; text-align : left; background-color: white; border: 1px #F0F0F0 solid; padding:0px 4px 0px 4px" class="hierarchy">http://science37.com/trial/098fsd0af9s/site/s0d98f0a98d0/questionnaire/97af87da0f6a06#1.0.0-S37</td></tr>
<tr><td colspan="5" class="hierarchy"><br/><a href="http://hl7.org/fhir/R4/formats.html#table" title="Legend for this format"><img src="http://hl7.org/fhir/R4/help16.png" alt="doco" style="background-color: inherit"/> Documentation for this format</a></td></tr></table></div></text><extension url="https://science37.github.io/FHIR-FSH-Implementation-Guide/StructureDefinition/sub-status"><valueString value="deleted"/></extension><extension url="https://science37.github.io/FHIR-FSH-Implementation-Guide/StructureDefinition/resource-create-update-at-datetime"><extension url="createdAt"><valueDateTime value="2015-02-07T13:28:17Z"/></extension><extension url="updatedAt"><valueDateTime value="2022-01-01T10:08:10Z"/></extension></extension><extension url="https://science37.github.io/FHIR-FSH-Implementation-Guide/StructureDefinition/supported-languages"><extension url="language"><valueCode value="US-ENG"/></extension><extension url="language"><valueCode value="US-ENG2"/></extension></extension><extension url="https://science37.github.io/FHIR-FSH-Implementation-Guide/StructureDefinition/rendering"><extension url="setting"><extension url="id"><valueString value="FORM_ID"/></extension><extension url="label"><valueString value="id"/></extension><extension url="hidden"><valueBoolean value="true"/></extension><extension url="description"><valueString value="description"/></extension><extension url="pattern"><valueString value="[0-9a-fA-F]{8}-[0-9a-fA-F]{4}-[0-9a-fA-F]{4}-[0-9a-fA-F]{4}-[0-9a-fA-F]{12}"/></extension><extension url="unique"><valueBoolean value="true"/></extension><extension url="disabled"><valueBoolean value="true"/></extension><extension url="type"><valueString value="text"/></extension><extension url="value"><valueString value="b41ca7b6-7842-4bad-b266-0c7cc1ccdf97"/></extension><extension url="required"><valueBoolean value="true"/></extension><extension url="maxLength"><valueInteger value="22"/></extension><extension url="minLength"><valueInteger value="22"/></extension><extension url="maxValue"><valueInteger value="2222"/></extension><extension url="minValue"><valueInteger value="2"/></extension><extension url="version"><valueId value="2.9.2-monkeystuff"/></extension></extension><extension url="setting"><extension url="id"><valueString value="FORM_TYPE"/></extension><extension url="label"><valueString value="Form Type"/></extension><extension url="hidden"><valueBoolean value="true"/></extension><extension url="description"><valueString value="description"/></extension><extension url="pattern"><valueString value="pattern"/></extension><extension url="unique"><valueBoolean value="true"/></extension><extension url="disabled"><valueBoolean value="true"/></extension><extension url="type"><valueString value="text"/></extension><extension url="value"><valueString value="epro"/></extension><extension url="required"><valueBoolean value="true"/></extension><extension url="version"><valueId value="2.9.2-monkeystuff"/></extension></extension><extension url="setting"><extension url="id"><valueString value="CONTROL_SCHEMA_VERSION"/></extension><extension url="hidden"><valueBoolean value="true"/></extension><extension url="type"><valueString value="text"/></extension><extension url="value"><valueInteger value="22"/></extension><extension url="required"><valueBoolean value="true"/></extension><extension url="version"><valueId value="2.9.2-monkeystuff"/></extension></extension></extension><url value="http://science37.com/trial/098fsd0af9s/site/s0d98f0a98d0/questionnaire/97af87da0f6a06"/><identifier><value value="Form ID-odfu9sdfyisyd78y877"/></identifier><version value="1.0.0-S37"/><name value="Example : Questionnaire"/><title value="Example : Questionnaire"/><status value="unknown"/><subjectType value="Patient"/><date value="2022-05-09T17:59:55+00:00"/><publisher value="Science37"/><jurisdiction><coding><system value="urn:iso:std:iso:3166"/><code value="US"/><display value="United States of America"/></coding></jurisdiction></Questionnaire>