<?xml version="1.0" encoding="UTF-8"?>

<PlanDefinition xmlns="http://hl7.org/fhir">
  <id value="VisitPlanMasterVisitPlanDefinitionS37Example"/>
  <meta>
    <profile value="https://science37.github.io/FHIR-FSH-Implementation-Guide/StructureDefinition/plandefinition-s37"/>
  </meta>
  <text>
    <status value="extensions"/><div xmlns="http://www.w3.org/1999/xhtml"><p><b>Generated Narrative</b></p><div style="display: inline-block; background-color: #d9e0e7; padding: 6px; margin: 4px; border: 1px solid #8da1b4; border-radius: 5px; line-height: 60%"><p style="margin-bottom: 0px">Resource "VisitPlanMasterVisitPlanDefinitionS37Example" </p><p style="margin-bottom: 0px">Profile: <a href="StructureDefinition-plandefinition-s37.html">Profile : PlanDefinitionS37</a></p></div><blockquote><p><b>Extension : Parent Reference</b></p><p><b>value</b>: 449e0f70-9c78-11eb-a748-70b5e89dfcd9</p><p><b>value</b>: 449e0f70-9c78-11eb-a748-70b5e89dfcsd9</p><p><b>value</b>: 449e0f70-9c78-11eb-a748-70b5e89dsfcd9</p></blockquote><p><b>Extension : Protocal Version</b>: 13.5</p><blockquote><p><b>Extension : Version Number</b></p><p><b>value</b>: 1.2.2</p><p><b>value</b>: 1.2.2</p></blockquote><blockquote><p><b>Extension : ResourceCreateUpdateAtDateTime</b></p><p><b>value</b>: 2015-02-07 01:28:17+0000</p><p><b>value</b>: 2022-01-01 10:08:10+0000</p></blockquote><blockquote><p><b>Extension : Day Zero</b></p><p><b>value</b>: Visit OID</p><p><b>value</b>: Visit ID</p><p><b>value</b>: Visit title</p><p><b>value</b>: FormId</p><p><b>value</b>: title</p><p><b>value</b>: version</p><p><b>value</b>: form-day0-date-field-id</p><p><b>value</b>: form-day0-date-field-name</p></blockquote><p><b>url</b>: <code>https://science37.github.io/FHIR-FSH-Implementation-Guide/PlanDefinition/VisitPlanMasterVisitPlanDefinitionS37Example</code></p><p><b>version</b>: 1.0.0-S37</p><p><b>name</b>: MASTER_VISIT_PLAN</p><p><b>status</b>: active</p><p><b>date</b>: 2022-05-24 04:07:29+0000</p><p><b>publisher</b>: Science37</p><p><b>jurisdiction</b>: United States of America <span style="background: LightGoldenRodYellow; margin: 4px; border: 1px solid khaki"> (unknown#US)</span></p><blockquote><p><b>action</b></p><p><b>definition</b>: <code>EXPECTED_VISIT_PLAN/e358d87d-d340-43eb-ae17-fabe787cf001</code></p></blockquote><blockquote><p><b>action</b></p><p><b>definition</b>: <code>ALTERNATIVE_VISIT_PLAN/e358d87d-d340-43eb-ae17-fabe787cf002</code></p></blockquote><blockquote><p><b>action</b></p><p><b>definition</b>: <code>UNSCHEDULED_VISIT/e358d87d-d340-43eb-ae17-fabe787cf004</code></p></blockquote><blockquote><p><b>action</b></p><p><b>definition</b>: <code>RECURRING_FORMS_LIST/f358d87d-d340-43eb-ae17-fabe787cf001</code></p></blockquote><blockquote><p><b>action</b></p><p><b>definition</b>: <code>ADHOC_FORMS_LIST/f358d87d-d340-43eb-ae17-fabe787cf001</code></p></blockquote><blockquote><p><b>action</b></p><p><b>definition</b>: <code>ONGOING_FORMS_LIST/f358d87d-d340-43eb-ae17-fabe787cf001</code></p></blockquote></div>
  </text>
  <extension url="https://science37.github.io/FHIR-FSH-Implementation-Guide/StructureDefinition/parent-reference">
    <extension url="MASTER_VISIT_PLAN">
      <valueString value="449e0f70-9c78-11eb-a748-70b5e89dfcd9"/>
    </extension>
    <extension url="EXPECTED_VISIT_PLAN">
      <valueString value="449e0f70-9c78-11eb-a748-70b5e89dfcsd9"/>
    </extension>
    <extension url="VISIT">
      <valueString value="449e0f70-9c78-11eb-a748-70b5e89dsfcd9"/>
    </extension>
  </extension>
  <extension url="https://science37.github.io/FHIR-FSH-Implementation-Guide/StructureDefinition/protocal-version">
    <valueId value="13.5"/>
  </extension>
  <extension url="https://science37.github.io/FHIR-FSH-Implementation-Guide/StructureDefinition/version-number">
    <extension url="version-number">
      <valueId value="1.2.2"/>
    </extension>
    <extension url="audit-trail-version">
      <valueId value="1.2.2"/>
    </extension>
  </extension>
  <extension url="https://science37.github.io/FHIR-FSH-Implementation-Guide/StructureDefinition/resource-create-update-at-datetime">
    <extension url="createdAt">
      <valueDateTime value="2015-02-07T13:28:17Z"/>
    </extension>
    <extension url="updatedAt">
      <valueDateTime value="2022-01-01T10:08:10Z"/>
    </extension>
  </extension>
  <extension url="https://science37.github.io/FHIR-FSH-Implementation-Guide/StructureDefinition/day-0">
    <extension url="visit-oid">
      <valueString value="Visit OID"/>
    </extension>
    <extension url="visit-id">
      <valueString value="Visit ID"/>
    </extension>
    <extension url="visit-title">
      <valueString value="Visit title"/>
    </extension>
    <extension url="form-id">
      <valueString value="FormId"/>
    </extension>
    <extension url="form-title">
      <valueString value="title"/>
    </extension>
    <extension url="form-version">
      <valueString value="version"/>
    </extension>
    <extension url="form-day0-date-field-id">
      <valueString value="form-day0-date-field-id"/>
    </extension>
    <extension url="form-day0-data-field-name">
      <valueString value="form-day0-date-field-name"/>
    </extension>
  </extension>
  <url value="https://science37.github.io/FHIR-FSH-Implementation-Guide/PlanDefinition/VisitPlanMasterVisitPlanDefinitionS37Example"/>
  <version value="1.0.0-S37"/>
  <name value="MASTER_VISIT_PLAN"/>
  <status value="active"/>
  <date value="2022-05-24T16:07:29+00:00"/>
  <publisher value="Science37"/>
  <jurisdiction>
    <coding>
      <system value="urn:iso:std:iso:3166"/>
      <code value="US"/>
      <display value="United States of America"/>
    </coding>
  </jurisdiction>
  <action>
    <definitionUri value="EXPECTED_VISIT_PLAN/e358d87d-d340-43eb-ae17-fabe787cf001"/>
  </action>
  <action>
    <definitionUri value="ALTERNATIVE_VISIT_PLAN/e358d87d-d340-43eb-ae17-fabe787cf002"/>
  </action>
  <action>
    <definitionUri value="UNSCHEDULED_VISIT/e358d87d-d340-43eb-ae17-fabe787cf004"/>
  </action>
  <action>
    <definitionUri value="RECURRING_FORMS_LIST/f358d87d-d340-43eb-ae17-fabe787cf001"/>
  </action>
  <action>
    <definitionUri value="ADHOC_FORMS_LIST/f358d87d-d340-43eb-ae17-fabe787cf001"/>
  </action>
  <action>
    <definitionUri value="ONGOING_FORMS_LIST/f358d87d-d340-43eb-ae17-fabe787cf001"/>
  </action>
</PlanDefinition>