<?xml version="1.0" encoding="UTF-8"?>

<PlanDefinition xmlns="http://hl7.org/fhir">
  <id value="PlanDefintionsExample"/>
  <meta>
    <profile value="https://science37.github.io/FHIR-FSH-Implementation-Guide/StructureDefinition/plandefinition-s37"/>
  </meta>
  <text>
    <status value="extensions"/><div xmlns="http://www.w3.org/1999/xhtml"><p><b>Generated Narrative</b></p><div style="display: inline-block; background-color: #d9e0e7; padding: 6px; margin: 4px; border: 1px solid #8da1b4; border-radius: 5px; line-height: 60%"><p style="margin-bottom: 0px">Resource "PlanDefintionsExample" </p><p style="margin-bottom: 0px">Profile: <a href="StructureDefinition-plandefinition-s37.html">PlanDefinitionS37</a></p></div><blockquote><p><b>Parent Reference</b></p><p><b>value</b>: Master</p><p><b>value</b>: Expected</p><p><b>value</b>: VISIT</p></blockquote><p><b>ProtocalVersion</b>: 13.5</p><blockquote><p><b>Version Number</b></p><p><b>value</b>: 1.2.2</p><p><b>value</b>: 1.2.2</p></blockquote><blockquote><p><b>Extension : ResourceCreateUpdateAtDateTime</b></p><p><b>value</b>: 2015-02-07 01:28:17+0000</p><p><b>value</b>: 2022-01-01 10:08:10+0000</p></blockquote><p><b>url</b>: <code>https://science37.github.io/FHIR-FSH-Implementation-Guide/PlanDefinition/PlanDefintionsExample</code></p><p><b>version</b>: 1.0.0-S37</p><p><b>status</b>: active</p><p><b>date</b>: 2022-05-20 08:57:10+0000</p><p><b>publisher</b>: Science37</p><p><b>jurisdiction</b>: United States of America <span style="background: LightGoldenRodYellow; margin: 4px; border: 1px solid khaki"> (unknown#US)</span></p></div>
  </text>
  <extension url="https://science37.github.io/FHIR-FSH-Implementation-Guide/StructureDefinition/parent-reference">
    <extension url="MASTER_VISIT_PLAN">
      <valueString value="Master"/>
    </extension>
    <extension url="EXPECTED_VISIT_PLAN">
      <valueString value="Expected"/>
    </extension>
    <extension url="VISIT">
      <valueString value="VISIT"/>
    </extension>
  </extension>
  <extension url="https://science37.github.io/FHIR-FSH-Implementation-Guide/StructureDefinition/protocal-version">
    <valueId value="13.5"/>
  </extension>
  <extension url="https://science37.github.io/FHIR-FSH-Implementation-Guide/StructureDefinition/version-number">
    <extension url="version-number">
      <valueId value="1.2.2"/>
    </extension>
    <extension url="audit-trail-version">
      <valueId value="1.2.2"/>
    </extension>
  </extension>
  <extension url="https://science37.github.io/FHIR-FSH-Implementation-Guide/StructureDefinition/resource-create-update-at-datetime">
    <extension url="createdAt">
      <valueDateTime value="2015-02-07T13:28:17Z"/>
    </extension>
    <extension url="updatedAt">
      <valueDateTime value="2022-01-01T10:08:10Z"/>
    </extension>
  </extension>
  <url value="https://science37.github.io/FHIR-FSH-Implementation-Guide/PlanDefinition/PlanDefintionsExample"/>
  <version value="1.0.0-S37"/>
  <status value="active"/>
  <date value="2022-05-20T20:57:10+00:00"/>
  <publisher value="Science37"/>
  <jurisdiction>
    <coding>
      <system value="urn:iso:std:iso:3166"/>
      <code value="US"/>
      <display value="United States of America"/>
    </coding>
  </jurisdiction>
</PlanDefinition>