<?xml version="1.0" encoding="UTF-8"?>

<PlanDefinition xmlns="http://hl7.org/fhir">
  <id value="RecurringFormListPlanDefinitionS37Example"/>
  <meta>
    <profile value="https://science37.github.io/FHIR-FSH-Implementation-Guide/StructureDefinition/plandefinition-s37"/>
  </meta>
  <text>
    <status value="extensions"/><div xmlns="http://www.w3.org/1999/xhtml"><p><b>Generated Narrative</b></p><div style="display: inline-block; background-color: #d9e0e7; padding: 6px; margin: 4px; border: 1px solid #8da1b4; border-radius: 5px; line-height: 60%"><p style="margin-bottom: 0px">Resource "RecurringFormListPlanDefinitionS37Example" </p><p style="margin-bottom: 0px">Profile: <a href="StructureDefinition-plandefinition-s37.html">Profile : PlanDefinitionS37</a></p></div><blockquote><p><b>Extension : Parent Reference</b></p><p><b>value</b>: 449e0f70-9c78-11eb-a748-70b5e89dfcd9</p></blockquote><blockquote><p><b>Extension : ResourceCreateUpdateAtDateTime</b></p><p><b>value</b>: 2015-02-07 01:28:17+0000</p><p><b>value</b>: 2022-01-01 10:08:10+0000</p></blockquote><blockquote><p><b>Extension : Version Number</b></p><p><b>value</b>: 1.2.2</p></blockquote><p><b>url</b>: <code>https://science37.github.io/FHIR-FSH-Implementation-Guide/PlanDefinition/RecurringFormListPlanDefinitionS37Example</code></p><p><b>version</b>: 1.0.0-S37</p><p><b>name</b>: RECURRING_FORMS_LIST</p><p><b>status</b>: active</p><p><b>date</b>: 2022-06-28 03:12:49+0000</p><p><b>publisher</b>: Science37</p><p><b>jurisdiction</b>: United States of America <span style="background: LightGoldenRodYellow; margin: 4px; border: 1px solid khaki"> (unknown#US)</span></p><blockquote><p><b>action</b></p><blockquote><p><b>Extension : Form Config</b></p><p><b>value</b>: 1</p><p><b>value</b>: e358d87d-d340-43eb-ae17-fabe787cq002</p><p><b>value</b>: Site Specific Form</p><p><b>value</b>: 1.0</p><p><b>value</b>: EPRO</p><p><b>value</b>: TIME_DAY</p><p><b>value</b>: true</p><blockquote><p><b>Extension : Site Config</b></p><p><b>value</b>: siteA</p><p><b>value</b>: 8112d5e4-76b0-451f-a2bf-4970b271ca61</p></blockquote><blockquote><p><b>Extension : Site Config</b></p><p><b>value</b>: siteB</p><p><b>value</b>: 8112d5e4-76b0-451f-a2bf-4970b271ca62</p></blockquote><blockquote><p><b>Extension : Time Period</b></p><p><b>value</b>: 13:00</p><p><b>value</b>: 18:00</p></blockquote></blockquote><p><b>definition</b>: <code>Questionnaire/e358d87d-d340-43eb-ae17-fabe787cq0113</code></p></blockquote><blockquote><p><b>action</b></p><blockquote><p><b>Extension : Form Config</b></p><p><b>value</b>: 1</p><p><b>value</b>: e358d87d-d340-43eb-ae17-f22e787cq002</p><p><b>value</b>: Site Specific Form1</p><p><b>value</b>: 1.0</p><p><b>value</b>: EPRO</p><p><b>value</b>: TIME_DAY</p><p><b>value</b>: true</p><blockquote><p><b>Extension : Site Config</b></p><p><b>value</b>: siteA</p><p><b>value</b>: 8112d5e4-76b0-451f-99sd-4970b271ca61</p></blockquote><blockquote><p><b>Extension : Site Config</b></p><p><b>value</b>: siteB</p><p><b>value</b>: 8112d5e4-76b0-451f-ss8s-4970b271ca62</p></blockquote><blockquote><p><b>Extension : Time Period</b></p><p><b>value</b>: 10:00</p><p><b>value</b>: 16:00</p></blockquote></blockquote><p><b>definition</b>: <code>Questionnaire/e358d87d-d340-43eb-ae17-fabe787cq2213</code></p></blockquote></div>
  </text>
  <extension url="https://science37.github.io/FHIR-FSH-Implementation-Guide/StructureDefinition/parent-reference">
    <extension url="MASTER_VISIT_PLAN">
      <valueString value="449e0f70-9c78-11eb-a748-70b5e89dfcd9"/>
    </extension>
  </extension>
  <extension url="https://science37.github.io/FHIR-FSH-Implementation-Guide/StructureDefinition/resource-create-update-at-datetime">
    <extension url="createdAt">
      <valueDateTime value="2015-02-07T13:28:17Z"/>
    </extension>
    <extension url="updatedAt">
      <valueDateTime value="2022-01-01T10:08:10Z"/>
    </extension>
  </extension>
  <extension url="https://science37.github.io/FHIR-FSH-Implementation-Guide/StructureDefinition/version-number">
    <extension url="audit-trail-version">
      <valueId value="1.2.2"/>
    </extension>
  </extension>
  <url value="https://science37.github.io/FHIR-FSH-Implementation-Guide/PlanDefinition/RecurringFormListPlanDefinitionS37Example"/>
  <version value="1.0.0-S37"/>
  <name value="RECURRING_FORMS_LIST"/>
  <status value="active"/>
  <date value="2022-06-28T15:12:49+00:00"/>
  <publisher value="Science37"/>
  <jurisdiction>
    <coding>
      <system value="urn:iso:std:iso:3166"/>
      <code value="US"/>
      <display value="United States of America"/>
    </coding>
  </jurisdiction>
  <action>
    <extension url="https://science37.github.io/FHIR-FSH-Implementation-Guide/StructureDefinition/form-config">
      <extension url="display-order">
        <valueInteger value="1"/>
      </extension>
      <extension url="form-id">
        <valueString value="e358d87d-d340-43eb-ae17-fabe787cq002"/>
      </extension>
      <extension url="form-title">
        <valueString value="Site Specific Form"/>
      </extension>
      <extension url="form-version">
        <valueString value="1.0"/>
      </extension>
      <extension url="form-type">
        <valueString value="EPRO"/>
      </extension>
      <extension url="experation">
        <valueString value="TIME_DAY"/>
      </extension>
      <extension url="allow-multilple-submit">
        <valueBoolean value="true"/>
      </extension>
      <extension url="site-list">
        <extension url="https://science37.github.io/FHIR-FSH-Implementation-Guide/StructureDefinition/site-config">
          <extension url="site-name">
            <valueString value="siteA"/>
          </extension>
          <extension url="site-id">
            <valueString value="8112d5e4-76b0-451f-a2bf-4970b271ca61"/>
          </extension>
        </extension>
        <extension url="https://science37.github.io/FHIR-FSH-Implementation-Guide/StructureDefinition/site-config">
          <extension url="site-name">
            <valueString value="siteB"/>
          </extension>
          <extension url="site-id">
            <valueString value="8112d5e4-76b0-451f-a2bf-4970b271ca62"/>
          </extension>
        </extension>
      </extension>
      <extension url="time-of-day-type">
        <extension url="https://science37.github.io/FHIR-FSH-Implementation-Guide/StructureDefinition/time-period">
          <extension url="military-start-time">
            <valueString value="13:00"/>
          </extension>
          <extension url="military-end-time">
            <valueString value="18:00"/>
          </extension>
        </extension>
      </extension>
      <extension url="freqency">
        <extension url="weekly-on-day">
          <valueString value="TUE,THU,SAT"/>
        </extension>
        <extension url="trigger">
          <valueString value="CONDITION"/>
        </extension>
        <extension url="start-time">
          <valueTime value="18:00:00"/>
        </extension>
        <extension url="end-time">
          <valueTime value="21:00:00"/>
        </extension>
        <extension url="max-occurence">
          <valuePositiveInt value="5"/>
        </extension>
        <extension url="max-occurence-unit">
          <valueString value="d"/>
        </extension>
        <extension url="delay">
          <valueInteger value="0"/>
        </extension>
        <extension url="delay-unit">
          <valueString value="d"/>
        </extension>
      </extension>
      <extension url="conditional-reference-list">
        <extension url="conditional-logic-id">
          <valueString value="4297fd21-2140-4a2c-820d-ee567b2ad6c9"/>
        </extension>
        <extension url="conditional-logic-id">
          <valueString value="14b3570b-6634-4448-a6df-02eb8a0a43e3"/>
        </extension>
      </extension>
    </extension>
    <definitionUri value="Questionnaire/e358d87d-d340-43eb-ae17-fabe787cq0113"/>
  </action>
  <action>
    <extension url="https://science37.github.io/FHIR-FSH-Implementation-Guide/StructureDefinition/form-config">
      <extension url="display-order">
        <valueInteger value="1"/>
      </extension>
      <extension url="form-id">
        <valueString value="e358d87d-d340-43eb-ae17-f22e787cq002"/>
      </extension>
      <extension url="form-title">
        <valueString value="Site Specific Form1"/>
      </extension>
      <extension url="form-version">
        <valueString value="1.0"/>
      </extension>
      <extension url="form-type">
        <valueString value="EPRO"/>
      </extension>
      <extension url="experation">
        <valueString value="TIME_DAY"/>
      </extension>
      <extension url="allow-multilple-submit">
        <valueBoolean value="true"/>
      </extension>
      <extension url="site-list">
        <extension url="https://science37.github.io/FHIR-FSH-Implementation-Guide/StructureDefinition/site-config">
          <extension url="site-name">
            <valueString value="siteA"/>
          </extension>
          <extension url="site-id">
            <valueString value="8112d5e4-76b0-451f-99sd-4970b271ca61"/>
          </extension>
        </extension>
        <extension url="https://science37.github.io/FHIR-FSH-Implementation-Guide/StructureDefinition/site-config">
          <extension url="site-name">
            <valueString value="siteB"/>
          </extension>
          <extension url="site-id">
            <valueString value="8112d5e4-76b0-451f-ss8s-4970b271ca62"/>
          </extension>
        </extension>
      </extension>
      <extension url="time-of-day-type">
        <extension url="https://science37.github.io/FHIR-FSH-Implementation-Guide/StructureDefinition/time-period">
          <extension url="military-start-time">
            <valueString value="10:00"/>
          </extension>
          <extension url="military-end-time">
            <valueString value="16:00"/>
          </extension>
        </extension>
      </extension>
      <extension url="freqency">
        <extension url="weekly-on-day">
          <valueString value="TUE,THU,SAT"/>
        </extension>
        <extension url="trigger">
          <valueString value="CONDITION"/>
        </extension>
        <extension url="start-time">
          <valueTime value="12:00:00"/>
        </extension>
        <extension url="end-time">
          <valueTime value="20:00:00"/>
        </extension>
        <extension url="max-occurence">
          <valuePositiveInt value="2"/>
        </extension>
        <extension url="max-occurence-unit">
          <valueString value="d"/>
        </extension>
        <extension url="delay">
          <valueInteger value="1"/>
        </extension>
        <extension url="delay-unit">
          <valueString value="d"/>
        </extension>
      </extension>
      <extension url="conditional-reference-list">
        <extension url="conditional-logic-id">
          <valueString value="4297fd21-2140-4a2c-820d-ee567b2ad6c9"/>
        </extension>
        <extension url="conditional-logic-id">
          <valueString value="14b3570b-6634-4448-a6df-02eb8a0a43e3"/>
        </extension>
      </extension>
    </extension>
    <definitionUri value="Questionnaire/e358d87d-d340-43eb-ae17-fabe787cq2213"/>
  </action>
</PlanDefinition>