<?xml version="1.0" encoding="UTF-8"?>

<Questionnaire xmlns="http://hl7.org/fhir">
  <id value="Questionnaire-Item-Extension-Example-DateTimeV2"/>
  <meta>
    <profile value="https://science37.github.io/FHIR-FSH-Implementation-Guide/StructureDefinition/questionnaire-s37"/>
  </meta>
  <text>
    <status value="generated"/><div xmlns="http://www.w3.org/1999/xhtml"><table border="1" cellpadding="0" cellspacing="0" style="border: 1px #F0F0F0 solid; font-size: 11px; font-family: verdana; vertical-align: top;"><tr style="border: 2px #F0F0F0 solid; font-size: 11px; font-family: verdana; vertical-align: top"><th style="vertical-align: top; text-align : left; background-color: white; border: 1px #F0F0F0 solid; padding:0px 4px 0px 4px" class="hierarchy"><a href="http://hl7.org/fhir/R4/formats.html#table" title="The linkId for the item">LinkId</a></th><th style="vertical-align: top; text-align : left; background-color: white; border: 1px #F0F0F0 solid; padding:0px 4px 0px 4px" class="hierarchy"><a href="http://hl7.org/fhir/R4/formats.html#table" title="Text for the item">Text</a></th><th style="vertical-align: top; text-align : left; background-color: white; border: 1px #F0F0F0 solid; padding:0px 4px 0px 4px" class="hierarchy"><a href="http://hl7.org/fhir/R4/formats.html#table" title="Minimum and Maximum # of times the the itemcan appear in the instance">Cardinality</a></th><th style="vertical-align: top; text-align : left; background-color: white; border: 1px #F0F0F0 solid; padding:0px 4px 0px 4px" class="hierarchy"><a href="http://hl7.org/fhir/R4/formats.html#table" title="The type of the item">Type</a></th><th style="vertical-align: top; text-align : left; background-color: white; border: 1px #F0F0F0 solid; padding:0px 4px 0px 4px" class="hierarchy"><a href="http://hl7.org/fhir/R4/formats.html#table" title="Additional information about the item">Description &amp; Constraints</a><span style="float: right"><a href="http://hl7.org/fhir/R4/formats.html#table" title="Legend for this format"><img src="http://hl7.org/fhir/R4/help16.png" alt="doco" style="background-color: inherit"/></a></span></th></tr><tr style="border: 1px #F0F0F0 solid; padding:0px; vertical-align: top; background-color: white"><td style="vertical-align: top; text-align : left; background-color: white; border: 1px #F0F0F0 solid; padding:0px 4px 0px 4px; white-space: nowrap; background-image: url(tbl_bck1.png)" class="hierarchy"><img src="tbl_spacer.png" alt="." style="background-color: inherit" class="hierarchy"/><img src="icon_q_root.gif" alt="." style="background-color: white; background-color: inherit" title="QuestionnaireRoot" class="hierarchy"/> Example : Questionnaire.Item DateTime V2</td><td style="vertical-align: top; text-align : left; background-color: white; border: 1px #F0F0F0 solid; padding:0px 4px 0px 4px" class="hierarchy"/><td style="vertical-align: top; text-align : left; background-color: white; border: 1px #F0F0F0 solid; padding:0px 4px 0px 4px" class="hierarchy"></td><td style="vertical-align: top; text-align : left; background-color: white; border: 1px #F0F0F0 solid; padding:0px 4px 0px 4px" class="hierarchy">Questionnaire</td><td style="vertical-align: top; text-align : left; background-color: white; border: 1px #F0F0F0 solid; padding:0px 4px 0px 4px" class="hierarchy">https://science37.github.io/FHIR-FSH-Implementation-Guide/Questionnaire/Questionnaire-Item-Extension-Example-DateTimeV2#1.0.0-S37</td></tr>
<tr style="border: 1px #F0F0F0 solid; padding:0px; vertical-align: top; background-color: #F7F7F7"><td style="vertical-align: top; text-align : left; background-color: #F7F7F7; border: 1px #F0F0F0 solid; padding:0px 4px 0px 4px; white-space: nowrap; background-image: url(tbl_bck01.png)" id="item.__S37-form-fields-qo3cyvy8fgh" class="hierarchy"><img src="tbl_spacer.png" alt="." style="background-color: inherit" class="hierarchy"/><img src="tbl_vjoin_end.png" alt="." style="background-color: inherit" class="hierarchy"/><img src="icon-q-datetime.png" alt="." style="background-color: #F7F7F7; background-color: inherit" title="Date Time" class="hierarchy"/> __S37-form-fields-qo3cyvy8fgh</td><td style="vertical-align: top; text-align : left; background-color: #F7F7F7; border: 1px #F0F0F0 solid; padding:0px 4px 0px 4px" class="hierarchy">null</td><td style="vertical-align: top; text-align : left; background-color: #F7F7F7; border: 1px #F0F0F0 solid; padding:0px 4px 0px 4px" class="hierarchy">0..1</td><td style="vertical-align: top; text-align : left; background-color: #F7F7F7; border: 1px #F0F0F0 solid; padding:0px 4px 0px 4px" class="hierarchy"><a href="http://hl7.org/fhir/R4/codesystem-item-type.html#item-type-dateTime">dateTime</a></td><td style="vertical-align: top; text-align : left; background-color: #F7F7F7; border: 1px #F0F0F0 solid; padding:0px 4px 0px 4px" class="hierarchy">Definition: https://science37.com/NG/widget/id/datetime/version/2.3</td></tr>
<tr style="border: 1px #F0F0F0 solid; padding:0px; vertical-align: top; background-color: white"><td style="vertical-align: top; text-align : left; background-color: white; border: 1px #F0F0F0 solid; padding:0px 4px 0px 4px; white-space: nowrap; background-image: url(tbl_bck010.png)" id="item.1234" class="hierarchy"><img src="tbl_spacer.png" alt="." style="background-color: inherit" class="hierarchy"/><img src="tbl_blank.png" alt="." style="background-color: inherit" class="hierarchy"/><img src="tbl_vjoin.png" alt="." style="background-color: inherit" class="hierarchy"/><img src="icon-q-display.png" alt="." style="background-color: white; background-color: inherit" title="Display" class="hierarchy"/> 1234</td><td style="vertical-align: top; text-align : left; background-color: white; border: 1px #F0F0F0 solid; padding:0px 4px 0px 4px" class="hierarchy">settings</td><td style="vertical-align: top; text-align : left; background-color: white; border: 1px #F0F0F0 solid; padding:0px 4px 0px 4px" class="hierarchy">0..1</td><td style="vertical-align: top; text-align : left; background-color: white; border: 1px #F0F0F0 solid; padding:0px 4px 0px 4px" class="hierarchy"><a href="http://hl7.org/fhir/R4/codesystem-item-type.html#item-type-display">display</a></td><td style="vertical-align: top; text-align : left; background-color: white; border: 1px #F0F0F0 solid; padding:0px 4px 0px 4px" class="hierarchy">Max Length: 256</td></tr>
<tr style="border: 1px #F0F0F0 solid; padding:0px; vertical-align: top; background-color: #F7F7F7"><td style="vertical-align: top; text-align : left; background-color: #F7F7F7; border: 1px #F0F0F0 solid; padding:0px 4px 0px 4px; white-space: nowrap; background-image: url(tbl_bck010.png)" id="item.12345" class="hierarchy"><img src="tbl_spacer.png" alt="." style="background-color: inherit" class="hierarchy"/><img src="tbl_blank.png" alt="." style="background-color: inherit" class="hierarchy"/><img src="tbl_vjoin.png" alt="." style="background-color: inherit" class="hierarchy"/><img src="icon-q-display.png" alt="." style="background-color: #F7F7F7; background-color: inherit" title="Display" class="hierarchy"/> 12345</td><td style="vertical-align: top; text-align : left; background-color: #F7F7F7; border: 1px #F0F0F0 solid; padding:0px 4px 0px 4px" class="hierarchy">settings</td><td style="vertical-align: top; text-align : left; background-color: #F7F7F7; border: 1px #F0F0F0 solid; padding:0px 4px 0px 4px" class="hierarchy">1..1</td><td style="vertical-align: top; text-align : left; background-color: #F7F7F7; border: 1px #F0F0F0 solid; padding:0px 4px 0px 4px" class="hierarchy"><a href="http://hl7.org/fhir/R4/codesystem-item-type.html#item-type-display">display</a></td><td style="vertical-align: top; text-align : left; background-color: #F7F7F7; border: 1px #F0F0F0 solid; padding:0px 4px 0px 4px" class="hierarchy"/></tr>
<tr style="border: 1px #F0F0F0 solid; padding:0px; vertical-align: top; background-color: white"><td style="vertical-align: top; text-align : left; background-color: white; border: 1px #F0F0F0 solid; padding:0px 4px 0px 4px; white-space: nowrap; background-image: url(tbl_bck010.png)" id="item.12346" class="hierarchy"><img src="tbl_spacer.png" alt="." style="background-color: inherit" class="hierarchy"/><img src="tbl_blank.png" alt="." style="background-color: inherit" class="hierarchy"/><img src="tbl_vjoin.png" alt="." style="background-color: inherit" class="hierarchy"/><img src="icon-q-display.png" alt="." style="background-color: white; background-color: inherit" title="Display" class="hierarchy"/> 12346</td><td style="vertical-align: top; text-align : left; background-color: white; border: 1px #F0F0F0 solid; padding:0px 4px 0px 4px" class="hierarchy">settings</td><td style="vertical-align: top; text-align : left; background-color: white; border: 1px #F0F0F0 solid; padding:0px 4px 0px 4px" class="hierarchy">1..1</td><td style="vertical-align: top; text-align : left; background-color: white; border: 1px #F0F0F0 solid; padding:0px 4px 0px 4px" class="hierarchy"><a href="http://hl7.org/fhir/R4/codesystem-item-type.html#item-type-display">display</a></td><td style="vertical-align: top; text-align : left; background-color: white; border: 1px #F0F0F0 solid; padding:0px 4px 0px 4px" class="hierarchy">Max Length: 100</td></tr>
<tr style="border: 1px #F0F0F0 solid; padding:0px; vertical-align: top; background-color: #F7F7F7"><td style="vertical-align: top; text-align : left; background-color: #F7F7F7; border: 1px #F0F0F0 solid; padding:0px 4px 0px 4px; white-space: nowrap; background-image: url(tbl_bck010.png)" id="item.12347" class="hierarchy"><img src="tbl_spacer.png" alt="." style="background-color: inherit" class="hierarchy"/><img src="tbl_blank.png" alt="." style="background-color: inherit" class="hierarchy"/><img src="tbl_vjoin.png" alt="." style="background-color: inherit" class="hierarchy"/><img src="icon-q-display.png" alt="." style="background-color: #F7F7F7; background-color: inherit" title="Display" class="hierarchy"/> 12347</td><td style="vertical-align: top; text-align : left; background-color: #F7F7F7; border: 1px #F0F0F0 solid; padding:0px 4px 0px 4px" class="hierarchy">settings</td><td style="vertical-align: top; text-align : left; background-color: #F7F7F7; border: 1px #F0F0F0 solid; padding:0px 4px 0px 4px" class="hierarchy">0..1</td><td style="vertical-align: top; text-align : left; background-color: #F7F7F7; border: 1px #F0F0F0 solid; padding:0px 4px 0px 4px" class="hierarchy"><a href="http://hl7.org/fhir/R4/codesystem-item-type.html#item-type-display">display</a></td><td style="vertical-align: top; text-align : left; background-color: #F7F7F7; border: 1px #F0F0F0 solid; padding:0px 4px 0px 4px" class="hierarchy">Max Length: 2000</td></tr>
<tr style="border: 1px #F0F0F0 solid; padding:0px; vertical-align: top; background-color: white"><td style="vertical-align: top; text-align : left; background-color: white; border: 1px #F0F0F0 solid; padding:0px 4px 0px 4px; white-space: nowrap; background-image: url(tbl_bck010.png)" id="item.12348" class="hierarchy"><img src="tbl_spacer.png" alt="." style="background-color: inherit" class="hierarchy"/><img src="tbl_blank.png" alt="." style="background-color: inherit" class="hierarchy"/><img src="tbl_vjoin.png" alt="." style="background-color: inherit" class="hierarchy"/><img src="icon-q-display.png" alt="." style="background-color: white; background-color: inherit" title="Display" class="hierarchy"/> 12348</td><td style="vertical-align: top; text-align : left; background-color: white; border: 1px #F0F0F0 solid; padding:0px 4px 0px 4px" class="hierarchy">settings</td><td style="vertical-align: top; text-align : left; background-color: white; border: 1px #F0F0F0 solid; padding:0px 4px 0px 4px" class="hierarchy">0..1</td><td style="vertical-align: top; text-align : left; background-color: white; border: 1px #F0F0F0 solid; padding:0px 4px 0px 4px" class="hierarchy"><a href="http://hl7.org/fhir/R4/codesystem-item-type.html#item-type-display">display</a></td><td style="vertical-align: top; text-align : left; background-color: white; border: 1px #F0F0F0 solid; padding:0px 4px 0px 4px" class="hierarchy">Max Length: 256</td></tr>
<tr style="border: 1px #F0F0F0 solid; padding:0px; vertical-align: top; background-color: #F7F7F7"><td style="vertical-align: top; text-align : left; background-color: #F7F7F7; border: 1px #F0F0F0 solid; padding:0px 4px 0px 4px; white-space: nowrap; background-image: url(tbl_bck010.png)" id="item.12349" class="hierarchy"><img src="tbl_spacer.png" alt="." style="background-color: inherit" class="hierarchy"/><img src="tbl_blank.png" alt="." style="background-color: inherit" class="hierarchy"/><img src="tbl_vjoin.png" alt="." style="background-color: inherit" class="hierarchy"/><img src="icon-q-display.png" alt="." style="background-color: #F7F7F7; background-color: inherit" title="Display" class="hierarchy"/> 12349</td><td style="vertical-align: top; text-align : left; background-color: #F7F7F7; border: 1px #F0F0F0 solid; padding:0px 4px 0px 4px" class="hierarchy">settings</td><td style="vertical-align: top; text-align : left; background-color: #F7F7F7; border: 1px #F0F0F0 solid; padding:0px 4px 0px 4px" class="hierarchy">0..1</td><td style="vertical-align: top; text-align : left; background-color: #F7F7F7; border: 1px #F0F0F0 solid; padding:0px 4px 0px 4px" class="hierarchy"><a href="http://hl7.org/fhir/R4/codesystem-item-type.html#item-type-display">display</a></td><td style="vertical-align: top; text-align : left; background-color: #F7F7F7; border: 1px #F0F0F0 solid; padding:0px 4px 0px 4px" class="hierarchy">Max Length: 256</td></tr>
<tr style="border: 1px #F0F0F0 solid; padding:0px; vertical-align: top; background-color: white"><td style="vertical-align: top; text-align : left; background-color: white; border: 1px #F0F0F0 solid; padding:0px 4px 0px 4px; white-space: nowrap; background-image: url(tbl_bck010.png)" id="item.123410" class="hierarchy"><img src="tbl_spacer.png" alt="." style="background-color: inherit" class="hierarchy"/><img src="tbl_blank.png" alt="." style="background-color: inherit" class="hierarchy"/><img src="tbl_vjoin.png" alt="." style="background-color: inherit" class="hierarchy"/><img src="icon-q-display.png" alt="." style="background-color: white; background-color: inherit" title="Display" class="hierarchy"/> 123410</td><td style="vertical-align: top; text-align : left; background-color: white; border: 1px #F0F0F0 solid; padding:0px 4px 0px 4px" class="hierarchy">settings</td><td style="vertical-align: top; text-align : left; background-color: white; border: 1px #F0F0F0 solid; padding:0px 4px 0px 4px" class="hierarchy">1..1</td><td style="vertical-align: top; text-align : left; background-color: white; border: 1px #F0F0F0 solid; padding:0px 4px 0px 4px" class="hierarchy"><a href="http://hl7.org/fhir/R4/codesystem-item-type.html#item-type-display">display</a></td><td style="vertical-align: top; text-align : left; background-color: white; border: 1px #F0F0F0 solid; padding:0px 4px 0px 4px" class="hierarchy"/></tr>
<tr style="border: 1px #F0F0F0 solid; padding:0px; vertical-align: top; background-color: #F7F7F7"><td style="vertical-align: top; text-align : left; background-color: #F7F7F7; border: 1px #F0F0F0 solid; padding:0px 4px 0px 4px; white-space: nowrap; background-image: url(tbl_bck010.png)" id="item.123411" class="hierarchy"><img src="tbl_spacer.png" alt="." style="background-color: inherit" class="hierarchy"/><img src="tbl_blank.png" alt="." style="background-color: inherit" class="hierarchy"/><img src="tbl_vjoin.png" alt="." style="background-color: inherit" class="hierarchy"/><img src="icon-q-display.png" alt="." style="background-color: #F7F7F7; background-color: inherit" title="Display" class="hierarchy"/> 123411</td><td style="vertical-align: top; text-align : left; background-color: #F7F7F7; border: 1px #F0F0F0 solid; padding:0px 4px 0px 4px" class="hierarchy">settings</td><td style="vertical-align: top; text-align : left; background-color: #F7F7F7; border: 1px #F0F0F0 solid; padding:0px 4px 0px 4px" class="hierarchy">0..1</td><td style="vertical-align: top; text-align : left; background-color: #F7F7F7; border: 1px #F0F0F0 solid; padding:0px 4px 0px 4px" class="hierarchy"><a href="http://hl7.org/fhir/R4/codesystem-item-type.html#item-type-display">display</a></td><td style="vertical-align: top; text-align : left; background-color: #F7F7F7; border: 1px #F0F0F0 solid; padding:0px 4px 0px 4px" class="hierarchy"/></tr>
<tr style="border: 1px #F0F0F0 solid; padding:0px; vertical-align: top; background-color: white"><td style="vertical-align: top; text-align : left; background-color: white; border: 1px #F0F0F0 solid; padding:0px 4px 0px 4px; white-space: nowrap; background-image: url(tbl_bck010.png)" id="item.123412" class="hierarchy"><img src="tbl_spacer.png" alt="." style="background-color: inherit" class="hierarchy"/><img src="tbl_blank.png" alt="." style="background-color: inherit" class="hierarchy"/><img src="tbl_vjoin.png" alt="." style="background-color: inherit" class="hierarchy"/><img src="icon-q-display.png" alt="." style="background-color: white; background-color: inherit" title="Display" class="hierarchy"/> 123412</td><td style="vertical-align: top; text-align : left; background-color: white; border: 1px #F0F0F0 solid; padding:0px 4px 0px 4px" class="hierarchy">settings</td><td style="vertical-align: top; text-align : left; background-color: white; border: 1px #F0F0F0 solid; padding:0px 4px 0px 4px" class="hierarchy">0..1</td><td style="vertical-align: top; text-align : left; background-color: white; border: 1px #F0F0F0 solid; padding:0px 4px 0px 4px" class="hierarchy"><a href="http://hl7.org/fhir/R4/codesystem-item-type.html#item-type-display">display</a></td><td style="vertical-align: top; text-align : left; background-color: white; border: 1px #F0F0F0 solid; padding:0px 4px 0px 4px" class="hierarchy">Max Length: 256</td></tr>
<tr style="border: 1px #F0F0F0 solid; padding:0px; vertical-align: top; background-color: #F7F7F7"><td style="vertical-align: top; text-align : left; background-color: #F7F7F7; border: 1px #F0F0F0 solid; padding:0px 4px 0px 4px; white-space: nowrap; background-image: url(tbl_bck010.png)" id="item.123413" class="hierarchy"><img src="tbl_spacer.png" alt="." style="background-color: inherit" class="hierarchy"/><img src="tbl_blank.png" alt="." style="background-color: inherit" class="hierarchy"/><img src="tbl_vjoin.png" alt="." style="background-color: inherit" class="hierarchy"/><img src="icon-q-display.png" alt="." style="background-color: #F7F7F7; background-color: inherit" title="Display" class="hierarchy"/> 123413</td><td style="vertical-align: top; text-align : left; background-color: #F7F7F7; border: 1px #F0F0F0 solid; padding:0px 4px 0px 4px" class="hierarchy">settings</td><td style="vertical-align: top; text-align : left; background-color: #F7F7F7; border: 1px #F0F0F0 solid; padding:0px 4px 0px 4px" class="hierarchy">0..1</td><td style="vertical-align: top; text-align : left; background-color: #F7F7F7; border: 1px #F0F0F0 solid; padding:0px 4px 0px 4px" class="hierarchy"><a href="http://hl7.org/fhir/R4/codesystem-item-type.html#item-type-display">display</a></td><td style="vertical-align: top; text-align : left; background-color: #F7F7F7; border: 1px #F0F0F0 solid; padding:0px 4px 0px 4px" class="hierarchy"/></tr>
<tr style="border: 1px #F0F0F0 solid; padding:0px; vertical-align: top; background-color: white"><td style="vertical-align: top; text-align : left; background-color: white; border: 1px #F0F0F0 solid; padding:0px 4px 0px 4px; white-space: nowrap; background-image: url(tbl_bck010.png)" id="item.123414" class="hierarchy"><img src="tbl_spacer.png" alt="." style="background-color: inherit" class="hierarchy"/><img src="tbl_blank.png" alt="." style="background-color: inherit" class="hierarchy"/><img src="tbl_vjoin.png" alt="." style="background-color: inherit" class="hierarchy"/><img src="icon-q-display.png" alt="." style="background-color: white; background-color: inherit" title="Display" class="hierarchy"/> 123414</td><td style="vertical-align: top; text-align : left; background-color: white; border: 1px #F0F0F0 solid; padding:0px 4px 0px 4px" class="hierarchy">settings</td><td style="vertical-align: top; text-align : left; background-color: white; border: 1px #F0F0F0 solid; padding:0px 4px 0px 4px" class="hierarchy">0..1</td><td style="vertical-align: top; text-align : left; background-color: white; border: 1px #F0F0F0 solid; padding:0px 4px 0px 4px" class="hierarchy"><a href="http://hl7.org/fhir/R4/codesystem-item-type.html#item-type-display">display</a></td><td style="vertical-align: top; text-align : left; background-color: white; border: 1px #F0F0F0 solid; padding:0px 4px 0px 4px" class="hierarchy"/></tr>
<tr style="border: 1px #F0F0F0 solid; padding:0px; vertical-align: top; background-color: #F7F7F7"><td style="vertical-align: top; text-align : left; background-color: #F7F7F7; border: 1px #F0F0F0 solid; padding:0px 4px 0px 4px; white-space: nowrap; background-image: url(tbl_bck010.png)" id="item.123415" class="hierarchy"><img src="tbl_spacer.png" alt="." style="background-color: inherit" class="hierarchy"/><img src="tbl_blank.png" alt="." style="background-color: inherit" class="hierarchy"/><img src="tbl_vjoin.png" alt="." style="background-color: inherit" class="hierarchy"/><img src="icon-q-display.png" alt="." style="background-color: #F7F7F7; background-color: inherit" title="Display" class="hierarchy"/> 123415</td><td style="vertical-align: top; text-align : left; background-color: #F7F7F7; border: 1px #F0F0F0 solid; padding:0px 4px 0px 4px" class="hierarchy">settings</td><td style="vertical-align: top; text-align : left; background-color: #F7F7F7; border: 1px #F0F0F0 solid; padding:0px 4px 0px 4px" class="hierarchy">0..1</td><td style="vertical-align: top; text-align : left; background-color: #F7F7F7; border: 1px #F0F0F0 solid; padding:0px 4px 0px 4px" class="hierarchy"><a href="http://hl7.org/fhir/R4/codesystem-item-type.html#item-type-display">display</a></td><td style="vertical-align: top; text-align : left; background-color: #F7F7F7; border: 1px #F0F0F0 solid; padding:0px 4px 0px 4px" class="hierarchy"/></tr>
<tr style="border: 1px #F0F0F0 solid; padding:0px; vertical-align: top; background-color: white"><td style="vertical-align: top; text-align : left; background-color: white; border: 1px #F0F0F0 solid; padding:0px 4px 0px 4px; white-space: nowrap; background-image: url(tbl_bck010.png)" id="item.123416" class="hierarchy"><img src="tbl_spacer.png" alt="." style="background-color: inherit" class="hierarchy"/><img src="tbl_blank.png" alt="." style="background-color: inherit" class="hierarchy"/><img src="tbl_vjoin.png" alt="." style="background-color: inherit" class="hierarchy"/><img src="icon-q-display.png" alt="." style="background-color: white; background-color: inherit" title="Display" class="hierarchy"/> 123416</td><td style="vertical-align: top; text-align : left; background-color: white; border: 1px #F0F0F0 solid; padding:0px 4px 0px 4px" class="hierarchy">settings</td><td style="vertical-align: top; text-align : left; background-color: white; border: 1px #F0F0F0 solid; padding:0px 4px 0px 4px" class="hierarchy">0..1</td><td style="vertical-align: top; text-align : left; background-color: white; border: 1px #F0F0F0 solid; padding:0px 4px 0px 4px" class="hierarchy"><a href="http://hl7.org/fhir/R4/codesystem-item-type.html#item-type-display">display</a></td><td style="vertical-align: top; text-align : left; background-color: white; border: 1px #F0F0F0 solid; padding:0px 4px 0px 4px" class="hierarchy"/></tr>
<tr style="border: 1px #F0F0F0 solid; padding:0px; vertical-align: top; background-color: #F7F7F7"><td style="vertical-align: top; text-align : left; background-color: #F7F7F7; border: 1px #F0F0F0 solid; padding:0px 4px 0px 4px; white-space: nowrap; background-image: url(tbl_bck010.png)" id="item.123417" class="hierarchy"><img src="tbl_spacer.png" alt="." style="background-color: inherit" class="hierarchy"/><img src="tbl_blank.png" alt="." style="background-color: inherit" class="hierarchy"/><img src="tbl_vjoin.png" alt="." style="background-color: inherit" class="hierarchy"/><img src="icon-q-display.png" alt="." style="background-color: #F7F7F7; background-color: inherit" title="Display" class="hierarchy"/> 123417</td><td style="vertical-align: top; text-align : left; background-color: #F7F7F7; border: 1px #F0F0F0 solid; padding:0px 4px 0px 4px" class="hierarchy">settings</td><td style="vertical-align: top; text-align : left; background-color: #F7F7F7; border: 1px #F0F0F0 solid; padding:0px 4px 0px 4px" class="hierarchy">0..1</td><td style="vertical-align: top; text-align : left; background-color: #F7F7F7; border: 1px #F0F0F0 solid; padding:0px 4px 0px 4px" class="hierarchy"><a href="http://hl7.org/fhir/R4/codesystem-item-type.html#item-type-display">display</a></td><td style="vertical-align: top; text-align : left; background-color: #F7F7F7; border: 1px #F0F0F0 solid; padding:0px 4px 0px 4px" class="hierarchy"/></tr>
<tr style="border: 1px #F0F0F0 solid; padding:0px; vertical-align: top; background-color: white"><td style="vertical-align: top; text-align : left; background-color: white; border: 1px #F0F0F0 solid; padding:0px 4px 0px 4px; white-space: nowrap; background-image: url(tbl_bck000.png)" id="item.123418" class="hierarchy"><img src="tbl_spacer.png" alt="." style="background-color: inherit" class="hierarchy"/><img src="tbl_blank.png" alt="." style="background-color: inherit" class="hierarchy"/><img src="tbl_vjoin_end.png" alt="." style="background-color: inherit" class="hierarchy"/><img src="icon-q-display.png" alt="." style="background-color: white; background-color: inherit" title="Display" class="hierarchy"/> 123418</td><td style="vertical-align: top; text-align : left; background-color: white; border: 1px #F0F0F0 solid; padding:0px 4px 0px 4px" class="hierarchy">settings</td><td style="vertical-align: top; text-align : left; background-color: white; border: 1px #F0F0F0 solid; padding:0px 4px 0px 4px" class="hierarchy">0..1</td><td style="vertical-align: top; text-align : left; background-color: white; border: 1px #F0F0F0 solid; padding:0px 4px 0px 4px" class="hierarchy"><a href="http://hl7.org/fhir/R4/codesystem-item-type.html#item-type-display">display</a></td><td style="vertical-align: top; text-align : left; background-color: white; border: 1px #F0F0F0 solid; padding:0px 4px 0px 4px" class="hierarchy"/></tr>
<tr><td colspan="5" class="hierarchy"><br/><a href="http://hl7.org/fhir/R4/formats.html#table" title="Legend for this format"><img src="http://hl7.org/fhir/R4/help16.png" alt="doco" style="background-color: inherit"/> Documentation for this format</a></td></tr></table></div>
  </text>
  <url value="https://science37.github.io/FHIR-FSH-Implementation-Guide/Questionnaire/Questionnaire-Item-Extension-Example-DateTimeV2"/>
  <identifier>
    <value value="Form ID1234"/>
  </identifier>
  <version value="1.0.0-S37"/>
  <name value="Example : Questionnaire.Item DateTime V2"/>
  <title value="Example : Questionnaire.Item DateTime V2"/>
  <status value="draft"/>
  <subjectType value="Patient"/>
  <date value="2022-04-26T15:55:35+00:00"/>
  <publisher value="Science37"/>
  <jurisdiction>
    <coding>
      <system value="urn:iso:std:iso:3166"/>
      <code value="US"/>
      <display value="United States of America"/>
    </coding>
  </jurisdiction>
  <item>
    <extension url="http://hl7.org/fhir/StructureDefinition/questionnaire-hidden">
      <valueBoolean value="false"/>
    </extension>
    <extension url="https://science37.github.io/FHIR-FSH-Implementation-Guide/StructureDefinition/observation-extract">
      <valueBoolean value="true"/>
    </extension>
    <extension url="https://science37.github.io/FHIR-FSH-Implementation-Guide/StructureDefinition/datetime-item">
      <extension url="version">
        <valueId value="1.0.1-dateTime"/>
      </extension>
    </extension>
    <linkId value="__S37-form-fields-qo3cyvy8fgh"/>
    <definition value="https://science37.com/NG/widget/id/datetime/version/2.3"/>
    <type value="dateTime"/>
    <item>
      <extension url="https://science37.github.io/FHIR-FSH-Implementation-Guide/StructureDefinition/item-rendering-settings">
        <extension url="id">
          <valueString value="sponsorVariable"/>
        </extension>
        <extension url="label">
          <valueString value="Field OID"/>
        </extension>
        <extension url="value">
          <valueString value="DS_CONSENT_SIG_FIELD_OID"/>
        </extension>
        <extension url="type">
          <valueString value="text"/>
        </extension>
        <extension url="hidden">
          <valueBoolean value="false"/>
        </extension>
        <extension url="description">
          <valueString value="Max of 256 characters"/>
        </extension>
        <extension url="pattern">
          <valueString value="^(?!.* ).*$"/>
        </extension>
        <extension url="unique">
          <valueBoolean value="true"/>
        </extension>
        <extension url="disabled">
          <valueBoolean value="false"/>
        </extension>
      </extension>
      <linkId value="1234"/>
      <text value="settings"/>
      <type value="display"/>
      <required value="false"/>
      <maxLength value="256"/>
    </item>
    <item>
      <extension url="https://science37.github.io/FHIR-FSH-Implementation-Guide/StructureDefinition/item-rendering-settings">
        <extension url="id">
          <valueString value="linkId"/>
        </extension>
        <extension url="label">
          <valueString value="LinkId"/>
        </extension>
        <extension url="value">
          <valueString value="__S37-form-fields-qo3cyvy8fgh"/>
        </extension>
        <extension url="type">
          <valueString value="text"/>
        </extension>
        <extension url="hidden">
          <valueBoolean value="true"/>
        </extension>
        <extension url="unique">
          <valueBoolean value="false"/>
        </extension>
        <extension url="disabled">
          <valueBoolean value="false"/>
        </extension>
      </extension>
      <linkId value="12345"/>
      <text value="settings"/>
      <type value="display"/>
      <required value="true"/>
    </item>
    <item>
      <extension url="https://science37.github.io/FHIR-FSH-Implementation-Guide/StructureDefinition/item-rendering-settings">
        <extension url="id">
          <valueString value="title"/>
        </extension>
        <extension url="label">
          <valueString value="Title"/>
        </extension>
        <extension url="value">
          <valueString value="DS_CONSENT_SIG_FIELD_ITLE"/>
        </extension>
        <extension url="type">
          <valueString value="text"/>
        </extension>
        <extension url="hidden">
          <valueBoolean value="false"/>
        </extension>
        <extension url="unique">
          <valueBoolean value="true"/>
        </extension>
        <extension url="disabled">
          <valueBoolean value="false"/>
        </extension>
      </extension>
      <linkId value="12346"/>
      <text value="settings"/>
      <type value="display"/>
      <required value="true"/>
      <maxLength value="100"/>
    </item>
    <item>
      <extension url="https://science37.github.io/FHIR-FSH-Implementation-Guide/StructureDefinition/item-rendering-settings">
        <extension url="id">
          <valueString value="lable"/>
        </extension>
        <extension url="label">
          <valueString value="Field Lable"/>
        </extension>
        <extension url="value">
          <valueString value="&lt;p style=&quot;text-align:left;&quot;&gt;&lt;strong&gt;DATE_TIME_LABEL&lt;/strong&gt;&lt;/p&gt;"/>
        </extension>
        <extension url="type">
          <valueString value="richtext"/>
        </extension>
        <extension url="hidden">
          <valueBoolean value="false"/>
        </extension>
        <extension url="description">
          <valueString value="What will display to the respondent."/>
        </extension>
        <extension url="unique">
          <valueBoolean value="false"/>
        </extension>
        <extension url="disabled">
          <valueBoolean value="false"/>
        </extension>
      </extension>
      <linkId value="12347"/>
      <text value="settings"/>
      <type value="display"/>
      <required value="false"/>
      <maxLength value="2000"/>
    </item>
    <item>
      <extension url="https://science37.github.io/FHIR-FSH-Implementation-Guide/StructureDefinition/item-rendering-settings">
        <extension url="id">
          <valueString value="standardVariable"/>
        </extension>
        <extension url="label">
          <valueString value="Standard Variable"/>
        </extension>
        <extension url="value">
          <valueString value="DS_CONSENT_SIG_FIELD_STD_VAR"/>
        </extension>
        <extension url="type">
          <valueString value="text"/>
        </extension>
        <extension url="hidden">
          <valueBoolean value="false"/>
        </extension>
        <extension url="description">
          <valueString value="Max of 256 characters"/>
        </extension>
        <extension url="unique">
          <valueBoolean value="true"/>
        </extension>
        <extension url="disabled">
          <valueBoolean value="false"/>
        </extension>
      </extension>
      <linkId value="12348"/>
      <text value="settings"/>
      <type value="display"/>
      <required value="false"/>
      <maxLength value="256"/>
    </item>
    <item>
      <extension url="https://science37.github.io/FHIR-FSH-Implementation-Guide/StructureDefinition/item-rendering-settings">
        <extension url="id">
          <valueString value="description"/>
        </extension>
        <extension url="label">
          <valueString value="Description"/>
        </extension>
        <extension url="value">
          <valueString value="DS_CONSENT_SIG_FIELD_DESC"/>
        </extension>
        <extension url="type">
          <valueString value="textarea"/>
        </extension>
        <extension url="hidden">
          <valueBoolean value="false"/>
        </extension>
        <extension url="unique">
          <valueBoolean value="false"/>
        </extension>
        <extension url="disabled">
          <valueBoolean value="false"/>
        </extension>
      </extension>
      <linkId value="12349"/>
      <text value="settings"/>
      <type value="display"/>
      <required value="false"/>
      <maxLength value="256"/>
    </item>
    <item>
      <extension url="https://science37.github.io/FHIR-FSH-Implementation-Guide/StructureDefinition/item-rendering-settings">
        <extension url="id">
          <valueString value="datetimeType"/>
        </extension>
        <extension url="label">
          <valueString value="Type"/>
        </extension>
        <extension url="value">
          <valueString value="dt"/>
        </extension>
        <extension url="type">
          <valueString value="select"/>
        </extension>
        <extension url="hidden">
          <valueBoolean value="false"/>
        </extension>
        <extension url="unique">
          <valueBoolean value="false"/>
        </extension>
        <extension url="disabled">
          <valueBoolean value="false"/>
        </extension>
      </extension>
      <linkId value="123410"/>
      <text value="settings"/>
      <type value="display"/>
      <required value="true"/>
    </item>
    <item>
      <extension url="https://science37.github.io/FHIR-FSH-Implementation-Guide/StructureDefinition/item-rendering-settings">
        <extension url="id">
          <valueString value="dateTimeOptions"/>
        </extension>
        <extension url="value">
          <valueString value="captureDateonSubmit"/>
        </extension>
        <extension url="type">
          <valueString value="radiogroup"/>
        </extension>
        <extension url="hidden">
          <valueBoolean value="false"/>
        </extension>
        <extension url="unique">
          <valueBoolean value="false"/>
        </extension>
        <extension url="disabled">
          <valueBoolean value="false"/>
        </extension>
      </extension>
      <linkId value="123411"/>
      <text value="settings"/>
      <type value="display"/>
      <required value="false"/>
    </item>
    <item>
      <extension url="https://science37.github.io/FHIR-FSH-Implementation-Guide/StructureDefinition/item-rendering-settings">
        <extension url="id">
          <valueString value="captureTimeonSubmit"/>
        </extension>
        <extension url="label">
          <valueString value="Capture time on submit"/>
        </extension>
        <extension url="value">
          <valueBoolean value="false"/>
        </extension>
        <extension url="type">
          <valueString value="checkbox"/>
        </extension>
        <extension url="hidden">
          <valueBoolean value="true"/>
        </extension>
        <extension url="description">
          <valueString value="Date field is not editable by user (read only)"/>
        </extension>
        <extension url="unique">
          <valueBoolean value="false"/>
        </extension>
        <extension url="disabled">
          <valueBoolean value="false"/>
        </extension>
      </extension>
      <linkId value="123412"/>
      <text value="settings"/>
      <type value="display"/>
      <required value="false"/>
      <maxLength value="256"/>
    </item>
    <item>
      <extension url="https://science37.github.io/FHIR-FSH-Implementation-Guide/StructureDefinition/item-rendering-settings">
        <extension url="id">
          <valueString value="minDate"/>
        </extension>
        <extension url="label">
          <valueString value="Minimum Date"/>
        </extension>
        <extension url="value">
          <valueBoolean value="false"/>
        </extension>
        <extension url="type">
          <valueString value="dateTime"/>
        </extension>
        <extension url="hidden">
          <valueBoolean value="true"/>
        </extension>
        <extension url="unique">
          <valueBoolean value="false"/>
        </extension>
        <extension url="disabled">
          <valueBoolean value="false"/>
        </extension>
      </extension>
      <linkId value="123413"/>
      <text value="settings"/>
      <type value="display"/>
      <required value="false"/>
    </item>
    <item>
      <extension url="https://science37.github.io/FHIR-FSH-Implementation-Guide/StructureDefinition/item-rendering-settings">
        <extension url="id">
          <valueString value="maxDate"/>
        </extension>
        <extension url="label">
          <valueString value="Maximum Date"/>
        </extension>
        <extension url="value">
          <valueBoolean value="false"/>
        </extension>
        <extension url="type">
          <valueString value="dateTime"/>
        </extension>
        <extension url="hidden">
          <valueBoolean value="true"/>
        </extension>
        <extension url="unique">
          <valueBoolean value="false"/>
        </extension>
        <extension url="disabled">
          <valueBoolean value="false"/>
        </extension>
      </extension>
      <linkId value="123414"/>
      <text value="settings"/>
      <type value="display"/>
      <required value="false"/>
    </item>
    <item>
      <extension url="https://science37.github.io/FHIR-FSH-Implementation-Guide/StructureDefinition/item-rendering-settings">
        <extension url="id">
          <valueString value="completionPeriodOfTime"/>
        </extension>
        <extension url="label">
          <valueString value="Period of time"/>
        </extension>
        <extension url="value"/>
        <extension url="type">
          <valueString value="select"/>
        </extension>
        <extension url="hidden">
          <valueBoolean value="true"/>
        </extension>
        <extension url="description">
          <valueString value="Constrain the response by months, days or hours"/>
        </extension>
        <extension url="unique">
          <valueBoolean value="false"/>
        </extension>
        <extension url="disabled">
          <valueBoolean value="false"/>
        </extension>
      </extension>
      <linkId value="123415"/>
      <text value="settings"/>
      <type value="display"/>
      <required value="false"/>
    </item>
    <item>
      <extension url="https://science37.github.io/FHIR-FSH-Implementation-Guide/StructureDefinition/item-rendering-settings">
        <extension url="id">
          <valueString value="completionNoOfHours"/>
        </extension>
        <extension url="label">
          <valueString value="Number of Hours"/>
        </extension>
        <extension url="value"/>
        <extension url="type">
          <valueString value="integer"/>
        </extension>
        <extension url="hidden">
          <valueBoolean value="true"/>
        </extension>
        <extension url="unique">
          <valueBoolean value="false"/>
        </extension>
        <extension url="disabled">
          <valueBoolean value="false"/>
        </extension>
      </extension>
      <extension url="http://hl7.org/fhir/StructureDefinition/minValue">
        <valueInteger value="1"/>
      </extension>
      <linkId value="123416"/>
      <text value="settings"/>
      <type value="display"/>
      <required value="false"/>
    </item>
    <item>
      <extension url="https://science37.github.io/FHIR-FSH-Implementation-Guide/StructureDefinition/item-rendering-settings">
        <extension url="id">
          <valueString value="completionNoOfDays"/>
        </extension>
        <extension url="label">
          <valueString value="Number of Days"/>
        </extension>
        <extension url="value"/>
        <extension url="type">
          <valueString value="integer"/>
        </extension>
        <extension url="hidden">
          <valueBoolean value="true"/>
        </extension>
        <extension url="unique">
          <valueBoolean value="false"/>
        </extension>
        <extension url="disabled">
          <valueBoolean value="false"/>
        </extension>
      </extension>
      <extension url="http://hl7.org/fhir/StructureDefinition/minValue">
        <valueInteger value="1"/>
      </extension>
      <linkId value="123417"/>
      <text value="settings"/>
      <type value="display"/>
      <required value="false"/>
    </item>
    <item>
      <extension url="https://science37.github.io/FHIR-FSH-Implementation-Guide/StructureDefinition/item-rendering-settings">
        <extension url="id">
          <valueString value="completionNoOfMonths"/>
        </extension>
        <extension url="label">
          <valueString value="Number of Months"/>
        </extension>
        <extension url="value"/>
        <extension url="type">
          <valueString value="integer"/>
        </extension>
        <extension url="hidden">
          <valueBoolean value="true"/>
        </extension>
        <extension url="unique">
          <valueBoolean value="false"/>
        </extension>
        <extension url="disabled">
          <valueBoolean value="false"/>
        </extension>
      </extension>
      <extension url="http://hl7.org/fhir/StructureDefinition/minValue">
        <valueInteger value="1"/>
      </extension>
      <linkId value="123418"/>
      <text value="settings"/>
      <type value="display"/>
      <required value="false"/>
    </item>
  </item>
</Questionnaire>