{
  "resourceType": "Questionnaire",
  "id": "Questionnaire-Item-Extension-Example-derivedV1",
  "meta": {
    "profile": [
      "https://science37.github.io/FHIR-FSH-Implementation-Guide/StructureDefinition/questionnaire-s37"
    ]
  },
  "text": {
    "status": "generated",
    "div": "<div xmlns=\"http://www.w3.org/1999/xhtml\"><table border=\"1\" cellpadding=\"0\" cellspacing=\"0\" style=\"border: 1px #F0F0F0 solid; font-size: 11px; font-family: verdana; vertical-align: top;\"><tr style=\"border: 2px #F0F0F0 solid; font-size: 11px; font-family: verdana; vertical-align: top\"><th style=\"vertical-align: top; text-align : left; background-color: white; border: 1px #F0F0F0 solid; padding:0px 4px 0px 4px\" class=\"hierarchy\"><a href=\"http://hl7.org/fhir/R4/formats.html#table\" title=\"The linkId for the item\">LinkId</a></th><th style=\"vertical-align: top; text-align : left; background-color: white; border: 1px #F0F0F0 solid; padding:0px 4px 0px 4px\" class=\"hierarchy\"><a href=\"http://hl7.org/fhir/R4/formats.html#table\" title=\"Text for the item\">Text</a></th><th style=\"vertical-align: top; text-align : left; background-color: white; border: 1px #F0F0F0 solid; padding:0px 4px 0px 4px\" class=\"hierarchy\"><a href=\"http://hl7.org/fhir/R4/formats.html#table\" title=\"Minimum and Maximum # of times the the itemcan appear in the instance\">Cardinality</a></th><th style=\"vertical-align: top; text-align : left; background-color: white; border: 1px #F0F0F0 solid; padding:0px 4px 0px 4px\" class=\"hierarchy\"><a href=\"http://hl7.org/fhir/R4/formats.html#table\" title=\"The type of the item\">Type</a></th><th style=\"vertical-align: top; text-align : left; background-color: white; border: 1px #F0F0F0 solid; padding:0px 4px 0px 4px\" class=\"hierarchy\"><a href=\"http://hl7.org/fhir/R4/formats.html#table\" title=\"Additional information about the item\">Description &amp; Constraints</a><span style=\"float: right\"><a href=\"http://hl7.org/fhir/R4/formats.html#table\" title=\"Legend for this format\"><img src=\"http://hl7.org/fhir/R4/help16.png\" alt=\"doco\" style=\"background-color: inherit\"/></a></span></th></tr><tr style=\"border: 1px #F0F0F0 solid; padding:0px; vertical-align: top; background-color: white\"><td style=\"vertical-align: top; text-align : left; background-color: white; border: 1px #F0F0F0 solid; padding:0px 4px 0px 4px; white-space: nowrap; background-image: url(tbl_bck1.png)\" class=\"hierarchy\"><img src=\"tbl_spacer.png\" alt=\".\" style=\"background-color: inherit\" class=\"hierarchy\"/><img src=\"icon_q_root.gif\" alt=\".\" style=\"background-color: white; background-color: inherit\" title=\"QuestionnaireRoot\" class=\"hierarchy\"/> Example : Questionnaire.Item derived-V1</td><td style=\"vertical-align: top; text-align : left; background-color: white; border: 1px #F0F0F0 solid; padding:0px 4px 0px 4px\" class=\"hierarchy\"/><td style=\"vertical-align: top; text-align : left; background-color: white; border: 1px #F0F0F0 solid; padding:0px 4px 0px 4px\" class=\"hierarchy\"></td><td style=\"vertical-align: top; text-align : left; background-color: white; border: 1px #F0F0F0 solid; padding:0px 4px 0px 4px\" class=\"hierarchy\">Questionnaire</td><td style=\"vertical-align: top; text-align : left; background-color: white; border: 1px #F0F0F0 solid; padding:0px 4px 0px 4px\" class=\"hierarchy\">https://science37.github.io/FHIR-FSH-Implementation-Guide/Questionnaire/Questionnaire-Item-Extension-Example-derivedV1#1.0.0-S37</td></tr>\r\n<tr style=\"border: 1px #F0F0F0 solid; padding:0px; vertical-align: top; background-color: #F7F7F7\"><td style=\"vertical-align: top; text-align : left; background-color: #F7F7F7; border: 1px #F0F0F0 solid; padding:0px 4px 0px 4px; white-space: nowrap; background-image: url(tbl_bck00.png)\" id=\"item.__S37-form-fields-2zpvlwq3a1c\" class=\"hierarchy\"><img src=\"tbl_spacer.png\" alt=\".\" style=\"background-color: inherit\" class=\"hierarchy\"/><img src=\"tbl_vjoin_end.png\" alt=\".\" style=\"background-color: inherit\" class=\"hierarchy\"/><img src=\"icon-q-group.png\" alt=\".\" style=\"background-color: #F7F7F7; background-color: inherit\" title=\"Group\" class=\"hierarchy\"/> __S37-form-fields-2zpvlwq3a1c</td><td style=\"vertical-align: top; text-align : left; background-color: #F7F7F7; border: 1px #F0F0F0 solid; padding:0px 4px 0px 4px\" class=\"hierarchy\">&lt;p style=&quot;text-align:left;&quot;&gt;&lt;strong&gt;DERIVED_FIELD_LABLE&lt;/strong&gt;&lt;/p&gt;</td><td style=\"vertical-align: top; text-align : left; background-color: #F7F7F7; border: 1px #F0F0F0 solid; padding:0px 4px 0px 4px\" class=\"hierarchy\">0..1</td><td style=\"vertical-align: top; text-align : left; background-color: #F7F7F7; border: 1px #F0F0F0 solid; padding:0px 4px 0px 4px\" class=\"hierarchy\"><a href=\"http://hl7.org/fhir/R4/codesystem-item-type.html#item-type-question\">question</a></td><td style=\"vertical-align: top; text-align : left; background-color: #F7F7F7; border: 1px #F0F0F0 solid; padding:0px 4px 0px 4px\" class=\"hierarchy\">Definition: https://science37.com/NG/widget/id/derived/version/2.3</td></tr>\r\n<tr><td colspan=\"5\" class=\"hierarchy\"><br/><a href=\"http://hl7.org/fhir/R4/formats.html#table\" title=\"Legend for this format\"><img src=\"http://hl7.org/fhir/R4/help16.png\" alt=\"doco\" style=\"background-color: inherit\"/> Documentation for this format</a></td></tr></table></div>"
  },
  "url": "https://science37.github.io/FHIR-FSH-Implementation-Guide/Questionnaire/Questionnaire-Item-Extension-Example-derivedV1",
  "identifier": [
    {
      "value": "Form ID"
    }
  ],
  "version": "1.0.0-S37",
  "name": "Example : Questionnaire.Item derived-V1",
  "title": "Example : Questionnaire.Item derived-V1",
  "status": "draft",
  "subjectType": [
    "Patient"
  ],
  "date": "2022-05-03T12:17:31+00:00",
  "publisher": "Science37",
  "jurisdiction": [
    {
      "coding": [
        {
          "system": "urn:iso:std:iso:3166",
          "code": "US",
          "display": "United States of America"
        }
      ]
    }
  ],
  "item": [
    {
      "extension": [
        {
          "url": "http://hl7.org/fhir/StructureDefinition/questionnaire-hidden",
          "valueBoolean": false
        },
        {
          "url": "https://science37.github.io/FHIR-FSH-Implementation-Guide/StructureDefinition/observation-extract",
          "valueBoolean": true
        },
        {
          "url": "http://hl7.org/fhir/StructureDefinition/questionnaire-itemControl",
          "valueCodeableConcept": {
            "coding": [
              {
                "system": "http://hl7.org/fhir/questionnaire-item-control",
                "code": "derived",
                "display": "derived"
              }
            ],
            "text": "derived"
          }
        },
        {
          "extension": [
            {
              "url": "id",
              "valueString": "sponsorVariable"
            },
            {
              "url": "label",
              "valueString": "Field OID"
            },
            {
              "url": "value",
              "valueString": "DERIVED_FIELD_OID"
            },
            {
              "url": "type",
              "valueString": "text"
            },
            {
              "url": "hidden",
              "valueBoolean": false
            },
            {
              "url": "required",
              "valueBoolean": false
            },
            {
              "url": "description",
              "valueString": "Max of 256 characters"
            },
            {
              "url": "maxLength",
              "valueInteger": 256
            },
            {
              "url": "pattern",
              "valueString": "^(?!.* ).*$"
            },
            {
              "url": "unique",
              "valueBoolean": true
            },
            {
              "url": "disabled",
              "valueBoolean": false
            }
          ],
          "url": "https://science37.github.io/FHIR-FSH-Implementation-Guide/StructureDefinition/item-rendering-settings"
        },
        {
          "extension": [
            {
              "url": "id",
              "valueString": "linkId"
            },
            {
              "url": "label",
              "valueString": "LinkId"
            },
            {
              "url": "value",
              "valueString": "__S37-form-fields-2zpvlwq3a1c"
            },
            {
              "url": "type",
              "valueString": "text"
            },
            {
              "url": "hidden",
              "valueBoolean": true
            },
            {
              "url": "required",
              "valueBoolean": true
            },
            {
              "url": "unique",
              "valueBoolean": false
            },
            {
              "url": "disabled",
              "valueBoolean": false
            }
          ],
          "url": "https://science37.github.io/FHIR-FSH-Implementation-Guide/StructureDefinition/item-rendering-settings"
        },
        {
          "extension": [
            {
              "url": "id",
              "valueString": "title"
            },
            {
              "url": "label",
              "valueString": "Title"
            },
            {
              "url": "value",
              "valueString": "DERIVED_FIELD_TITLE"
            },
            {
              "url": "type",
              "valueString": "text"
            },
            {
              "url": "hidden",
              "valueBoolean": false
            },
            {
              "url": "required",
              "valueBoolean": true
            },
            {
              "url": "maxLength",
              "valueInteger": 100
            },
            {
              "url": "unique",
              "valueBoolean": true
            },
            {
              "url": "disabled",
              "valueBoolean": false
            }
          ],
          "url": "https://science37.github.io/FHIR-FSH-Implementation-Guide/StructureDefinition/item-rendering-settings"
        },
        {
          "extension": [
            {
              "url": "id",
              "valueString": "lable"
            },
            {
              "url": "label",
              "valueString": "Field label"
            },
            {
              "url": "value",
              "valueString": "<p style=\"text-align:left;\"><strong>DERIVED_FIELD_LABLE</strong></p>"
            },
            {
              "url": "type",
              "valueString": "richtext"
            },
            {
              "url": "hidden",
              "valueBoolean": false
            },
            {
              "url": "required",
              "valueBoolean": true
            },
            {
              "url": "description",
              "valueString": "What will display to the respondent."
            },
            {
              "url": "maxLength",
              "valueInteger": 2000
            },
            {
              "url": "unique",
              "valueBoolean": false
            },
            {
              "url": "disabled",
              "valueBoolean": false
            }
          ],
          "url": "https://science37.github.io/FHIR-FSH-Implementation-Guide/StructureDefinition/item-rendering-settings"
        },
        {
          "extension": [
            {
              "url": "id",
              "valueString": "fieldVariableName"
            },
            {
              "url": "label",
              "valueString": "Field Variable Name"
            },
            {
              "url": "value"
            },
            {
              "url": "type",
              "valueString": "text"
            },
            {
              "url": "hidden",
              "valueBoolean": true
            },
            {
              "url": "required",
              "valueBoolean": false
            },
            {
              "url": "description",
              "valueString": "Must contain only numbers, letters and underscores. Max of 8 characters"
            },
            {
              "url": "pattern",
              "valueString": "^$|^[a-zA-Z0-9_]+$"
            },
            {
              "url": "maxLength",
              "valueInteger": 8
            },
            {
              "url": "unique",
              "valueBoolean": true
            },
            {
              "url": "disabled",
              "valueBoolean": false
            }
          ],
          "url": "https://science37.github.io/FHIR-FSH-Implementation-Guide/StructureDefinition/item-rendering-settings"
        },
        {
          "extension": [
            {
              "url": "id",
              "valueString": "standardVariable"
            },
            {
              "url": "label",
              "valueString": "Standard Variable"
            },
            {
              "url": "value",
              "valueString": "DERIVED_FIELD_STD_VAR"
            },
            {
              "url": "type",
              "valueString": "text"
            },
            {
              "url": "hidden",
              "valueBoolean": false
            },
            {
              "url": "required",
              "valueBoolean": true
            },
            {
              "url": "description",
              "valueString": "Max of 256 characters"
            },
            {
              "url": "maxLength",
              "valueInteger": 256
            },
            {
              "url": "unique",
              "valueBoolean": true
            },
            {
              "url": "disabled",
              "valueBoolean": false
            }
          ],
          "url": "https://science37.github.io/FHIR-FSH-Implementation-Guide/StructureDefinition/item-rendering-settings"
        },
        {
          "extension": [
            {
              "url": "id",
              "valueString": "fieldCode"
            },
            {
              "url": "label",
              "valueString": "Field Code"
            },
            {
              "url": "value"
            },
            {
              "url": "type",
              "valueString": "text"
            },
            {
              "url": "hidden",
              "valueBoolean": true
            },
            {
              "url": "required",
              "valueBoolean": false
            },
            {
              "url": "description",
              "valueString": "Must contain only numbers, letters and underscores. Max of 8 characters"
            },
            {
              "url": "maxLength",
              "valueInteger": 8
            },
            {
              "url": "pattern",
              "valueString": "^$|^[a-zA-Z0-9_]+$"
            },
            {
              "url": "unique",
              "valueBoolean": false
            },
            {
              "url": "disabled",
              "valueBoolean": false
            }
          ],
          "url": "https://science37.github.io/FHIR-FSH-Implementation-Guide/StructureDefinition/item-rendering-settings"
        },
        {
          "extension": [
            {
              "url": "id",
              "valueString": "description"
            },
            {
              "url": "label",
              "valueString": "Description"
            },
            {
              "url": "value",
              "valueString": "DERIVED_FIELD_DESC"
            },
            {
              "url": "type",
              "valueString": "textarea"
            },
            {
              "url": "hidden",
              "valueBoolean": false
            },
            {
              "url": "required",
              "valueBoolean": false
            },
            {
              "url": "maxLength",
              "valueInteger": 256
            },
            {
              "url": "unique",
              "valueBoolean": false
            },
            {
              "url": "disabled",
              "valueBoolean": false
            }
          ],
          "url": "https://science37.github.io/FHIR-FSH-Implementation-Guide/StructureDefinition/item-rendering-settings"
        },
        {
          "extension": [
            {
              "url": "id",
              "valueString": "scale"
            },
            {
              "url": "label",
              "valueString": "Decimal Scale"
            },
            {
              "url": "value",
              "valueInteger": 10
            },
            {
              "url": "type",
              "valueString": "integer"
            },
            {
              "url": "hidden",
              "valueBoolean": false
            },
            {
              "url": "required",
              "valueBoolean": false
            },
            {
              "url": "minValue",
              "valueInteger": 0
            },
            {
              "url": "maxValue",
              "valueInteger": 10
            },
            {
              "url": "unique",
              "valueBoolean": false
            },
            {
              "url": "disabled",
              "valueBoolean": false
            }
          ],
          "url": "https://science37.github.io/FHIR-FSH-Implementation-Guide/StructureDefinition/item-rendering-settings"
        },
        {
          "extension": [
            {
              "url": "id",
              "valueString": "formula"
            },
            {
              "url": "label",
              "valueString": "Derived Value"
            },
            {
              "url": "value",
              "valueString": "2"
            },
            {
              "url": "type",
              "valueString": "formula"
            },
            {
              "url": "hidden",
              "valueBoolean": false
            },
            {
              "url": "required",
              "valueBoolean": false
            },
            {
              "url": "description",
              "valueString": "Excel formula to calculate a value based on other form fields. Inputs are represented as %{X} where X is the Field OID of the desired input form field."
            },
            {
              "url": "unique",
              "valueBoolean": false
            },
            {
              "url": "disabled",
              "valueBoolean": false
            }
          ],
          "url": "https://science37.github.io/FHIR-FSH-Implementation-Guide/StructureDefinition/item-rendering-settings"
        }
      ],
      "linkId": "__S37-form-fields-2zpvlwq3a1c",
      "definition": "https://science37.com/NG/widget/id/derived/version/2.3",
      "text": "<p style=\"text-align:left;\"><strong>DERIVED_FIELD_LABLE</strong></p>",
      "type": "question"
    }
  ]
}