{
  "package": "science37.FHIR-IG",
  "version": "1.0.0-S37",
  "fhirVersion": "4.0.1",
  "jurisdiction": "US",
  "extensions": [
    {
      "url": "https://science37.github.io/FHIR-FSH-Implementation-Guide/StructureDefinition/day-0",
      "title": "Extension : PlanDefinitionS37 - Day Zero",
      "types": [
        "string",
        "string",
        "base64Binary",
        "boolean",
        "canonical",
        "code",
        "date",
        "dateTime",
        "decimal",
        "id",
        "instant",
        "integer",
        "markdown",
        "oid",
        "positiveInt",
        "string",
        "time",
        "unsignedInt",
        "uri",
        "url",
        "uuid",
        "Address",
        "Age",
        "Annotation",
        "Attachment",
        "CodeableConcept",
        "Coding",
        "ContactPoint",
        "Count",
        "Distance",
        "Duration",
        "HumanName",
        "Identifier",
        "Money",
        "Period",
        "Quantity",
        "Range",
        "Ratio",
        "Reference",
        "SampledData",
        "Signature",
        "Timing",
        "ContactDetail",
        "Contributor",
        "DataRequirement",
        "Expression",
        "ParameterDefinition",
        "RelatedArtifact",
        "TriggerDefinition",
        "UsageContext",
        "Dosage",
        "Meta",
        "string",
        "string",
        "string",
        "string",
        "string",
        "base64Binary",
        "boolean",
        "canonical",
        "code",
        "date",
        "dateTime",
        "decimal",
        "id",
        "instant",
        "integer",
        "markdown",
        "oid",
        "positiveInt",
        "string",
        "time",
        "unsignedInt",
        "uri",
        "url",
        "uuid",
        "Address",
        "Age",
        "Annotation",
        "Attachment",
        "CodeableConcept",
        "Coding",
        "ContactPoint",
        "Count",
        "Distance",
        "Duration",
        "HumanName",
        "Identifier",
        "Money",
        "Period",
        "Quantity",
        "Range",
        "Ratio",
        "Reference",
        "SampledData",
        "Signature",
        "Timing",
        "ContactDetail",
        "Contributor",
        "DataRequirement",
        "Expression",
        "ParameterDefinition",
        "RelatedArtifact",
        "TriggerDefinition",
        "UsageContext",
        "Dosage",
        "Meta"
      ]
    },
    {
      "url": "https://science37.github.io/FHIR-FSH-Implementation-Guide/StructureDefinition/device",
      "title": "Extension : Questionnaire - Device",
      "types": [
        "string",
        "string",
        "string",
        "base64Binary",
        "boolean",
        "canonical",
        "code",
        "date",
        "dateTime",
        "decimal",
        "id",
        "instant",
        "integer",
        "markdown",
        "oid",
        "positiveInt",
        "string",
        "time",
        "unsignedInt",
        "uri",
        "url",
        "uuid",
        "Address",
        "Age",
        "Annotation",
        "Attachment",
        "CodeableConcept",
        "Coding",
        "ContactPoint",
        "Count",
        "Distance",
        "Duration",
        "HumanName",
        "Identifier",
        "Money",
        "Period",
        "Quantity",
        "Range",
        "Ratio",
        "Reference",
        "SampledData",
        "Signature",
        "Timing",
        "ContactDetail",
        "Contributor",
        "DataRequirement",
        "Expression",
        "ParameterDefinition",
        "RelatedArtifact",
        "TriggerDefinition",
        "UsageContext",
        "Dosage",
        "Meta",
        "base64Binary",
        "boolean",
        "canonical",
        "code",
        "date",
        "dateTime",
        "decimal",
        "id",
        "instant",
        "integer",
        "markdown",
        "oid",
        "positiveInt",
        "string",
        "time",
        "unsignedInt",
        "uri",
        "url",
        "uuid",
        "Address",
        "Age",
        "Annotation",
        "Attachment",
        "CodeableConcept",
        "Coding",
        "ContactPoint",
        "Count",
        "Distance",
        "Duration",
        "HumanName",
        "Identifier",
        "Money",
        "Period",
        "Quantity",
        "Range",
        "Ratio",
        "Reference",
        "SampledData",
        "Signature",
        "Timing",
        "ContactDetail",
        "Contributor",
        "DataRequirement",
        "Expression",
        "ParameterDefinition",
        "RelatedArtifact",
        "TriggerDefinition",
        "UsageContext",
        "Dosage",
        "Meta"
      ]
    },
    {
      "url": "https://science37.github.io/FHIR-FSH-Implementation-Guide/StructureDefinition/device-report-field",
      "title": "Extension : Questionnaire.item -  Device Report Field",
      "types": [
        "string"
      ]
    },
    {
      "url": "https://science37.github.io/FHIR-FSH-Implementation-Guide/StructureDefinition/display-order",
      "title": "Extension : ActivityDefinition - Display Order",
      "types": [
        "string"
      ]
    },
    {
      "url": "https://science37.github.io/FHIR-FSH-Implementation-Guide/StructureDefinition/econsent-from-group-id",
      "title": "Extension : ActivityDefinition - Econsent From Group Id",
      "types": [
        "string"
      ]
    },
    {
      "url": "https://science37.github.io/FHIR-FSH-Implementation-Guide/StructureDefinition/force-form-order",
      "title": "Extension : ActivityDefinition - Force Form Order",
      "types": [
        "string",
        "base64Binary",
        "boolean",
        "canonical",
        "code",
        "date",
        "dateTime",
        "decimal",
        "id",
        "instant",
        "integer",
        "markdown",
        "oid",
        "positiveInt",
        "string",
        "time",
        "unsignedInt",
        "uri",
        "url",
        "uuid",
        "Address",
        "Age",
        "Annotation",
        "Attachment",
        "CodeableConcept",
        "Coding",
        "ContactPoint",
        "Count",
        "Distance",
        "Duration",
        "HumanName",
        "Identifier",
        "Money",
        "Period",
        "Quantity",
        "Range",
        "Ratio",
        "Reference",
        "SampledData",
        "Signature",
        "Timing",
        "ContactDetail",
        "Contributor",
        "DataRequirement",
        "Expression",
        "ParameterDefinition",
        "RelatedArtifact",
        "TriggerDefinition",
        "UsageContext",
        "Dosage",
        "Meta",
        "base64Binary",
        "boolean",
        "canonical",
        "code",
        "date",
        "dateTime",
        "decimal",
        "id",
        "instant",
        "integer",
        "markdown",
        "oid",
        "positiveInt",
        "string",
        "time",
        "unsignedInt",
        "uri",
        "url",
        "uuid",
        "Address",
        "Age",
        "Annotation",
        "Attachment",
        "CodeableConcept",
        "Coding",
        "ContactPoint",
        "Count",
        "Distance",
        "Duration",
        "HumanName",
        "Identifier",
        "Money",
        "Period",
        "Quantity",
        "Range",
        "Ratio",
        "Reference",
        "SampledData",
        "Signature",
        "Timing",
        "ContactDetail",
        "Contributor",
        "DataRequirement",
        "Expression",
        "ParameterDefinition",
        "RelatedArtifact",
        "TriggerDefinition",
        "UsageContext",
        "Dosage",
        "Meta"
      ]
    },
    {
      "url": "https://science37.github.io/FHIR-FSH-Implementation-Guide/StructureDefinition/form-collection",
      "title": "Extension : PlanDefinitionS37 - Ongoing Form",
      "types": [
        "string",
        "base64Binary",
        "boolean",
        "canonical",
        "code",
        "date",
        "dateTime",
        "decimal",
        "id",
        "instant",
        "integer",
        "markdown",
        "oid",
        "positiveInt",
        "string",
        "time",
        "unsignedInt",
        "uri",
        "url",
        "uuid",
        "Address",
        "Age",
        "Annotation",
        "Attachment",
        "CodeableConcept",
        "Coding",
        "ContactPoint",
        "Count",
        "Distance",
        "Duration",
        "HumanName",
        "Identifier",
        "Money",
        "Period",
        "Quantity",
        "Range",
        "Ratio",
        "Reference",
        "SampledData",
        "Signature",
        "Timing",
        "ContactDetail",
        "Contributor",
        "DataRequirement",
        "Expression",
        "ParameterDefinition",
        "RelatedArtifact",
        "TriggerDefinition",
        "UsageContext",
        "Dosage",
        "Meta",
        "base64Binary",
        "boolean",
        "canonical",
        "code",
        "date",
        "dateTime",
        "decimal",
        "id",
        "instant",
        "integer",
        "markdown",
        "oid",
        "positiveInt",
        "string",
        "time",
        "unsignedInt",
        "uri",
        "url",
        "uuid",
        "Address",
        "Age",
        "Annotation",
        "Attachment",
        "CodeableConcept",
        "Coding",
        "ContactPoint",
        "Count",
        "Distance",
        "Duration",
        "HumanName",
        "Identifier",
        "Money",
        "Period",
        "Quantity",
        "Range",
        "Ratio",
        "Reference",
        "SampledData",
        "Signature",
        "Timing",
        "ContactDetail",
        "Contributor",
        "DataRequirement",
        "Expression",
        "ParameterDefinition",
        "RelatedArtifact",
        "TriggerDefinition",
        "UsageContext",
        "Dosage",
        "Meta"
      ]
    },
    {
      "url": "https://science37.github.io/FHIR-FSH-Implementation-Guide/StructureDefinition/form-config",
      "title": "Extension : PlanDefinitionS37.action - Form Config",
      "types": [
        "string",
        "string",
        "string",
        "string",
        "integer",
        "boolean",
        "base64Binary",
        "boolean",
        "canonical",
        "code",
        "date",
        "dateTime",
        "decimal",
        "id",
        "instant",
        "integer",
        "markdown",
        "oid",
        "positiveInt",
        "string",
        "time",
        "unsignedInt",
        "uri",
        "url",
        "uuid",
        "Address",
        "Age",
        "Annotation",
        "Attachment",
        "CodeableConcept",
        "Coding",
        "ContactPoint",
        "Count",
        "Distance",
        "Duration",
        "HumanName",
        "Identifier",
        "Money",
        "Period",
        "Quantity",
        "Range",
        "Ratio",
        "Reference",
        "SampledData",
        "Signature",
        "Timing",
        "ContactDetail",
        "Contributor",
        "DataRequirement",
        "Expression",
        "ParameterDefinition",
        "RelatedArtifact",
        "TriggerDefinition",
        "UsageContext",
        "Dosage",
        "Meta",
        "string",
        "boolean",
        "base64Binary",
        "boolean",
        "canonical",
        "code",
        "date",
        "dateTime",
        "decimal",
        "id",
        "instant",
        "integer",
        "markdown",
        "oid",
        "positiveInt",
        "string",
        "time",
        "unsignedInt",
        "uri",
        "url",
        "uuid",
        "Address",
        "Age",
        "Annotation",
        "Attachment",
        "CodeableConcept",
        "Coding",
        "ContactPoint",
        "Count",
        "Distance",
        "Duration",
        "HumanName",
        "Identifier",
        "Money",
        "Period",
        "Quantity",
        "Range",
        "Ratio",
        "Reference",
        "SampledData",
        "Signature",
        "Timing",
        "ContactDetail",
        "Contributor",
        "DataRequirement",
        "Expression",
        "ParameterDefinition",
        "RelatedArtifact",
        "TriggerDefinition",
        "UsageContext",
        "Dosage",
        "Meta",
        "string",
        "string",
        "time",
        "time",
        "positiveInt",
        "string",
        "integer",
        "string",
        "base64Binary",
        "boolean",
        "canonical",
        "code",
        "date",
        "dateTime",
        "decimal",
        "id",
        "instant",
        "integer",
        "markdown",
        "oid",
        "positiveInt",
        "string",
        "time",
        "unsignedInt",
        "uri",
        "url",
        "uuid",
        "Address",
        "Age",
        "Annotation",
        "Attachment",
        "CodeableConcept",
        "Coding",
        "ContactPoint",
        "Count",
        "Distance",
        "Duration",
        "HumanName",
        "Identifier",
        "Money",
        "Period",
        "Quantity",
        "Range",
        "Ratio",
        "Reference",
        "SampledData",
        "Signature",
        "Timing",
        "ContactDetail",
        "Contributor",
        "DataRequirement",
        "Expression",
        "ParameterDefinition",
        "RelatedArtifact",
        "TriggerDefinition",
        "UsageContext",
        "Dosage",
        "Meta",
        "string",
        "base64Binary",
        "boolean",
        "canonical",
        "code",
        "date",
        "dateTime",
        "decimal",
        "id",
        "instant",
        "integer",
        "markdown",
        "oid",
        "positiveInt",
        "string",
        "time",
        "unsignedInt",
        "uri",
        "url",
        "uuid",
        "Address",
        "Age",
        "Annotation",
        "Attachment",
        "CodeableConcept",
        "Coding",
        "ContactPoint",
        "Count",
        "Distance",
        "Duration",
        "HumanName",
        "Identifier",
        "Money",
        "Period",
        "Quantity",
        "Range",
        "Ratio",
        "Reference",
        "SampledData",
        "Signature",
        "Timing",
        "ContactDetail",
        "Contributor",
        "DataRequirement",
        "Expression",
        "ParameterDefinition",
        "RelatedArtifact",
        "TriggerDefinition",
        "UsageContext",
        "Dosage",
        "Meta",
        "string",
        "base64Binary",
        "boolean",
        "canonical",
        "code",
        "date",
        "dateTime",
        "decimal",
        "id",
        "instant",
        "integer",
        "markdown",
        "oid",
        "positiveInt",
        "string",
        "time",
        "unsignedInt",
        "uri",
        "url",
        "uuid",
        "Address",
        "Age",
        "Annotation",
        "Attachment",
        "CodeableConcept",
        "Coding",
        "ContactPoint",
        "Count",
        "Distance",
        "Duration",
        "HumanName",
        "Identifier",
        "Money",
        "Period",
        "Quantity",
        "Range",
        "Ratio",
        "Reference",
        "SampledData",
        "Signature",
        "Timing",
        "ContactDetail",
        "Contributor",
        "DataRequirement",
        "Expression",
        "ParameterDefinition",
        "RelatedArtifact",
        "TriggerDefinition",
        "UsageContext",
        "Dosage",
        "Meta",
        "base64Binary",
        "boolean",
        "canonical",
        "code",
        "date",
        "dateTime",
        "decimal",
        "id",
        "instant",
        "integer",
        "markdown",
        "oid",
        "positiveInt",
        "string",
        "time",
        "unsignedInt",
        "uri",
        "url",
        "uuid",
        "Address",
        "Age",
        "Annotation",
        "Attachment",
        "CodeableConcept",
        "Coding",
        "ContactPoint",
        "Count",
        "Distance",
        "Duration",
        "HumanName",
        "Identifier",
        "Money",
        "Period",
        "Quantity",
        "Range",
        "Ratio",
        "Reference",
        "SampledData",
        "Signature",
        "Timing",
        "ContactDetail",
        "Contributor",
        "DataRequirement",
        "Expression",
        "ParameterDefinition",
        "RelatedArtifact",
        "TriggerDefinition",
        "UsageContext",
        "Dosage",
        "Meta"
      ]
    },
    {
      "url": "https://science37.github.io/FHIR-FSH-Implementation-Guide/StructureDefinition/form-types",
      "title": "Extension : ActivityDefinition - Form Types",
      "types": [
        "string",
        "base64Binary",
        "boolean",
        "canonical",
        "code",
        "date",
        "dateTime",
        "decimal",
        "id",
        "instant",
        "integer",
        "markdown",
        "oid",
        "positiveInt",
        "string",
        "time",
        "unsignedInt",
        "uri",
        "url",
        "uuid",
        "Address",
        "Age",
        "Annotation",
        "Attachment",
        "CodeableConcept",
        "Coding",
        "ContactPoint",
        "Count",
        "Distance",
        "Duration",
        "HumanName",
        "Identifier",
        "Money",
        "Period",
        "Quantity",
        "Range",
        "Ratio",
        "Reference",
        "SampledData",
        "Signature",
        "Timing",
        "ContactDetail",
        "Contributor",
        "DataRequirement",
        "Expression",
        "ParameterDefinition",
        "RelatedArtifact",
        "TriggerDefinition",
        "UsageContext",
        "Dosage",
        "Meta"
      ]
    },
    {
      "url": "https://science37.github.io/FHIR-FSH-Implementation-Guide/StructureDefinition/oid",
      "title": "Extension : ActivityDefinition - OID",
      "types": [
        "string"
      ]
    },
    {
      "url": "https://science37.github.io/FHIR-FSH-Implementation-Guide/StructureDefinition/parent-reference",
      "title": "Extension : ActivityDefinition|PlanDefinition - Parent Reference",
      "types": [
        "string",
        "string",
        "string",
        "base64Binary",
        "boolean",
        "canonical",
        "code",
        "date",
        "dateTime",
        "decimal",
        "id",
        "instant",
        "integer",
        "markdown",
        "oid",
        "positiveInt",
        "string",
        "time",
        "unsignedInt",
        "uri",
        "url",
        "uuid",
        "Address",
        "Age",
        "Annotation",
        "Attachment",
        "CodeableConcept",
        "Coding",
        "ContactPoint",
        "Count",
        "Distance",
        "Duration",
        "HumanName",
        "Identifier",
        "Money",
        "Period",
        "Quantity",
        "Range",
        "Ratio",
        "Reference",
        "SampledData",
        "Signature",
        "Timing",
        "ContactDetail",
        "Contributor",
        "DataRequirement",
        "Expression",
        "ParameterDefinition",
        "RelatedArtifact",
        "TriggerDefinition",
        "UsageContext",
        "Dosage",
        "Meta"
      ]
    },
    {
      "url": "https://science37.github.io/FHIR-FSH-Implementation-Guide/StructureDefinition/protocal-version",
      "title": "Extension : PlanDefinitionS37 - Protocal Version",
      "types": [
        "id"
      ]
    },
    {
      "url": "https://science37.github.io/FHIR-FSH-Implementation-Guide/StructureDefinition/rendering",
      "title": "Extension : Questionnaire|Questionnaire.item - Object Rendering Settings",
      "types": [
        "string",
        "string",
        "boolean",
        "string",
        "string",
        "boolean",
        "boolean",
        "string",
        "boolean",
        "date",
        "dateTime",
        "decimal",
        "integer",
        "string",
        "time",
        "Coding",
        "Quantity",
        "Reference",
        "boolean",
        "integer",
        "integer",
        "date",
        "dateTime",
        "decimal",
        "integer",
        "time",
        "Quantity",
        "date",
        "dateTime",
        "decimal",
        "integer",
        "time",
        "Quantity",
        "id",
        "string",
        "string",
        "base64Binary",
        "boolean",
        "canonical",
        "code",
        "date",
        "dateTime",
        "decimal",
        "id",
        "instant",
        "integer",
        "markdown",
        "oid",
        "positiveInt",
        "string",
        "time",
        "unsignedInt",
        "uri",
        "url",
        "uuid",
        "Address",
        "Age",
        "Annotation",
        "Attachment",
        "CodeableConcept",
        "Coding",
        "ContactPoint",
        "Count",
        "Distance",
        "Duration",
        "HumanName",
        "Identifier",
        "Money",
        "Period",
        "Quantity",
        "Range",
        "Ratio",
        "Reference",
        "SampledData",
        "Signature",
        "Timing",
        "ContactDetail",
        "Contributor",
        "DataRequirement",
        "Expression",
        "ParameterDefinition",
        "RelatedArtifact",
        "TriggerDefinition",
        "UsageContext",
        "Dosage",
        "Meta",
        "base64Binary",
        "boolean",
        "canonical",
        "code",
        "date",
        "dateTime",
        "decimal",
        "id",
        "instant",
        "integer",
        "markdown",
        "oid",
        "positiveInt",
        "string",
        "time",
        "unsignedInt",
        "uri",
        "url",
        "uuid",
        "Address",
        "Age",
        "Annotation",
        "Attachment",
        "CodeableConcept",
        "Coding",
        "ContactPoint",
        "Count",
        "Distance",
        "Duration",
        "HumanName",
        "Identifier",
        "Money",
        "Period",
        "Quantity",
        "Range",
        "Ratio",
        "Reference",
        "SampledData",
        "Signature",
        "Timing",
        "ContactDetail",
        "Contributor",
        "DataRequirement",
        "Expression",
        "ParameterDefinition",
        "RelatedArtifact",
        "TriggerDefinition",
        "UsageContext",
        "Dosage",
        "Meta",
        "base64Binary",
        "boolean",
        "canonical",
        "code",
        "date",
        "dateTime",
        "decimal",
        "id",
        "instant",
        "integer",
        "markdown",
        "oid",
        "positiveInt",
        "string",
        "time",
        "unsignedInt",
        "uri",
        "url",
        "uuid",
        "Address",
        "Age",
        "Annotation",
        "Attachment",
        "CodeableConcept",
        "Coding",
        "ContactPoint",
        "Count",
        "Distance",
        "Duration",
        "HumanName",
        "Identifier",
        "Money",
        "Period",
        "Quantity",
        "Range",
        "Ratio",
        "Reference",
        "SampledData",
        "Signature",
        "Timing",
        "ContactDetail",
        "Contributor",
        "DataRequirement",
        "Expression",
        "ParameterDefinition",
        "RelatedArtifact",
        "TriggerDefinition",
        "UsageContext",
        "Dosage",
        "Meta"
      ]
    },
    {
      "url": "https://science37.github.io/FHIR-FSH-Implementation-Guide/StructureDefinition/resource-create-update-at-datetime",
      "title": "Extension : ActivityDefinition|PlanDefinition|Questionnaire - ResourceCreateUpdateAtDateTime",
      "types": [
        "dateTime",
        "dateTime",
        "base64Binary",
        "boolean",
        "canonical",
        "code",
        "date",
        "dateTime",
        "decimal",
        "id",
        "instant",
        "integer",
        "markdown",
        "oid",
        "positiveInt",
        "string",
        "time",
        "unsignedInt",
        "uri",
        "url",
        "uuid",
        "Address",
        "Age",
        "Annotation",
        "Attachment",
        "CodeableConcept",
        "Coding",
        "ContactPoint",
        "Count",
        "Distance",
        "Duration",
        "HumanName",
        "Identifier",
        "Money",
        "Period",
        "Quantity",
        "Range",
        "Ratio",
        "Reference",
        "SampledData",
        "Signature",
        "Timing",
        "ContactDetail",
        "Contributor",
        "DataRequirement",
        "Expression",
        "ParameterDefinition",
        "RelatedArtifact",
        "TriggerDefinition",
        "UsageContext",
        "Dosage",
        "Meta"
      ]
    },
    {
      "url": "https://science37.github.io/FHIR-FSH-Implementation-Guide/StructureDefinition/site-config",
      "title": "Extension : PlanDefinitionS37 - Site Config",
      "types": [
        "string",
        "string",
        "base64Binary",
        "boolean",
        "canonical",
        "code",
        "date",
        "dateTime",
        "decimal",
        "id",
        "instant",
        "integer",
        "markdown",
        "oid",
        "positiveInt",
        "string",
        "time",
        "unsignedInt",
        "uri",
        "url",
        "uuid",
        "Address",
        "Age",
        "Annotation",
        "Attachment",
        "CodeableConcept",
        "Coding",
        "ContactPoint",
        "Count",
        "Distance",
        "Duration",
        "HumanName",
        "Identifier",
        "Money",
        "Period",
        "Quantity",
        "Range",
        "Ratio",
        "Reference",
        "SampledData",
        "Signature",
        "Timing",
        "ContactDetail",
        "Contributor",
        "DataRequirement",
        "Expression",
        "ParameterDefinition",
        "RelatedArtifact",
        "TriggerDefinition",
        "UsageContext",
        "Dosage",
        "Meta"
      ]
    },
    {
      "url": "https://science37.github.io/FHIR-FSH-Implementation-Guide/StructureDefinition/standard-variable",
      "title": "Extension : Questionnaire|Questionnaire.item|Questionnaire.item.item - StandardVairable",
      "types": [
        "string"
      ]
    },
    {
      "url": "https://science37.github.io/FHIR-FSH-Implementation-Guide/StructureDefinition/sub-status",
      "title": "Extension : Questionnaire - Questionniare SubStatus",
      "types": [
        "string"
      ]
    },
    {
      "url": "https://science37.github.io/FHIR-FSH-Implementation-Guide/StructureDefinition/supported-languages",
      "title": "Extension : Questionnaire - Supported Languages",
      "types": [
        "code",
        "code",
        "base64Binary",
        "boolean",
        "canonical",
        "code",
        "date",
        "dateTime",
        "decimal",
        "id",
        "instant",
        "integer",
        "markdown",
        "oid",
        "positiveInt",
        "string",
        "time",
        "unsignedInt",
        "uri",
        "url",
        "uuid",
        "Address",
        "Age",
        "Annotation",
        "Attachment",
        "CodeableConcept",
        "Coding",
        "ContactPoint",
        "Count",
        "Distance",
        "Duration",
        "HumanName",
        "Identifier",
        "Money",
        "Period",
        "Quantity",
        "Range",
        "Ratio",
        "Reference",
        "SampledData",
        "Signature",
        "Timing",
        "ContactDetail",
        "Contributor",
        "DataRequirement",
        "Expression",
        "ParameterDefinition",
        "RelatedArtifact",
        "TriggerDefinition",
        "UsageContext",
        "Dosage",
        "Meta"
      ]
    },
    {
      "url": "https://science37.github.io/FHIR-FSH-Implementation-Guide/StructureDefinition/time-period",
      "title": "Extension : PlanDefinitionS37 - Time Period",
      "types": [
        "string",
        "string",
        "base64Binary",
        "boolean",
        "canonical",
        "code",
        "date",
        "dateTime",
        "decimal",
        "id",
        "instant",
        "integer",
        "markdown",
        "oid",
        "positiveInt",
        "string",
        "time",
        "unsignedInt",
        "uri",
        "url",
        "uuid",
        "Address",
        "Age",
        "Annotation",
        "Attachment",
        "CodeableConcept",
        "Coding",
        "ContactPoint",
        "Count",
        "Distance",
        "Duration",
        "HumanName",
        "Identifier",
        "Money",
        "Period",
        "Quantity",
        "Range",
        "Ratio",
        "Reference",
        "SampledData",
        "Signature",
        "Timing",
        "ContactDetail",
        "Contributor",
        "DataRequirement",
        "Expression",
        "ParameterDefinition",
        "RelatedArtifact",
        "TriggerDefinition",
        "UsageContext",
        "Dosage",
        "Meta"
      ]
    },
    {
      "url": "https://science37.github.io/FHIR-FSH-Implementation-Guide/StructureDefinition/version",
      "title": "Extension : Questionnaire.item -  Item Version",
      "types": [
        "id"
      ]
    },
    {
      "url": "https://science37.github.io/FHIR-FSH-Implementation-Guide/StructureDefinition/version-number",
      "title": "Extension : ActivityDefinition|PlanDefinition - Version Number",
      "types": [
        "id",
        "id",
        "base64Binary",
        "boolean",
        "canonical",
        "code",
        "date",
        "dateTime",
        "decimal",
        "id",
        "instant",
        "integer",
        "markdown",
        "oid",
        "positiveInt",
        "string",
        "time",
        "unsignedInt",
        "uri",
        "url",
        "uuid",
        "Address",
        "Age",
        "Annotation",
        "Attachment",
        "CodeableConcept",
        "Coding",
        "ContactPoint",
        "Count",
        "Distance",
        "Duration",
        "HumanName",
        "Identifier",
        "Money",
        "Period",
        "Quantity",
        "Range",
        "Ratio",
        "Reference",
        "SampledData",
        "Signature",
        "Timing",
        "ContactDetail",
        "Contributor",
        "DataRequirement",
        "Expression",
        "ParameterDefinition",
        "RelatedArtifact",
        "TriggerDefinition",
        "UsageContext",
        "Dosage",
        "Meta"
      ]
    },
    {
      "url": "https://science37.github.io/FHIR-FSH-Implementation-Guide/StructureDefinition/visit-type",
      "title": "Extension : ActivityDefinition - Visit Type",
      "types": [
        "string"
      ]
    }
  ],
  "profiles": {
    "PlanDefinition": [
      {
        "url": "https://science37.github.io/FHIR-FSH-Implementation-Guide/StructureDefinition/plandefinition-s37",
        "title": "Profile : PlanDefinitionS37"
      }
    ],
    "ActivityDefinition": [
      {
        "url": "https://science37.github.io/FHIR-FSH-Implementation-Guide/StructureDefinition/activity-definition-s37",
        "title": "Profile : ActivityDefinitionS37"
      }
    ],
    "Questionnaire": [
      {
        "url": "https://science37.github.io/FHIR-FSH-Implementation-Guide/StructureDefinition/questionnaire-s37-sdc",
        "title": "Profile : QuestionnaireS37SDC"
      }
    ]
  },
  "usage": {
    "http://hl7.org/fhir/StructureDefinition/cqf-expression": [
      "Questionnaire.item.text"
    ],
    "http://hl7.org/fhir/StructureDefinition/designNote": [
      "Questionnaire",
      "Questionnaire.item"
    ],
    "http://hl7.org/fhir/StructureDefinition/elementdefinition-bestpractice": [
      "StructureDefinition.snapshot.element.constraint"
    ],
    "http://hl7.org/fhir/StructureDefinition/elementdefinition-bestpractice-explanation": [
      "StructureDefinition.snapshot.element.constraint"
    ],
    "http://hl7.org/fhir/StructureDefinition/elementdefinition-bindingName": [
      "StructureDefinition.snapshot.element.binding"
    ],
    "http://hl7.org/fhir/StructureDefinition/elementdefinition-isCommonBinding": [
      "StructureDefinition.snapshot.element.binding"
    ],
    "http://hl7.org/fhir/StructureDefinition/elementdefinition-maxValueSet": [
      "StructureDefinition.snapshot.element.binding"
    ],
    "http://hl7.org/fhir/StructureDefinition/elementdefinition-translatable": [
      "StructureDefinition.snapshot.element"
    ],
    "http://hl7.org/fhir/StructureDefinition/entryFormat": [
      "Questionnaire.item"
    ],
    "http://hl7.org/fhir/StructureDefinition/maxValue": [
      "Questionnaire.item"
    ],
    "http://hl7.org/fhir/StructureDefinition/minValue": [
      "Questionnaire.item",
      "Questionnaire.item.item"
    ],
    "http://hl7.org/fhir/StructureDefinition/questionnaire-choiceOrientation": [
      "Questionnaire.item"
    ],
    "http://hl7.org/fhir/StructureDefinition/questionnaire-displayCategory": [
      "Questionnaire.item"
    ],
    "http://hl7.org/fhir/StructureDefinition/questionnaire-hidden": [
      "Questionnaire.item",
      "Questionnaire.item.item"
    ],
    "http://hl7.org/fhir/StructureDefinition/questionnaire-itemControl": [
      "Questionnaire.item"
    ],
    "http://hl7.org/fhir/StructureDefinition/questionnaire-sliderStepValue": [
      "Questionnaire.item"
    ],
    "http://hl7.org/fhir/StructureDefinition/questionnaire-supportLink": [
      "Questionnaire.item"
    ],
    "http://hl7.org/fhir/StructureDefinition/regex": [
      "StructureDefinition.snapshot.element.type"
    ],
    "http://hl7.org/fhir/StructureDefinition/rendering-style": [
      "Questionnaire.item.answerOption.value[x]",
      "Questionnaire.item.answerOption.value[x].display",
      "Questionnaire.item.prefix",
      "Questionnaire.item.text",
      "Questionnaire.title"
    ],
    "http://hl7.org/fhir/StructureDefinition/rendering-styleSensitive": [
      "Questionnaire"
    ],
    "http://hl7.org/fhir/StructureDefinition/rendering-xhtml": [
      "Questionnaire.item.answerOption.value[x]",
      "Questionnaire.item.answerOption.value[x].display",
      "Questionnaire.item.prefix",
      "Questionnaire.item.text",
      "Questionnaire.title"
    ],
    "http://hl7.org/fhir/StructureDefinition/structuredefinition-category": [
      "StructureDefinition"
    ],
    "http://hl7.org/fhir/StructureDefinition/structuredefinition-fhir-type": [
      "StructureDefinition.snapshot.element.type"
    ],
    "http://hl7.org/fhir/StructureDefinition/structuredefinition-security-category": [
      "StructureDefinition"
    ],
    "http://hl7.org/fhir/tools/StructureDefinition/ig-parameter": [
      "ImplementationGuide.definition"
    ],
    "http://hl7.org/fhir/tools/StructureDefinition/resource-information": [
      "ImplementationGuide.definition.resource"
    ],
    "http://hl7.org/fhir/uv/sdc/StructureDefinition/sdc-questionnaire-assemble-expectation": [
      "Questionnaire"
    ],
    "http://hl7.org/fhir/uv/sdc/StructureDefinition/sdc-questionnaire-choiceColumn": [
      "Questionnaire.item"
    ],
    "http://hl7.org/fhir/uv/sdc/StructureDefinition/sdc-questionnaire-collapsible": [
      "Questionnaire.item"
    ],
    "http://hl7.org/fhir/uv/sdc/StructureDefinition/sdc-questionnaire-itemAnswerMedia": [
      "Questionnaire.item.answerOption"
    ],
    "http://hl7.org/fhir/uv/sdc/StructureDefinition/sdc-questionnaire-itemMedia": [
      "Questionnaire.item"
    ],
    "http://hl7.org/fhir/uv/sdc/StructureDefinition/sdc-questionnaire-observationExtract": [
      "Questionnaire.item",
      "Questionnaire.item.item"
    ],
    "http://hl7.org/fhir/uv/sdc/StructureDefinition/sdc-questionnaire-openLabel": [
      "Questionnaire.item"
    ],
    "http://hl7.org/fhir/uv/sdc/StructureDefinition/sdc-questionnaire-optionalDisplay": [
      "Questionnaire.item"
    ],
    "http://hl7.org/fhir/uv/sdc/StructureDefinition/sdc-questionnaire-performerType": [
      "Questionnaire"
    ],
    "http://hl7.org/fhir/uv/sdc/StructureDefinition/sdc-questionnaire-preferredTerminologyServer": [
      "Questionnaire",
      "Questionnaire.item"
    ],
    "http://hl7.org/fhir/uv/sdc/StructureDefinition/sdc-questionnaire-shortText": [
      "Questionnaire.item"
    ],
    "http://hl7.org/fhir/uv/sdc/StructureDefinition/sdc-questionnaire-width": [
      "Questionnaire.item"
    ],
    "https://science37.github.io/FHIR-FSH-Implementation-Guide/StructureDefinition/day-0": [
      "PlanDefinition"
    ],
    "https://science37.github.io/FHIR-FSH-Implementation-Guide/StructureDefinition/device": [
      "Questionnaire"
    ],
    "https://science37.github.io/FHIR-FSH-Implementation-Guide/StructureDefinition/display-order": [
      "ActivityDefinition"
    ],
    "https://science37.github.io/FHIR-FSH-Implementation-Guide/StructureDefinition/econsent-from-group-id": [
      "ActivityDefinition"
    ],
    "https://science37.github.io/FHIR-FSH-Implementation-Guide/StructureDefinition/form-collection": [
      "PlanDefinition.action",
      "PlanDefinition.action.action"
    ],
    "https://science37.github.io/FHIR-FSH-Implementation-Guide/StructureDefinition/form-config": [
      "Extension.extension",
      "PlanDefinition.action",
      "PlanDefinition.action.action"
    ],
    "https://science37.github.io/FHIR-FSH-Implementation-Guide/StructureDefinition/oid": [
      "ActivityDefinition"
    ],
    "https://science37.github.io/FHIR-FSH-Implementation-Guide/StructureDefinition/parent-reference": [
      "ActivityDefinition",
      "PlanDefinition"
    ],
    "https://science37.github.io/FHIR-FSH-Implementation-Guide/StructureDefinition/protocal-version": [
      "PlanDefinition"
    ],
    "https://science37.github.io/FHIR-FSH-Implementation-Guide/StructureDefinition/rendering": [
      "Questionnaire",
      "Questionnaire.item",
      "Questionnaire.item.item"
    ],
    "https://science37.github.io/FHIR-FSH-Implementation-Guide/StructureDefinition/resource-create-update-at-datetime": [
      "ActivityDefinition",
      "PlanDefinition",
      "Questionnaire"
    ],
    "https://science37.github.io/FHIR-FSH-Implementation-Guide/StructureDefinition/site-config": [
      "Extension.extension"
    ],
    "https://science37.github.io/FHIR-FSH-Implementation-Guide/StructureDefinition/standard-variable": [
      "Questionnaire",
      "Questionnaire.item",
      "Questionnaire.item.item"
    ],
    "https://science37.github.io/FHIR-FSH-Implementation-Guide/StructureDefinition/sub-status": [
      "Questionnaire"
    ],
    "https://science37.github.io/FHIR-FSH-Implementation-Guide/StructureDefinition/supported-languages": [
      "Questionnaire"
    ],
    "https://science37.github.io/FHIR-FSH-Implementation-Guide/StructureDefinition/time-period": [
      "Extension.extension"
    ],
    "https://science37.github.io/FHIR-FSH-Implementation-Guide/StructureDefinition/version": [
      "Questionnaire.item",
      "Questionnaire.item.item"
    ],
    "https://science37.github.io/FHIR-FSH-Implementation-Guide/StructureDefinition/version-number": [
      "ActivityDefinition",
      "PlanDefinition"
    ],
    "https://science37.github.io/FHIR-FSH-Implementation-Guide/StructureDefinition/visit-type": [
      "ActivityDefinition"
    ]
  }
}