{
  "resourceType": "ImplementationGuide",
  "id": "science37.FHIR-IG",
  "text": {
    "status": "extensions",
    "div": "<div xmlns=\"http://www.w3.org/1999/xhtml\"><h2>S37FHIRIG</h2><p>The official URL for this implementation guide is: </p><pre>https://science37.github.io/FHIR-FSH-Implementation-Guide/ImplementationGuide/science37.FHIR-IG</pre><div><p>Implementation Guide for all Science 37 FHIR augmentations.</p>\n</div></div>"
  },
  "url": "https://science37.github.io/FHIR-FSH-Implementation-Guide/ImplementationGuide/science37.FHIR-IG",
  "version": "1.0.0-S37",
  "name": "S37FHIRIG",
  "title": "Science 37 FHIR Implementation-Guide",
  "status": "active",
  "date": "2022-05-20T20:32:52+00:00",
  "publisher": "Science37",
  "description": "Implementation Guide for all Science 37 FHIR augmentations.",
  "jurisdiction": [
    {
      "coding": [
        {
          "system": "urn:iso:std:iso:3166",
          "code": "US",
          "display": "United States of America"
        }
      ]
    }
  ],
  "packageId": "science37.FHIR-IG",
  "license": "CC0-1.0",
  "fhirVersion": [
    "4.0.1"
  ],
  "dependsOn": [
    {
      "id": "hl7tx",
      "uri": "http://terminology.hl7.org/ImplementationGuide/hl7.terminology",
      "packageId": "hl7.terminology.r4",
      "version": "3.1.0"
    },
    {
      "id": "hl7_fhir_uv_sdc",
      "uri": "http://hl7.org/fhir/uv/sdc/ImplementationGuide/hl7.fhir.uv.sdc",
      "packageId": "hl7.fhir.uv.sdc",
      "version": "3.0.0"
    }
  ],
  "definition": {
    "extension": [
      {
        "extension": [
          {
            "url": "code",
            "valueString": "copyrightyear"
          },
          {
            "url": "value",
            "valueString": "2022+"
          }
        ],
        "url": "http://hl7.org/fhir/tools/StructureDefinition/ig-parameter"
      },
      {
        "extension": [
          {
            "url": "code",
            "valueString": "releaselabel"
          },
          {
            "url": "value",
            "valueString": "ci-build"
          }
        ],
        "url": "http://hl7.org/fhir/tools/StructureDefinition/ig-parameter"
      },
      {
        "extension": [
          {
            "url": "code",
            "valueString": "path-liquid"
          },
          {
            "url": "value",
            "valueString": "template/liquid"
          }
        ],
        "url": "http://hl7.org/fhir/tools/StructureDefinition/ig-parameter"
      },
      {
        "extension": [
          {
            "url": "code",
            "valueString": "path-liquid"
          },
          {
            "url": "value",
            "valueString": "input/liquid"
          }
        ],
        "url": "http://hl7.org/fhir/tools/StructureDefinition/ig-parameter"
      },
      {
        "extension": [
          {
            "url": "code",
            "valueString": "path-qa"
          },
          {
            "url": "value",
            "valueString": "temp/qa"
          }
        ],
        "url": "http://hl7.org/fhir/tools/StructureDefinition/ig-parameter"
      },
      {
        "extension": [
          {
            "url": "code",
            "valueString": "path-temp"
          },
          {
            "url": "value",
            "valueString": "temp/pages"
          }
        ],
        "url": "http://hl7.org/fhir/tools/StructureDefinition/ig-parameter"
      },
      {
        "extension": [
          {
            "url": "code",
            "valueString": "path-output"
          },
          {
            "url": "value",
            "valueString": "output"
          }
        ],
        "url": "http://hl7.org/fhir/tools/StructureDefinition/ig-parameter"
      },
      {
        "extension": [
          {
            "url": "code",
            "valueString": "path-suppressed-warnings"
          },
          {
            "url": "value",
            "valueString": "input/ignoreWarnings.txt"
          }
        ],
        "url": "http://hl7.org/fhir/tools/StructureDefinition/ig-parameter"
      },
      {
        "extension": [
          {
            "url": "code",
            "valueString": "path-history"
          },
          {
            "url": "value",
            "valueString": "https://science37.github.io/FHIR-FSH-Implementation-Guide/history.html"
          }
        ],
        "url": "http://hl7.org/fhir/tools/StructureDefinition/ig-parameter"
      },
      {
        "extension": [
          {
            "url": "code",
            "valueString": "template-html"
          },
          {
            "url": "value",
            "valueString": "template-page.html"
          }
        ],
        "url": "http://hl7.org/fhir/tools/StructureDefinition/ig-parameter"
      },
      {
        "extension": [
          {
            "url": "code",
            "valueString": "template-md"
          },
          {
            "url": "value",
            "valueString": "template-page-md.html"
          }
        ],
        "url": "http://hl7.org/fhir/tools/StructureDefinition/ig-parameter"
      },
      {
        "extension": [
          {
            "url": "code",
            "valueString": "apply-contact"
          },
          {
            "url": "value",
            "valueString": "true"
          }
        ],
        "url": "http://hl7.org/fhir/tools/StructureDefinition/ig-parameter"
      },
      {
        "extension": [
          {
            "url": "code",
            "valueString": "apply-context"
          },
          {
            "url": "value",
            "valueString": "true"
          }
        ],
        "url": "http://hl7.org/fhir/tools/StructureDefinition/ig-parameter"
      },
      {
        "extension": [
          {
            "url": "code",
            "valueString": "apply-copyright"
          },
          {
            "url": "value",
            "valueString": "true"
          }
        ],
        "url": "http://hl7.org/fhir/tools/StructureDefinition/ig-parameter"
      },
      {
        "extension": [
          {
            "url": "code",
            "valueString": "apply-jurisdiction"
          },
          {
            "url": "value",
            "valueString": "true"
          }
        ],
        "url": "http://hl7.org/fhir/tools/StructureDefinition/ig-parameter"
      },
      {
        "extension": [
          {
            "url": "code",
            "valueString": "apply-license"
          },
          {
            "url": "value",
            "valueString": "true"
          }
        ],
        "url": "http://hl7.org/fhir/tools/StructureDefinition/ig-parameter"
      },
      {
        "extension": [
          {
            "url": "code",
            "valueString": "apply-publisher"
          },
          {
            "url": "value",
            "valueString": "true"
          }
        ],
        "url": "http://hl7.org/fhir/tools/StructureDefinition/ig-parameter"
      },
      {
        "extension": [
          {
            "url": "code",
            "valueString": "apply-version"
          },
          {
            "url": "value",
            "valueString": "true"
          }
        ],
        "url": "http://hl7.org/fhir/tools/StructureDefinition/ig-parameter"
      },
      {
        "extension": [
          {
            "url": "code",
            "valueString": "active-tables"
          },
          {
            "url": "value",
            "valueString": "true"
          }
        ],
        "url": "http://hl7.org/fhir/tools/StructureDefinition/ig-parameter"
      },
      {
        "extension": [
          {
            "url": "code",
            "valueString": "fmm-definition"
          },
          {
            "url": "value",
            "valueString": "http://hl7.org/fhir/versions.html#maturity"
          }
        ],
        "url": "http://hl7.org/fhir/tools/StructureDefinition/ig-parameter"
      },
      {
        "extension": [
          {
            "url": "code",
            "valueString": "propagate-status"
          },
          {
            "url": "value",
            "valueString": "true"
          }
        ],
        "url": "http://hl7.org/fhir/tools/StructureDefinition/ig-parameter"
      },
      {
        "extension": [
          {
            "url": "code",
            "valueString": "excludelogbinaryformat"
          },
          {
            "url": "value",
            "valueString": "true"
          }
        ],
        "url": "http://hl7.org/fhir/tools/StructureDefinition/ig-parameter"
      }
    ],
    "resource": [
      {
        "extension": [
          {
            "url": "http://hl7.org/fhir/tools/StructureDefinition/resource-information",
            "valueString": "StructureDefinition:resource"
          }
        ],
        "reference": {
          "reference": "StructureDefinition/plandefinition-s37"
        },
        "name": "PlanDefinitionS37 ",
        "description": "plan definition specific to science 37 implementation.",
        "exampleBoolean": false
      },
      {
        "extension": [
          {
            "url": "http://hl7.org/fhir/tools/StructureDefinition/resource-information",
            "valueString": "StructureDefinition:resource"
          }
        ],
        "reference": {
          "reference": "StructureDefinition/questionnaire-s37-sdc"
        },
        "name": "Profile : QuestionnaireS37SDC",
        "description": "Profile : QuestionnaireS37SDC",
        "exampleBoolean": false
      },
      {
        "extension": [
          {
            "url": "http://hl7.org/fhir/tools/StructureDefinition/resource-information",
            "valueString": "StructureDefinition:extension"
          }
        ],
        "reference": {
          "reference": "StructureDefinition/device-report-field"
        },
        "name": "DeviceReportField",
        "description": "the third party report field used to obtain the value of the item ",
        "exampleBoolean": false
      },
      {
        "extension": [
          {
            "url": "http://hl7.org/fhir/tools/StructureDefinition/resource-information",
            "valueString": "StructureDefinition:extension"
          }
        ],
        "reference": {
          "reference": "StructureDefinition/device-type"
        },
        "name": "device Type",
        "description": "identifies the specific device type that is registered with a third-party provider",
        "exampleBoolean": false
      },
      {
        "extension": [
          {
            "url": "http://hl7.org/fhir/tools/StructureDefinition/resource-information",
            "valueString": "StructureDefinition:extension"
          }
        ],
        "reference": {
          "reference": "StructureDefinition/parent-reference"
        },
        "name": "Parent Reference",
        "description": "extension to show reference back to a parent instance",
        "exampleBoolean": false
      },
      {
        "extension": [
          {
            "url": "http://hl7.org/fhir/tools/StructureDefinition/resource-information",
            "valueString": "StructureDefinition:extension"
          }
        ],
        "reference": {
          "reference": "StructureDefinition/protocal-version"
        },
        "name": "ProtocalVersion",
        "description": "identifies the specific protocal version",
        "exampleBoolean": false
      },
      {
        "extension": [
          {
            "url": "http://hl7.org/fhir/tools/StructureDefinition/resource-information",
            "valueString": "StructureDefinition:extension"
          }
        ],
        "reference": {
          "reference": "StructureDefinition/rendering"
        },
        "name": "Extension : Object Rendering Settings",
        "description": "Extension : Object Rendering Settings. The data structure the complex data structure depicted here can be used to depict Science 37 specific rendering configurations at the questionnaire level or the questionnaire item level.",
        "exampleBoolean": false
      },
      {
        "extension": [
          {
            "url": "http://hl7.org/fhir/tools/StructureDefinition/resource-information",
            "valueString": "StructureDefinition:extension"
          }
        ],
        "reference": {
          "reference": "StructureDefinition/resource-create-update-at-datetime"
        },
        "name": "Extension : ResourceCreateUpdateAtDateTime",
        "description": "Captures the created at an updated at attributes of date timestamps for a questionnaire",
        "exampleBoolean": false
      },
      {
        "extension": [
          {
            "url": "http://hl7.org/fhir/tools/StructureDefinition/resource-information",
            "valueString": "StructureDefinition:extension"
          }
        ],
        "reference": {
          "reference": "StructureDefinition/sub-status"
        },
        "name": "Extension : Questionniare SubStatus",
        "description": "used to capture other statuses when questionnaire status is set to unknown",
        "exampleBoolean": false
      },
      {
        "extension": [
          {
            "url": "http://hl7.org/fhir/tools/StructureDefinition/resource-information",
            "valueString": "StructureDefinition:extension"
          }
        ],
        "reference": {
          "reference": "StructureDefinition/supported-languages"
        },
        "name": "Extension : Supported Languages",
        "description": " Supported Languages : Contains a list of languages that is supported by the questionnaire",
        "exampleBoolean": false
      },
      {
        "extension": [
          {
            "url": "http://hl7.org/fhir/tools/StructureDefinition/resource-information",
            "valueString": "StructureDefinition:extension"
          }
        ],
        "reference": {
          "reference": "StructureDefinition/version"
        },
        "name": "Extension : Item Version",
        "description": "Item Version",
        "exampleBoolean": false
      },
      {
        "extension": [
          {
            "url": "http://hl7.org/fhir/tools/StructureDefinition/resource-information",
            "valueString": "StructureDefinition:extension"
          }
        ],
        "reference": {
          "reference": "StructureDefinition/version-number"
        },
        "name": "Version Number",
        "description": "version number",
        "exampleBoolean": false
      },
      {
        "extension": [
          {
            "url": "http://hl7.org/fhir/tools/StructureDefinition/resource-information",
            "valueString": "Questionnaire"
          }
        ],
        "reference": {
          "reference": "Questionnaire/Item-Extension-Example-All-Items"
        },
        "name": "Example : Questionnaire.Item-All-Items",
        "description": "Example : Questionnaire.Item-All-Items",
        "exampleCanonical": "https://science37.github.io/FHIR-FSH-Implementation-Guide/StructureDefinition/questionnaire-s37-sdc"
      },
      {
        "extension": [
          {
            "url": "http://hl7.org/fhir/tools/StructureDefinition/resource-information",
            "valueString": "PlanDefinition"
          }
        ],
        "reference": {
          "reference": "PlanDefinition/PlanDefintionsExample"
        },
        "name": "PlanDefintionsExample",
        "description": "PlanDefintionsExample",
        "exampleCanonical": "https://science37.github.io/FHIR-FSH-Implementation-Guide/StructureDefinition/plandefinition-s37"
      },
      {
        "extension": [
          {
            "url": "http://hl7.org/fhir/tools/StructureDefinition/resource-information",
            "valueString": "Questionnaire"
          }
        ],
        "reference": {
          "reference": "Questionnaire/Questionnaire-Extension-Example"
        },
        "name": "Example : Questionnaire Basic Example",
        "description": "Example : Questionnaire Basic Example",
        "exampleCanonical": "https://science37.github.io/FHIR-FSH-Implementation-Guide/StructureDefinition/questionnaire-s37-sdc"
      },
      {
        "extension": [
          {
            "url": "http://hl7.org/fhir/tools/StructureDefinition/resource-information",
            "valueString": "Questionnaire"
          }
        ],
        "reference": {
          "reference": "Questionnaire/Questionnaire-Item-Extension-Example-DateTime"
        },
        "name": "Example : Questionnaire.Item-DateTime",
        "description": "Example : Questionnaire.Item-DateTime",
        "exampleCanonical": "https://science37.github.io/FHIR-FSH-Implementation-Guide/StructureDefinition/questionnaire-s37-sdc"
      },
      {
        "extension": [
          {
            "url": "http://hl7.org/fhir/tools/StructureDefinition/resource-information",
            "valueString": "Questionnaire"
          }
        ],
        "reference": {
          "reference": "Questionnaire/Questionnaire-Item-Extension-Example-FileUpload"
        },
        "name": "Example : Questionnaire.Item-FileUpload",
        "description": "Example : Questionnaire.Item-FileUpload",
        "exampleCanonical": "https://science37.github.io/FHIR-FSH-Implementation-Guide/StructureDefinition/questionnaire-s37-sdc"
      },
      {
        "extension": [
          {
            "url": "http://hl7.org/fhir/tools/StructureDefinition/resource-information",
            "valueString": "Questionnaire"
          }
        ],
        "reference": {
          "reference": "Questionnaire/Questionnaire-Item-Extension-Example-Footer"
        },
        "name": "Example : Questionnaire.Item-Footer",
        "description": "Example : Questionnaire.Item-Footer",
        "exampleCanonical": "https://science37.github.io/FHIR-FSH-Implementation-Guide/StructureDefinition/questionnaire-s37-sdc"
      },
      {
        "extension": [
          {
            "url": "http://hl7.org/fhir/tools/StructureDefinition/resource-information",
            "valueString": "Questionnaire"
          }
        ],
        "reference": {
          "reference": "Questionnaire/Questionnaire-Item-Extension-Example-Header"
        },
        "name": "Example : Questionnaire.Item-Header",
        "description": "Example : Questionnaire.Item-Header",
        "exampleCanonical": "https://science37.github.io/FHIR-FSH-Implementation-Guide/StructureDefinition/questionnaire-s37-sdc"
      },
      {
        "extension": [
          {
            "url": "http://hl7.org/fhir/tools/StructureDefinition/resource-information",
            "valueString": "Questionnaire"
          }
        ],
        "reference": {
          "reference": "Questionnaire/Questionnaire-Item-Extension-Example-Image"
        },
        "name": "Example : Questionnaire.Item-Image",
        "description": "Example : Questionnaire.Item-Image",
        "exampleCanonical": "https://science37.github.io/FHIR-FSH-Implementation-Guide/StructureDefinition/questionnaire-s37-sdc"
      },
      {
        "extension": [
          {
            "url": "http://hl7.org/fhir/tools/StructureDefinition/resource-information",
            "valueString": "Questionnaire"
          }
        ],
        "reference": {
          "reference": "Questionnaire/Questionnaire-Item-Extension-Example-MultiSelect"
        },
        "name": "Example : Questionnaire.Item-MultiMultiSelect",
        "description": "Example : Questionnaire.Item-MultiSelect",
        "exampleCanonical": "https://science37.github.io/FHIR-FSH-Implementation-Guide/StructureDefinition/questionnaire-s37-sdc"
      },
      {
        "extension": [
          {
            "url": "http://hl7.org/fhir/tools/StructureDefinition/resource-information",
            "valueString": "Questionnaire"
          }
        ],
        "reference": {
          "reference": "Questionnaire/Questionnaire-Item-Extension-Example-Number-Decimal"
        },
        "name": "Example : Questionnaire.Item-Number-Decimal",
        "description": "Example : Questionnaire.Item-Number-Decimal",
        "exampleCanonical": "https://science37.github.io/FHIR-FSH-Implementation-Guide/StructureDefinition/questionnaire-s37-sdc"
      },
      {
        "extension": [
          {
            "url": "http://hl7.org/fhir/tools/StructureDefinition/resource-information",
            "valueString": "Questionnaire"
          }
        ],
        "reference": {
          "reference": "Questionnaire/Questionnaire-Item-Extension-Example-Number-Integer"
        },
        "name": "Example : Questionnaire.Item-Number-Integer",
        "description": "Example : Questionnaire.Item-Number-Integer",
        "exampleCanonical": "https://science37.github.io/FHIR-FSH-Implementation-Guide/StructureDefinition/questionnaire-s37-sdc"
      },
      {
        "extension": [
          {
            "url": "http://hl7.org/fhir/tools/StructureDefinition/resource-information",
            "valueString": "Questionnaire"
          }
        ],
        "reference": {
          "reference": "Questionnaire/Questionnaire-Item-Extension-Example-RatingScale"
        },
        "name": "Example : Questionnaire.Item-RatingScale",
        "description": "Example : Questionnaire.Item-RatingScale",
        "exampleCanonical": "https://science37.github.io/FHIR-FSH-Implementation-Guide/StructureDefinition/questionnaire-s37-sdc"
      },
      {
        "extension": [
          {
            "url": "http://hl7.org/fhir/tools/StructureDefinition/resource-information",
            "valueString": "Questionnaire"
          }
        ],
        "reference": {
          "reference": "Questionnaire/Questionnaire-Item-Extension-Example-RichText"
        },
        "name": "Example : Questionnaire.Item-RichText",
        "description": "Example : Questionnaire.Item-RichText",
        "exampleCanonical": "https://science37.github.io/FHIR-FSH-Implementation-Guide/StructureDefinition/questionnaire-s37-sdc"
      },
      {
        "extension": [
          {
            "url": "http://hl7.org/fhir/tools/StructureDefinition/resource-information",
            "valueString": "Questionnaire"
          }
        ],
        "reference": {
          "reference": "Questionnaire/Questionnaire-Item-Extension-Example-Select"
        },
        "name": "Example : Questionnaire.Item-Select",
        "description": "Example : Questionnaire.Item-Select",
        "exampleCanonical": "https://science37.github.io/FHIR-FSH-Implementation-Guide/StructureDefinition/questionnaire-s37-sdc"
      },
      {
        "extension": [
          {
            "url": "http://hl7.org/fhir/tools/StructureDefinition/resource-information",
            "valueString": "Questionnaire"
          }
        ],
        "reference": {
          "reference": "Questionnaire/Questionnaire-Item-Extension-Example-Text"
        },
        "name": "Example : Questionnaire.Item-Text",
        "description": "Example : Questionnaire.Item-Text",
        "exampleCanonical": "https://science37.github.io/FHIR-FSH-Implementation-Guide/StructureDefinition/questionnaire-s37-sdc"
      },
      {
        "extension": [
          {
            "url": "http://hl7.org/fhir/tools/StructureDefinition/resource-information",
            "valueString": "Questionnaire"
          }
        ],
        "reference": {
          "reference": "Questionnaire/Questionnaire-Item-Extension-Example-TextArea"
        },
        "name": "Example : Questionnaire.Item-TextArea",
        "description": "Example : Questionnaire.Item-TextArea",
        "exampleCanonical": "https://science37.github.io/FHIR-FSH-Implementation-Guide/StructureDefinition/questionnaire-s37-sdc"
      },
      {
        "extension": [
          {
            "url": "http://hl7.org/fhir/tools/StructureDefinition/resource-information",
            "valueString": "Questionnaire"
          }
        ],
        "reference": {
          "reference": "Questionnaire/Questionnaire-Item-Extension-Example-VASScale"
        },
        "name": "Example : Questionnaire.Item-VASScale",
        "description": "Example : Questionnaire.Item-VASScale",
        "exampleCanonical": "https://science37.github.io/FHIR-FSH-Implementation-Guide/StructureDefinition/questionnaire-s37-sdc"
      },
      {
        "extension": [
          {
            "url": "http://hl7.org/fhir/tools/StructureDefinition/resource-information",
            "valueString": "Questionnaire"
          }
        ],
        "reference": {
          "reference": "Questionnaire/Questionnaire-Item-Extension-Example-derived"
        },
        "name": "Example : Questionnaire.Item-Derived",
        "description": "Example : Questionnaire.Item-Derived",
        "exampleCanonical": "https://science37.github.io/FHIR-FSH-Implementation-Guide/StructureDefinition/questionnaire-s37-sdc"
      },
      {
        "extension": [
          {
            "url": "http://hl7.org/fhir/tools/StructureDefinition/resource-information",
            "valueString": "Questionnaire"
          }
        ],
        "reference": {
          "reference": "Questionnaire/Questionnaire-Item-Extension-Example-page-break"
        },
        "name": "Example : Questionnaire.Item-Page-Break",
        "description": "Example : Questionnaire.Item-Page-Break",
        "exampleCanonical": "https://science37.github.io/FHIR-FSH-Implementation-Guide/StructureDefinition/questionnaire-s37-sdc"
      }
    ],
    "page": {
      "nameUrl": "toc.html",
      "title": "Table of Contents",
      "generation": "html",
      "page": [
        {
          "nameUrl": "index.html",
          "title": "Home",
          "generation": "markdown"
        }
      ]
    },
    "parameter": [
      {
        "code": "path-resource",
        "value": "input/capabilities"
      },
      {
        "code": "path-resource",
        "value": "input/examples"
      },
      {
        "code": "path-resource",
        "value": "input/extensions"
      },
      {
        "code": "path-resource",
        "value": "input/models"
      },
      {
        "code": "path-resource",
        "value": "input/operations"
      },
      {
        "code": "path-resource",
        "value": "input/profiles"
      },
      {
        "code": "path-resource",
        "value": "input/resources"
      },
      {
        "code": "path-resource",
        "value": "input/vocabulary"
      },
      {
        "code": "path-resource",
        "value": "input/maps"
      },
      {
        "code": "path-resource",
        "value": "input/testing"
      },
      {
        "code": "path-resource",
        "value": "input/history"
      },
      {
        "code": "path-resource",
        "value": "fsh-generated/resources"
      },
      {
        "code": "path-pages",
        "value": "template/config"
      },
      {
        "code": "path-pages",
        "value": "input/images"
      },
      {
        "code": "path-tx-cache",
        "value": "input-cache/txcache"
      }
    ]
  }
}