<?xml version="1.0" encoding="UTF-8"?><ImplementationGuide xmlns="http://hl7.org/fhir"><id value="science37.FHIR-IG"/><text><status value="extensions"/><div xmlns="http://www.w3.org/1999/xhtml"><h2>S37FHIRIG</h2><p>The official URL for this implementation guide is: </p><pre>https://science37.github.io/FHIR-FSH-Implementation-Guide/ImplementationGuide/science37.FHIR-IG</pre><div><p>Implementation Guide for all Science 37 FHIR augmentations.</p>
</div></div></text><url value="https://science37.github.io/FHIR-FSH-Implementation-Guide/ImplementationGuide/science37.FHIR-IG"/><version value="1.0.0-S37"/><name value="S37FHIRIG"/><title value="Science 37 FHIR Implementation-Guide"/><status value="active"/><date value="2022-07-04T18:23:06+00:00"/><publisher value="Science37"/><description value="Implementation Guide for all Science 37 FHIR augmentations."/><jurisdiction><coding><system value="urn:iso:std:iso:3166"/><code value="US"/><display value="United States of America"/></coding></jurisdiction><packageId value="science37.FHIR-IG"/><license value="CC0-1.0"/><fhirVersion value="4.0.1"/><dependsOn id="hl7tx"><uri value="http://terminology.hl7.org/ImplementationGuide/hl7.terminology"/><packageId value="hl7.terminology.r4"/><version value="3.1.0"/></dependsOn><dependsOn id="hl7_fhir_uv_sdc"><uri value="http://hl7.org/fhir/uv/sdc/ImplementationGuide/hl7.fhir.uv.sdc"/><packageId value="hl7.fhir.uv.sdc"/><version value="3.0.0"/></dependsOn><definition><extension url="http://hl7.org/fhir/tools/StructureDefinition/ig-parameter"><extension url="code"><valueString value="copyrightyear"/></extension><extension url="value"><valueString value="2022+"/></extension></extension><extension url="http://hl7.org/fhir/tools/StructureDefinition/ig-parameter"><extension url="code"><valueString value="releaselabel"/></extension><extension url="value"><valueString value="ci-build"/></extension></extension><extension url="http://hl7.org/fhir/tools/StructureDefinition/ig-parameter"><extension url="code"><valueString value="path-liquid"/></extension><extension url="value"><valueString value="template/liquid"/></extension></extension><extension url="http://hl7.org/fhir/tools/StructureDefinition/ig-parameter"><extension url="code"><valueString value="path-liquid"/></extension><extension url="value"><valueString value="input/liquid"/></extension></extension><extension url="http://hl7.org/fhir/tools/StructureDefinition/ig-parameter"><extension url="code"><valueString value="path-qa"/></extension><extension url="value"><valueString value="temp/qa"/></extension></extension><extension url="http://hl7.org/fhir/tools/StructureDefinition/ig-parameter"><extension url="code"><valueString value="path-temp"/></extension><extension url="value"><valueString value="temp/pages"/></extension></extension><extension url="http://hl7.org/fhir/tools/StructureDefinition/ig-parameter"><extension url="code"><valueString value="path-output"/></extension><extension url="value"><valueString value="output"/></extension></extension><extension url="http://hl7.org/fhir/tools/StructureDefinition/ig-parameter"><extension url="code"><valueString value="path-suppressed-warnings"/></extension><extension url="value"><valueString value="input/ignoreWarnings.txt"/></extension></extension><extension url="http://hl7.org/fhir/tools/StructureDefinition/ig-parameter"><extension url="code"><valueString value="path-history"/></extension><extension url="value"><valueString value="https://science37.github.io/FHIR-FSH-Implementation-Guide/history.html"/></extension></extension><extension url="http://hl7.org/fhir/tools/StructureDefinition/ig-parameter"><extension url="code"><valueString value="template-html"/></extension><extension url="value"><valueString value="template-page.html"/></extension></extension><extension url="http://hl7.org/fhir/tools/StructureDefinition/ig-parameter"><extension url="code"><valueString value="template-md"/></extension><extension url="value"><valueString value="template-page-md.html"/></extension></extension><extension url="http://hl7.org/fhir/tools/StructureDefinition/ig-parameter"><extension url="code"><valueString value="apply-contact"/></extension><extension url="value"><valueString value="true"/></extension></extension><extension url="http://hl7.org/fhir/tools/StructureDefinition/ig-parameter"><extension url="code"><valueString value="apply-context"/></extension><extension url="value"><valueString value="true"/></extension></extension><extension url="http://hl7.org/fhir/tools/StructureDefinition/ig-parameter"><extension url="code"><valueString value="apply-copyright"/></extension><extension url="value"><valueString value="true"/></extension></extension><extension url="http://hl7.org/fhir/tools/StructureDefinition/ig-parameter"><extension url="code"><valueString value="apply-jurisdiction"/></extension><extension url="value"><valueString value="true"/></extension></extension><extension url="http://hl7.org/fhir/tools/StructureDefinition/ig-parameter"><extension url="code"><valueString value="apply-license"/></extension><extension url="value"><valueString value="true"/></extension></extension><extension url="http://hl7.org/fhir/tools/StructureDefinition/ig-parameter"><extension url="code"><valueString value="apply-publisher"/></extension><extension url="value"><valueString value="true"/></extension></extension><extension url="http://hl7.org/fhir/tools/StructureDefinition/ig-parameter"><extension url="code"><valueString value="apply-version"/></extension><extension url="value"><valueString value="true"/></extension></extension><extension url="http://hl7.org/fhir/tools/StructureDefinition/ig-parameter"><extension url="code"><valueString value="active-tables"/></extension><extension url="value"><valueString value="true"/></extension></extension><extension url="http://hl7.org/fhir/tools/StructureDefinition/ig-parameter"><extension url="code"><valueString value="fmm-definition"/></extension><extension url="value"><valueString value="http://hl7.org/fhir/versions.html#maturity"/></extension></extension><extension url="http://hl7.org/fhir/tools/StructureDefinition/ig-parameter"><extension url="code"><valueString value="propagate-status"/></extension><extension url="value"><valueString value="true"/></extension></extension><extension url="http://hl7.org/fhir/tools/StructureDefinition/ig-parameter"><extension url="code"><valueString value="excludelogbinaryformat"/></extension><extension url="value"><valueString value="true"/></extension></extension><grouping id="-str-profile"><name value="Structures: Resource Profiles"/><description value="These define constraints on FHIR resources for systems conforming to this implementation guide"/></grouping><grouping id="-str-extension"><name value="Structures: Extension Definitions"/><description value="These define constraints on FHIR data types for systems conforming to this implementation guide"/></grouping><grouping id="-ex-example"><name value="Example: Example Instances"/><description value="These are example instances that show what data produced and consumed by systems conforming with this implementation guide might look like"/></grouping><resource><extension url="http://hl7.org/fhir/StructureDefinition/implementationguide-page"><valueUri value="StructureDefinition-plandefinition-s37.html"/></extension><reference><reference value="StructureDefinition/plandefinition-s37"/></reference><name value="Profile : PlanDefinitionS37"/><description value="plan definition specific to science 37 implementation."/><exampleBoolean value="false"/><groupingId value="-str-profile"/></resource><resource><extension url="http://hl7.org/fhir/StructureDefinition/implementationguide-page"><valueUri value="StructureDefinition-questionnaire-s37-sdc.html"/></extension><reference><reference value="StructureDefinition/questionnaire-s37-sdc"/></reference><name value="Profile : QuestionnaireS37SDC"/><description value="Profile : QuestionnaireS37SDC"/><exampleBoolean value="false"/><groupingId value="-str-profile"/></resource><resource><extension url="http://hl7.org/fhir/StructureDefinition/implementationguide-page"><valueUri value="StructureDefinition-activity-definition-s37.html"/></extension><reference><reference value="StructureDefinition/activity-definition-s37"/></reference><name value="Profile: ActivityDefinitionS37"/><description value="SC37 Activity Definition used within Visit Plan and Care Plan"/><exampleBoolean value="false"/><groupingId value="-str-profile"/></resource><resource><extension url="http://hl7.org/fhir/StructureDefinition/implementationguide-page"><valueUri value="StructureDefinition-day-0.html"/></extension><reference><reference value="StructureDefinition/day-0"/></reference><name value="Extension : PlanDefinition - Day Zero"/><description value="collection which diferenciates specific date start of a patients start date."/><exampleBoolean value="false"/><groupingId value="-str-extension"/></resource><resource><extension url="http://hl7.org/fhir/StructureDefinition/implementationguide-page"><valueUri value="StructureDefinition-device.html"/></extension><reference><reference value="StructureDefinition/device"/></reference><name value="Questionnaire - Extension : Device"/><description value="The intent of device is to be reused between both Questionniare and Questionnaire.item. &lt;br&gt;A device has details that consist of: &lt;br&gt;type : The device type (string)&lt;br&gt;reportField: field used for mapping data from the device report.&lt;br&gt;Questionnaire utilizes the &lt;i&gt;type&lt;/i&gt; field to idenfity the type of device used within the Questionniare.&lt;br&gt;Questionniare.item utilizes &lt;i&gt;reportField&lt;/i&gt; unless Questionnaire contains more then one device then Questionniare.item.device.detail must contain the device type"/><exampleBoolean value="false"/><groupingId value="-str-extension"/></resource><resource><extension url="http://hl7.org/fhir/StructureDefinition/implementationguide-page"><valueUri value="StructureDefinition-device-report-field.html"/></extension><reference><reference value="StructureDefinition/device-report-field"/></reference><name value="Questionnaire.item - Extension : Device Report Field"/><description value="the third party report field used to obtain the value of the item"/><exampleBoolean value="false"/><groupingId value="-str-extension"/></resource><resource><extension url="http://hl7.org/fhir/StructureDefinition/implementationguide-page"><valueUri value="StructureDefinition-display-order.html"/></extension><reference><reference value="StructureDefinition/display-order"/></reference><name value="ActivityDefinition - Extension :  Display Order"/><description value="Order of display"/><exampleBoolean value="false"/><groupingId value="-str-extension"/></resource><resource><extension url="http://hl7.org/fhir/StructureDefinition/implementationguide-page"><valueUri value="StructureDefinition-econsent-from-group-id.html"/></extension><reference><reference value="StructureDefinition/econsent-from-group-id"/></reference><name value="ActivityDefinition - Extension:  Econsent From Group Id"/><description value="Id for the consent form group"/><exampleBoolean value="false"/><groupingId value="-str-extension"/></resource><resource><extension url="http://hl7.org/fhir/StructureDefinition/implementationguide-page"><valueUri value="StructureDefinition-force-form-order.html"/></extension><reference><reference value="StructureDefinition/force-form-order"/></reference><name value="ActivityDefinition - Extension : Force Form Order"/><description value="Forced Form Ordering containing Form Ids."/><exampleBoolean value="false"/><groupingId value="-str-extension"/></resource><resource><extension url="http://hl7.org/fhir/StructureDefinition/implementationguide-page"><valueUri value="StructureDefinition-form-collection.html"/></extension><reference><reference value="StructureDefinition/form-collection"/></reference><name value="Extension : PlanDefinition.action - Ongoing Form"/><description value="List of ongoing Forms"/><exampleBoolean value="false"/><groupingId value="-str-extension"/></resource><resource><extension url="http://hl7.org/fhir/StructureDefinition/implementationguide-page"><valueUri value="StructureDefinition-form-config.html"/></extension><reference><reference value="StructureDefinition/form-config"/></reference><name value="Extension : PlanDefinition.action - Form Config"/><description value="plan definition action extention for form configurations"/><exampleBoolean value="false"/><groupingId value="-str-extension"/></resource><resource><extension url="http://hl7.org/fhir/StructureDefinition/implementationguide-page"><valueUri value="StructureDefinition-form-types.html"/></extension><reference><reference value="StructureDefinition/form-types"/></reference><name value="ActivityDefinition - Extension : Form Types"/><description value="the form types"/><exampleBoolean value="false"/><groupingId value="-str-extension"/></resource><resource><extension url="http://hl7.org/fhir/StructureDefinition/implementationguide-page"><valueUri value="StructureDefinition-oid.html"/></extension><reference><reference value="StructureDefinition/oid"/></reference><name value="ActivityDefinition - Extension :  OID"/><description value="Object ID"/><exampleBoolean value="false"/><groupingId value="-str-extension"/></resource><resource><extension url="http://hl7.org/fhir/StructureDefinition/implementationguide-page"><valueUri value="StructureDefinition-parent-reference.html"/></extension><reference><reference value="StructureDefinition/parent-reference"/></reference><name value="Extension : ActivityDefinition|PlanDefinition - Parent Reference"/><description value="extension to show reference back to a parent instance"/><exampleBoolean value="false"/><groupingId value="-str-extension"/></resource><resource><extension url="http://hl7.org/fhir/StructureDefinition/implementationguide-page"><valueUri value="StructureDefinition-protocal-version.html"/></extension><reference><reference value="StructureDefinition/protocal-version"/></reference><name value="Extension : PlanDefinition - Protocal Version"/><description value="identifies the specific protocal version"/><exampleBoolean value="false"/><groupingId value="-str-extension"/></resource><resource><extension url="http://hl7.org/fhir/StructureDefinition/implementationguide-page"><valueUri value="StructureDefinition-rendering.html"/></extension><reference><reference value="StructureDefinition/rendering"/></reference><name value="Questionnaire|Questionnaire.item - Extension : Object Rendering Settings"/><description value="Extension : Object Rendering Settings. The data structure the complex data structure depicted here can be used to depict Science 37 specific rendering configurations at the questionnaire level or the questionnaire item level."/><exampleBoolean value="false"/><groupingId value="-str-extension"/></resource><resource><extension url="http://hl7.org/fhir/StructureDefinition/implementationguide-page"><valueUri value="StructureDefinition-resource-create-update-at-datetime.html"/></extension><reference><reference value="StructureDefinition/resource-create-update-at-datetime"/></reference><name value="Extension : ActivityDefinition|PlanDefinition|Questionnaire - ResourceCreateUpdateAtDateTime"/><description value="Captures the created at an updated at attributes of date timestamps for a questionnaire"/><exampleBoolean value="false"/><groupingId value="-str-extension"/></resource><resource><extension url="http://hl7.org/fhir/StructureDefinition/implementationguide-page"><valueUri value="StructureDefinition-site-config.html"/></extension><reference><reference value="StructureDefinition/site-config"/></reference><name value="Extension : Site Config"/><exampleBoolean value="false"/><groupingId value="-str-extension"/></resource><resource><extension url="http://hl7.org/fhir/StructureDefinition/implementationguide-page"><valueUri value="StructureDefinition-sub-status.html"/></extension><reference><reference value="StructureDefinition/sub-status"/></reference><name value="Questionnaire - Extension : Questionniare SubStatus"/><description value="used to capture other statuses when questionnaire status is set to unknown"/><exampleBoolean value="false"/><groupingId value="-str-extension"/></resource><resource><extension url="http://hl7.org/fhir/StructureDefinition/implementationguide-page"><valueUri value="StructureDefinition-supported-languages.html"/></extension><reference><reference value="StructureDefinition/supported-languages"/></reference><name value="Questionnaire - Extension : Supported Languages"/><description value="Supported Languages : Contains a list of languages that is supported by the questionnaire"/><exampleBoolean value="false"/><groupingId value="-str-extension"/></resource><resource><extension url="http://hl7.org/fhir/StructureDefinition/implementationguide-page"><valueUri value="StructureDefinition-time-period.html"/></extension><reference><reference value="StructureDefinition/time-period"/></reference><name value="Extension : Time Period"/><description value="Description of time period"/><exampleBoolean value="false"/><groupingId value="-str-extension"/></resource><resource><extension url="http://hl7.org/fhir/StructureDefinition/implementationguide-page"><valueUri value="StructureDefinition-version.html"/></extension><reference><reference value="StructureDefinition/version"/></reference><name value="Questionnaire.item - Extension : Item Version"/><description value="Item Version"/><exampleBoolean value="false"/><groupingId value="-str-extension"/></resource><resource><extension url="http://hl7.org/fhir/StructureDefinition/implementationguide-page"><valueUri value="StructureDefinition-version-number.html"/></extension><reference><reference value="StructureDefinition/version-number"/></reference><name value="Extension : ActivityDefinition|PlanDefinition - Version Number"/><description value="version number"/><exampleBoolean value="false"/><groupingId value="-str-extension"/></resource><resource><extension url="http://hl7.org/fhir/StructureDefinition/implementationguide-page"><valueUri value="StructureDefinition-visit-type.html"/></extension><reference><reference value="StructureDefinition/visit-type"/></reference><name value="ActivityDefinition - Extension : Visit Type"/><description value="type of visit"/><exampleBoolean value="false"/><groupingId value="-str-extension"/></resource><resource><extension url="http://hl7.org/fhir/StructureDefinition/implementationguide-page"><valueUri value="PlanDefinition-AdhocFormsListPlanDefinitionS37Example.html"/></extension><reference><reference value="PlanDefinition/AdhocFormsListPlanDefinitionS37Example"/></reference><name value="PlanDefinitionS37 - Example : Forms List PlanDefinitionS37"/><description value="Example : Forms List PlanDefinitionS37"/><exampleCanonical value="https://science37.github.io/FHIR-FSH-Implementation-Guide/StructureDefinition/plandefinition-s37"/><groupingId value="-ex-example"/></resource><resource><extension url="http://hl7.org/fhir/StructureDefinition/implementationguide-page"><valueUri value="PlanDefinition-EConsentFormGroupPlanDefinitionS37Example.html"/></extension><reference><reference value="PlanDefinition/EConsentFormGroupPlanDefinitionS37Example"/></reference><name value="PlanDefinitionS37 - Example : Forms List PlanDefinitionS37"/><description value="Example : Forms List PlanDefinitionS37"/><exampleCanonical value="https://science37.github.io/FHIR-FSH-Implementation-Guide/StructureDefinition/plandefinition-s37"/><groupingId value="-ex-example"/></resource><resource><extension url="http://hl7.org/fhir/StructureDefinition/implementationguide-page"><valueUri value="PlanDefinition-EXPECTEDVISITPLANPlanDefinitionS37Example.html"/></extension><reference><reference value="PlanDefinition/EXPECTEDVISITPLANPlanDefinitionS37Example"/></reference><name value="PlanDefinitionS37 - Example : Expected Visit Plan PlanDefinitionS37"/><description value="Example : Expected Visit Plan PlanDefinitionS37"/><exampleCanonical value="https://science37.github.io/FHIR-FSH-Implementation-Guide/StructureDefinition/plandefinition-s37"/><groupingId value="-ex-example"/></resource><resource><extension url="http://hl7.org/fhir/StructureDefinition/implementationguide-page"><valueUri value="PlanDefinition-FormListPlanDefinitionS37Example.html"/></extension><reference><reference value="PlanDefinition/FormListPlanDefinitionS37Example"/></reference><name value="PlanDefinitionS37 - Example : Forms List PlanDefinitionS37"/><description value="Example : Forms List PlanDefinitionS37"/><exampleCanonical value="https://science37.github.io/FHIR-FSH-Implementation-Guide/StructureDefinition/plandefinition-s37"/><groupingId value="-ex-example"/></resource><resource><extension url="http://hl7.org/fhir/StructureDefinition/implementationguide-page"><valueUri value="Questionnaire-Item-Extension-Example-All-Items.html"/></extension><reference><reference value="Questionnaire/Item-Extension-Example-All-Items"/></reference><name value="Example : Questionnaire.Item All S37 Widgets"/><description value="Example : Questionnaire.Item S37 Widgets. Contains Header, Widget, Footer and PageBreak"/><exampleCanonical value="https://science37.github.io/FHIR-FSH-Implementation-Guide/StructureDefinition/questionnaire-s37-sdc"/><groupingId value="-ex-example"/></resource><resource><extension url="http://hl7.org/fhir/StructureDefinition/implementationguide-page"><valueUri value="Questionnaire-Item-Extension-Example-All-Items-Reduced.html"/></extension><reference><reference value="Questionnaire/Item-Extension-Example-All-Items-Reduced"/></reference><name value="Example : Questionnaire.Item All S37 Widgets Reduced"/><description value="Example : Questionnaire.Item S37 Widgets. Contains Header, Widget, Footer and PageBreak"/><exampleCanonical value="https://science37.github.io/FHIR-FSH-Implementation-Guide/StructureDefinition/questionnaire-s37-sdc"/><groupingId value="-ex-example"/></resource><resource><extension url="http://hl7.org/fhir/StructureDefinition/implementationguide-page"><valueUri value="PlanDefinition-OnGoingFormsListPlanDefinitionS37Example.html"/></extension><reference><reference value="PlanDefinition/OnGoingFormsListPlanDefinitionS37Example"/></reference><name value="PlanDefinitionS37 - Example : Forms List PlanDefinitionS37"/><description value="Example : Forms List PlanDefinitionS37"/><exampleCanonical value="https://science37.github.io/FHIR-FSH-Implementation-Guide/StructureDefinition/plandefinition-s37"/><groupingId value="-ex-example"/></resource><resource><extension url="http://hl7.org/fhir/StructureDefinition/implementationguide-page"><valueUri value="Questionnaire-Questionnaire-Extension-Example.html"/></extension><reference><reference value="Questionnaire/Questionnaire-Extension-Example"/></reference><name value="Example : Questionnaire Basic Example"/><description value="Example : Questionnaire Basic Example"/><exampleCanonical value="https://science37.github.io/FHIR-FSH-Implementation-Guide/StructureDefinition/questionnaire-s37-sdc"/><groupingId value="-ex-example"/></resource><resource><extension url="http://hl7.org/fhir/StructureDefinition/implementationguide-page"><valueUri value="Questionnaire-Questionnaire-Item-Extension-DeviceAware-MultipleDevice-Example.html"/></extension><reference><reference value="Questionnaire/Questionnaire-Item-Extension-DeviceAware-MultipleDevice-Example"/></reference><name value="Example : Questionnaire.Item-DeviceAware-Multiple Device"/><description value="Example : Questionnaire.Item-DeviceAware-Multiple Device"/><exampleCanonical value="https://science37.github.io/FHIR-FSH-Implementation-Guide/StructureDefinition/questionnaire-s37-sdc"/><groupingId value="-ex-example"/></resource><resource><extension url="http://hl7.org/fhir/StructureDefinition/implementationguide-page"><valueUri value="Questionnaire-Questionnaire-Item-Extension-DeviceAware-SingleDevice-Example.html"/></extension><reference><reference value="Questionnaire/Questionnaire-Item-Extension-DeviceAware-SingleDevice-Example"/></reference><name value="Example : Questionnaire.Item-DeviceAware-Single Device"/><description value="Example : Questionnaire.Item-DeviceAware-Single Device"/><exampleCanonical value="https://science37.github.io/FHIR-FSH-Implementation-Guide/StructureDefinition/questionnaire-s37-sdc"/><groupingId value="-ex-example"/></resource><resource><extension url="http://hl7.org/fhir/StructureDefinition/implementationguide-page"><valueUri value="Questionnaire-Questionnaire-Item-Extension-Example-DateTime.html"/></extension><reference><reference value="Questionnaire/Questionnaire-Item-Extension-Example-DateTime"/></reference><name value="Example : Questionnaire.Item-DateTime"/><description value="Example : Questionnaire.Item-DateTime"/><exampleCanonical value="https://science37.github.io/FHIR-FSH-Implementation-Guide/StructureDefinition/questionnaire-s37-sdc"/><groupingId value="-ex-example"/></resource><resource><extension url="http://hl7.org/fhir/StructureDefinition/implementationguide-page"><valueUri value="Questionnaire-Questionnaire-Item-Extension-Example-FileUpload.html"/></extension><reference><reference value="Questionnaire/Questionnaire-Item-Extension-Example-FileUpload"/></reference><name value="Example : Questionnaire.Item-FileUpload"/><description value="Example : Questionnaire.Item-FileUpload"/><exampleCanonical value="https://science37.github.io/FHIR-FSH-Implementation-Guide/StructureDefinition/questionnaire-s37-sdc"/><groupingId value="-ex-example"/></resource><resource><extension url="http://hl7.org/fhir/StructureDefinition/implementationguide-page"><valueUri value="Questionnaire-Questionnaire-Item-Extension-Example-Footer.html"/></extension><reference><reference value="Questionnaire/Questionnaire-Item-Extension-Example-Footer"/></reference><name value="Example : Questionnaire.Item-Footer"/><description value="Example : Questionnaire.Item-Footer"/><exampleCanonical value="https://science37.github.io/FHIR-FSH-Implementation-Guide/StructureDefinition/questionnaire-s37-sdc"/><groupingId value="-ex-example"/></resource><resource><extension url="http://hl7.org/fhir/StructureDefinition/implementationguide-page"><valueUri value="Questionnaire-Questionnaire-Item-Extension-Example-Header.html"/></extension><reference><reference value="Questionnaire/Questionnaire-Item-Extension-Example-Header"/></reference><name value="Example : Questionnaire.Item-Header"/><description value="Example : Questionnaire.Item-Header"/><exampleCanonical value="https://science37.github.io/FHIR-FSH-Implementation-Guide/StructureDefinition/questionnaire-s37-sdc"/><groupingId value="-ex-example"/></resource><resource><extension url="http://hl7.org/fhir/StructureDefinition/implementationguide-page"><valueUri value="Questionnaire-Questionnaire-Item-Extension-Example-Image.html"/></extension><reference><reference value="Questionnaire/Questionnaire-Item-Extension-Example-Image"/></reference><name value="Example : Questionnaire.Item-Image"/><description value="Example : Questionnaire.Item-Image"/><exampleCanonical value="https://science37.github.io/FHIR-FSH-Implementation-Guide/StructureDefinition/questionnaire-s37-sdc"/><groupingId value="-ex-example"/></resource><resource><extension url="http://hl7.org/fhir/StructureDefinition/implementationguide-page"><valueUri value="Questionnaire-Questionnaire-Item-Extension-Example-MultiSelect.html"/></extension><reference><reference value="Questionnaire/Questionnaire-Item-Extension-Example-MultiSelect"/></reference><name value="Example : Questionnaire.Item-MultiMultiSelect"/><description value="Example : Questionnaire.Item-MultiSelect"/><exampleCanonical value="https://science37.github.io/FHIR-FSH-Implementation-Guide/StructureDefinition/questionnaire-s37-sdc"/><groupingId value="-ex-example"/></resource><resource><extension url="http://hl7.org/fhir/StructureDefinition/implementationguide-page"><valueUri value="Questionnaire-Questionnaire-Item-Extension-Example-Number-Decimal.html"/></extension><reference><reference value="Questionnaire/Questionnaire-Item-Extension-Example-Number-Decimal"/></reference><name value="Example : Questionnaire.Item-Number-Decimal"/><description value="Example : Questionnaire.Item-Number-Decimal"/><exampleCanonical value="https://science37.github.io/FHIR-FSH-Implementation-Guide/StructureDefinition/questionnaire-s37-sdc"/><groupingId value="-ex-example"/></resource><resource><extension url="http://hl7.org/fhir/StructureDefinition/implementationguide-page"><valueUri value="Questionnaire-Questionnaire-Item-Extension-Example-Number-Integer.html"/></extension><reference><reference value="Questionnaire/Questionnaire-Item-Extension-Example-Number-Integer"/></reference><name value="Example : Questionnaire.Item-Number-Integer"/><description value="Example : Questionnaire.Item-Number-Integer"/><exampleCanonical value="https://science37.github.io/FHIR-FSH-Implementation-Guide/StructureDefinition/questionnaire-s37-sdc"/><groupingId value="-ex-example"/></resource><resource><extension url="http://hl7.org/fhir/StructureDefinition/implementationguide-page"><valueUri value="Questionnaire-Questionnaire-Item-Extension-Example-RatingScale.html"/></extension><reference><reference value="Questionnaire/Questionnaire-Item-Extension-Example-RatingScale"/></reference><name value="Example : Questionnaire.Item-RatingScale"/><description value="Example : Questionnaire.Item-RatingScale"/><exampleCanonical value="https://science37.github.io/FHIR-FSH-Implementation-Guide/StructureDefinition/questionnaire-s37-sdc"/><groupingId value="-ex-example"/></resource><resource><extension url="http://hl7.org/fhir/StructureDefinition/implementationguide-page"><valueUri value="Questionnaire-Questionnaire-Item-Extension-Example-RichText.html"/></extension><reference><reference value="Questionnaire/Questionnaire-Item-Extension-Example-RichText"/></reference><name value="Example : Questionnaire.Item-RichText"/><description value="Example : Questionnaire.Item-RichText"/><exampleCanonical value="https://science37.github.io/FHIR-FSH-Implementation-Guide/StructureDefinition/questionnaire-s37-sdc"/><groupingId value="-ex-example"/></resource><resource><extension url="http://hl7.org/fhir/StructureDefinition/implementationguide-page"><valueUri value="Questionnaire-Questionnaire-Item-Extension-Example-Select.html"/></extension><reference><reference value="Questionnaire/Questionnaire-Item-Extension-Example-Select"/></reference><name value="Example : Questionnaire.Item-Select"/><description value="Example : Questionnaire.Item-Select"/><exampleCanonical value="https://science37.github.io/FHIR-FSH-Implementation-Guide/StructureDefinition/questionnaire-s37-sdc"/><groupingId value="-ex-example"/></resource><resource><extension url="http://hl7.org/fhir/StructureDefinition/implementationguide-page"><valueUri value="Questionnaire-Questionnaire-Item-Extension-Example-Text.html"/></extension><reference><reference value="Questionnaire/Questionnaire-Item-Extension-Example-Text"/></reference><name value="Example : Questionnaire.Item-Text"/><description value="Example : Questionnaire.Item-Text"/><exampleCanonical value="https://science37.github.io/FHIR-FSH-Implementation-Guide/StructureDefinition/questionnaire-s37-sdc"/><groupingId value="-ex-example"/></resource><resource><extension url="http://hl7.org/fhir/StructureDefinition/implementationguide-page"><valueUri value="Questionnaire-Questionnaire-Item-Extension-Example-TextArea.html"/></extension><reference><reference value="Questionnaire/Questionnaire-Item-Extension-Example-TextArea"/></reference><name value="Example : Questionnaire.Item-TextArea"/><description value="Example : Questionnaire.Item-TextArea"/><exampleCanonical value="https://science37.github.io/FHIR-FSH-Implementation-Guide/StructureDefinition/questionnaire-s37-sdc"/><groupingId value="-ex-example"/></resource><resource><extension url="http://hl7.org/fhir/StructureDefinition/implementationguide-page"><valueUri value="Questionnaire-Questionnaire-Item-Extension-Example-VASScale.html"/></extension><reference><reference value="Questionnaire/Questionnaire-Item-Extension-Example-VASScale"/></reference><name value="Example : Questionnaire.Item-VASScale"/><description value="Example : Questionnaire.Item-VASScale"/><exampleCanonical value="https://science37.github.io/FHIR-FSH-Implementation-Guide/StructureDefinition/questionnaire-s37-sdc"/><groupingId value="-ex-example"/></resource><resource><extension url="http://hl7.org/fhir/StructureDefinition/implementationguide-page"><valueUri value="Questionnaire-Questionnaire-Item-Extension-Example-derived.html"/></extension><reference><reference value="Questionnaire/Questionnaire-Item-Extension-Example-derived"/></reference><name value="Example : Questionnaire.Item-Derived"/><description value="Example : Questionnaire.Item-Derived"/><exampleCanonical value="https://science37.github.io/FHIR-FSH-Implementation-Guide/StructureDefinition/questionnaire-s37-sdc"/><groupingId value="-ex-example"/></resource><resource><extension url="http://hl7.org/fhir/StructureDefinition/implementationguide-page"><valueUri value="Questionnaire-Questionnaire-Item-Extension-Example-page-break.html"/></extension><reference><reference value="Questionnaire/Questionnaire-Item-Extension-Example-page-break"/></reference><name value="Example : Questionnaire.Item-Page-Break"/><description value="Example : Questionnaire.Item-Page-Break"/><exampleCanonical value="https://science37.github.io/FHIR-FSH-Implementation-Guide/StructureDefinition/questionnaire-s37-sdc"/><groupingId value="-ex-example"/></resource><resource><extension url="http://hl7.org/fhir/StructureDefinition/implementationguide-page"><valueUri value="PlanDefinition-RecurringFormListPlanDefinitionS37Example.html"/></extension><reference><reference value="PlanDefinition/RecurringFormListPlanDefinitionS37Example"/></reference><name value="PlanDefinitionS37 - Example : Recurring Forms List PlanDefinitionS37"/><description value="Example : Recurring Forms List PlanDefinitionS37"/><exampleCanonical value="https://science37.github.io/FHIR-FSH-Implementation-Guide/StructureDefinition/plandefinition-s37"/><groupingId value="-ex-example"/></resource><resource><extension url="http://hl7.org/fhir/StructureDefinition/implementationguide-page"><valueUri value="PlanDefinition-VisitPlanMasterVisitPlanDefinitionS37Example.html"/></extension><reference><reference value="PlanDefinition/VisitPlanMasterVisitPlanDefinitionS37Example"/></reference><name value="PlanDefinitionS37 - Example : Master Visit Plan PlanDefinitionS37"/><description value="Example : Master Visit Plan PlanDefinitionS37"/><exampleCanonical value="https://science37.github.io/FHIR-FSH-Implementation-Guide/StructureDefinition/plandefinition-s37"/><groupingId value="-ex-example"/></resource><page><nameUrl value="toc.html"/><title value="Table of Contents"/><generation value="html"/><page><nameUrl value="index.html"/><title value="Home"/><generation value="markdown"/></page><page><nameUrl value="artifacts.html"/><title value="Artifacts Summary"/><generation value="html"/><page><nameUrl value="StructureDefinition-plandefinition-s37.html"/><title value="Profile : PlanDefinitionS37"/><generation value="generated"/></page><page><nameUrl value="StructureDefinition-questionnaire-s37-sdc.html"/><title value="Profile : QuestionnaireS37SDC"/><generation value="generated"/></page><page><nameUrl value="StructureDefinition-activity-definition-s37.html"/><title value="Profile: ActivityDefinitionS37"/><generation value="generated"/></page><page><nameUrl value="StructureDefinition-day-0.html"/><title value="Extension : PlanDefinition - Day Zero"/><generation value="generated"/></page><page><nameUrl value="StructureDefinition-device.html"/><title value="Questionnaire - Extension : Device"/><generation value="generated"/></page><page><nameUrl value="StructureDefinition-device-report-field.html"/><title value="Questionnaire.item - Extension : Device Report Field"/><generation value="generated"/></page><page><nameUrl value="StructureDefinition-display-order.html"/><title value="ActivityDefinition - Extension :  Display Order"/><generation value="generated"/></page><page><nameUrl value="StructureDefinition-econsent-from-group-id.html"/><title value="ActivityDefinition - Extension:  Econsent From Group Id"/><generation value="generated"/></page><page><nameUrl value="StructureDefinition-force-form-order.html"/><title value="ActivityDefinition - Extension : Force Form Order"/><generation value="generated"/></page><page><nameUrl value="StructureDefinition-form-collection.html"/><title value="Extension : PlanDefinition.action - Ongoing Form"/><generation value="generated"/></page><page><nameUrl value="StructureDefinition-form-config.html"/><title value="Extension : PlanDefinition.action - Form Config"/><generation value="generated"/></page><page><nameUrl value="StructureDefinition-form-types.html"/><title value="ActivityDefinition - Extension : Form Types"/><generation value="generated"/></page><page><nameUrl value="StructureDefinition-oid.html"/><title value="ActivityDefinition - Extension :  OID"/><generation value="generated"/></page><page><nameUrl value="StructureDefinition-parent-reference.html"/><title value="Extension : ActivityDefinition|PlanDefinition - Parent Reference"/><generation value="generated"/></page><page><nameUrl value="StructureDefinition-protocal-version.html"/><title value="Extension : PlanDefinition - Protocal Version"/><generation value="generated"/></page><page><nameUrl value="StructureDefinition-rendering.html"/><title value="Questionnaire|Questionnaire.item - Extension : Object Rendering Settings"/><generation value="generated"/></page><page><nameUrl value="StructureDefinition-resource-create-update-at-datetime.html"/><title value="Extension : ActivityDefinition|PlanDefinition|Questionnaire - ResourceCreateUpdateAtDateTime"/><generation value="generated"/></page><page><nameUrl value="StructureDefinition-site-config.html"/><title value="Extension : Site Config"/><generation value="generated"/></page><page><nameUrl value="StructureDefinition-sub-status.html"/><title value="Questionnaire - Extension : Questionniare SubStatus"/><generation value="generated"/></page><page><nameUrl value="StructureDefinition-supported-languages.html"/><title value="Questionnaire - Extension : Supported Languages"/><generation value="generated"/></page><page><nameUrl value="StructureDefinition-time-period.html"/><title value="Extension : Time Period"/><generation value="generated"/></page><page><nameUrl value="StructureDefinition-version.html"/><title value="Questionnaire.item - Extension : Item Version"/><generation value="generated"/></page><page><nameUrl value="StructureDefinition-version-number.html"/><title value="Extension : ActivityDefinition|PlanDefinition - Version Number"/><generation value="generated"/></page><page><nameUrl value="StructureDefinition-visit-type.html"/><title value="ActivityDefinition - Extension : Visit Type"/><generation value="generated"/></page><page><nameUrl value="PlanDefinition-AdhocFormsListPlanDefinitionS37Example.html"/><title value="PlanDefinitionS37 - Example : Forms List PlanDefinitionS37"/><generation value="generated"/></page><page><nameUrl value="PlanDefinition-EConsentFormGroupPlanDefinitionS37Example.html"/><title value="PlanDefinitionS37 - Example : Forms List PlanDefinitionS37"/><generation value="generated"/></page><page><nameUrl value="PlanDefinition-EXPECTEDVISITPLANPlanDefinitionS37Example.html"/><title value="PlanDefinitionS37 - Example : Expected Visit Plan PlanDefinitionS37"/><generation value="generated"/></page><page><nameUrl value="PlanDefinition-FormListPlanDefinitionS37Example.html"/><title value="PlanDefinitionS37 - Example : Forms List PlanDefinitionS37"/><generation value="generated"/></page><page><nameUrl value="Questionnaire-Item-Extension-Example-All-Items.html"/><title value="Example : Questionnaire.Item All S37 Widgets"/><generation value="generated"/></page><page><nameUrl value="Questionnaire-Item-Extension-Example-All-Items-Reduced.html"/><title value="Example : Questionnaire.Item All S37 Widgets Reduced"/><generation value="generated"/></page><page><nameUrl value="PlanDefinition-OnGoingFormsListPlanDefinitionS37Example.html"/><title value="PlanDefinitionS37 - Example : Forms List PlanDefinitionS37"/><generation value="generated"/></page><page><nameUrl value="Questionnaire-Questionnaire-Extension-Example.html"/><title value="Example : Questionnaire Basic Example"/><generation value="generated"/></page><page><nameUrl value="Questionnaire-Questionnaire-Item-Extension-DeviceAware-MultipleDevice-Example.html"/><title value="Example : Questionnaire.Item-DeviceAware-Multiple Device"/><generation value="generated"/></page><page><nameUrl value="Questionnaire-Questionnaire-Item-Extension-DeviceAware-SingleDevice-Example.html"/><title value="Example : Questionnaire.Item-DeviceAware-Single Device"/><generation value="generated"/></page><page><nameUrl value="Questionnaire-Questionnaire-Item-Extension-Example-DateTime.html"/><title value="Example : Questionnaire.Item-DateTime"/><generation value="generated"/></page><page><nameUrl value="Questionnaire-Questionnaire-Item-Extension-Example-FileUpload.html"/><title value="Example : Questionnaire.Item-FileUpload"/><generation value="generated"/></page><page><nameUrl value="Questionnaire-Questionnaire-Item-Extension-Example-Footer.html"/><title value="Example : Questionnaire.Item-Footer"/><generation value="generated"/></page><page><nameUrl value="Questionnaire-Questionnaire-Item-Extension-Example-Header.html"/><title value="Example : Questionnaire.Item-Header"/><generation value="generated"/></page><page><nameUrl value="Questionnaire-Questionnaire-Item-Extension-Example-Image.html"/><title value="Example : Questionnaire.Item-Image"/><generation value="generated"/></page><page><nameUrl value="Questionnaire-Questionnaire-Item-Extension-Example-MultiSelect.html"/><title value="Example : Questionnaire.Item-MultiMultiSelect"/><generation value="generated"/></page><page><nameUrl value="Questionnaire-Questionnaire-Item-Extension-Example-Number-Decimal.html"/><title value="Example : Questionnaire.Item-Number-Decimal"/><generation value="generated"/></page><page><nameUrl value="Questionnaire-Questionnaire-Item-Extension-Example-Number-Integer.html"/><title value="Example : Questionnaire.Item-Number-Integer"/><generation value="generated"/></page><page><nameUrl value="Questionnaire-Questionnaire-Item-Extension-Example-RatingScale.html"/><title value="Example : Questionnaire.Item-RatingScale"/><generation value="generated"/></page><page><nameUrl value="Questionnaire-Questionnaire-Item-Extension-Example-RichText.html"/><title value="Example : Questionnaire.Item-RichText"/><generation value="generated"/></page><page><nameUrl value="Questionnaire-Questionnaire-Item-Extension-Example-Select.html"/><title value="Example : Questionnaire.Item-Select"/><generation value="generated"/></page><page><nameUrl value="Questionnaire-Questionnaire-Item-Extension-Example-Text.html"/><title value="Example : Questionnaire.Item-Text"/><generation value="generated"/></page><page><nameUrl value="Questionnaire-Questionnaire-Item-Extension-Example-TextArea.html"/><title value="Example : Questionnaire.Item-TextArea"/><generation value="generated"/></page><page><nameUrl value="Questionnaire-Questionnaire-Item-Extension-Example-VASScale.html"/><title value="Example : Questionnaire.Item-VASScale"/><generation value="generated"/></page><page><nameUrl value="Questionnaire-Questionnaire-Item-Extension-Example-derived.html"/><title value="Example : Questionnaire.Item-Derived"/><generation value="generated"/></page><page><nameUrl value="Questionnaire-Questionnaire-Item-Extension-Example-page-break.html"/><title value="Example : Questionnaire.Item-Page-Break"/><generation value="generated"/></page><page><nameUrl value="PlanDefinition-RecurringFormListPlanDefinitionS37Example.html"/><title value="PlanDefinitionS37 - Example : Recurring Forms List PlanDefinitionS37"/><generation value="generated"/></page><page><nameUrl value="PlanDefinition-VisitPlanMasterVisitPlanDefinitionS37Example.html"/><title value="PlanDefinitionS37 - Example : Master Visit Plan PlanDefinitionS37"/><generation value="generated"/></page></page></page><parameter><code value="path-resource"/><value value="input/capabilities"/></parameter><parameter><code value="path-resource"/><value value="input/examples"/></parameter><parameter><code value="path-resource"/><value value="input/extensions"/></parameter><parameter><code value="path-resource"/><value value="input/models"/></parameter><parameter><code value="path-resource"/><value value="input/operations"/></parameter><parameter><code value="path-resource"/><value value="input/profiles"/></parameter><parameter><code value="path-resource"/><value value="input/resources"/></parameter><parameter><code value="path-resource"/><value value="input/vocabulary"/></parameter><parameter><code value="path-resource"/><value value="input/maps"/></parameter><parameter><code value="path-resource"/><value value="input/testing"/></parameter><parameter><code value="path-resource"/><value value="input/history"/></parameter><parameter><code value="path-resource"/><value value="fsh-generated/resources"/></parameter><parameter><code value="path-pages"/><value value="template/config"/></parameter><parameter><code value="path-pages"/><value value="input/images"/></parameter><parameter><code value="path-tx-cache"/><value value="input-cache/txcache"/></parameter></definition></ImplementationGuide>