<?xml version="1.0" encoding="UTF-8"?><PlanDefinition xmlns="http://hl7.org/fhir"><id value="VisitPlanMasterVisitPlanDefinitionS37Example"/><meta><profile value="https://science37.github.io/FHIR-FSH-Implementation-Guide/StructureDefinition/plandefinition-s37"/></meta><extension url="https://science37.github.io/FHIR-FSH-Implementation-Guide/StructureDefinition/parent-reference"><extension url="MASTER_VISIT_PLAN"><valueString value="449e0f70-9c78-11eb-a748-70b5e89dfcd9"/></extension><extension url="EXPECTED_VISIT_PLAN"><valueString value="449e0f70-9c78-11eb-a748-70b5e89dfcsd9"/></extension><extension url="VISIT"><valueString value="449e0f70-9c78-11eb-a748-70b5e89dsfcd9"/></extension></extension><extension url="https://science37.github.io/FHIR-FSH-Implementation-Guide/StructureDefinition/protocal-version"><valueId value="13.5"/></extension><extension url="https://science37.github.io/FHIR-FSH-Implementation-Guide/StructureDefinition/version-number"><extension url="version-number"><valueId value="1.2.2"/></extension><extension url="audit-trail-version"><valueId value="1.2.2"/></extension></extension><extension url="https://science37.github.io/FHIR-FSH-Implementation-Guide/StructureDefinition/resource-create-update-at-datetime"><extension url="createdAt"><valueDateTime value="2015-02-07T13:28:17Z"/></extension><extension url="updatedAt"><valueDateTime value="2022-01-01T10:08:10Z"/></extension></extension><extension url="https://science37.github.io/FHIR-FSH-Implementation-Guide/StructureDefinition/day-0"><extension url="visit-oid"><valueString value="Visit OID"/></extension><extension url="visit-id"><valueString value="Visit ID"/></extension><extension url="visit-title"><valueString value="Visit title"/></extension><extension url="form-id"><valueString value="FormId"/></extension><extension url="form-title"><valueString value="title"/></extension><extension url="form-version"><valueString value="version"/></extension><extension url="form-day0-date-field-id"><valueString value="form-day0-date-field-id"/></extension><extension url="form-day0-data-field-name"><valueString value="form-day0-date-field-name"/></extension></extension><url value="https://science37.github.io/FHIR-FSH-Implementation-Guide/PlanDefinition/VisitPlanMasterVisitPlanDefinitionS37Example"/><version value="1.0.0-S37"/><name value="MASTER_VISIT_PLAN"/><status value="active"/><date value="2022-06-28T15:12:49+00:00"/><publisher value="Science37"/><jurisdiction><coding><system value="urn:iso:std:iso:3166"/><code value="US"/><display value="United States of America"/></coding></jurisdiction><action><definitionUri value="EXPECTED_VISIT_PLAN/e358d87d-d340-43eb-ae17-fabe787cf001"/></action><action><definitionUri value="ALTERNATIVE_VISIT_PLAN/e358d87d-d340-43eb-ae17-fabe787cf002"/></action><action><definitionUri value="UNSCHEDULED_VISIT/e358d87d-d340-43eb-ae17-fabe787cf004"/></action><action><definitionUri value="RECURRING_FORMS_LIST/f358d87d-d340-43eb-ae17-fabe787cf001"/></action><action><definitionUri value="ADHOC_FORMS_LIST/f358d87d-d340-43eb-ae17-fabe787cf001"/></action><action><definitionUri value="ONGOING_FORMS_LIST/f358d87d-d340-43eb-ae17-fabe787cf001"/></action></PlanDefinition>