<?xml version="1.0" encoding="UTF-8"?><PlanDefinition xmlns="http://hl7.org/fhir"><id value="AdhocFormsListPlanDefinitionS37Example"/><meta><profile value="https://science37.github.io/FHIR-FSH-Implementation-Guide/StructureDefinition/plandefinition-s37"/></meta><extension url="https://science37.github.io/FHIR-FSH-Implementation-Guide/StructureDefinition/parent-reference"><extension url="MASTER_VISIT_PLAN"><valueString value="449e0f70-9c78-11eb-a748-70b5e89dfcd9"/></extension></extension><extension url="https://science37.github.io/FHIR-FSH-Implementation-Guide/StructureDefinition/resource-create-update-at-datetime"><extension url="createdAt"><valueDateTime value="2015-02-07T13:28:17Z"/></extension><extension url="updatedAt"><valueDateTime value="2022-01-01T10:08:10Z"/></extension></extension><extension url="https://science37.github.io/FHIR-FSH-Implementation-Guide/StructureDefinition/version-number"><extension url="audit-trail-version"><valueId value="1.2.2"/></extension></extension><url value="https://science37.github.io/FHIR-FSH-Implementation-Guide/PlanDefinition/AdhocFormsListPlanDefinitionS37Example"/><version value="1.0.0-S37"/><name value="ADHOC_FORMS_LIST"/><status value="active"/><date value="2022-05-25T17:10:47+00:00"/><publisher value="Science37"/><jurisdiction><coding><system value="urn:iso:std:iso:3166"/><code value="US"/><display value="United States of America"/></coding></jurisdiction><action><extension url="https://science37.github.io/FHIR-FSH-Implementation-Guide/StructureDefinition/form-collection"><extension url="formType"><valueString value="ADHOC_FORMS"/></extension><extension url="forms"><extension url="https://science37.github.io/FHIR-FSH-Implementation-Guide/StructureDefinition/form-config"><extension url="display-order"><valueInteger value="1"/></extension><extension url="form-id"><valueString value="e358d87d-d340-43eb-ae17-fabe787cq011"/></extension><extension url="form-title"><valueString value="Site Specific Form nested 1"/></extension><extension url="form-version"><valueString value="1.0"/></extension><extension url="form-type"><valueString value="ECRF"/></extension></extension><extension url="https://science37.github.io/FHIR-FSH-Implementation-Guide/StructureDefinition/form-config"><extension url="display-order"><valueInteger value="2"/></extension><extension url="form-id"><valueString value="e358d87d-d340-43eb-ae17-fabe787cq012"/></extension><extension url="form-title"><valueString value="Site Specific Form nested 2"/></extension><extension url="form-version"><valueString value="1.0"/></extension><extension url="form-type"><valueString value="EPRO"/></extension></extension></extension></extension></action></PlanDefinition>