<?xml version="1.0" encoding="UTF-8"?><ImplementationGuide xmlns="http://hl7.org/fhir"><id value="science37.FHIR-IG"/><text><status value="extensions"/><div xmlns="http://www.w3.org/1999/xhtml"><h2>S37FHIRIG</h2><p>The official URL for this implementation guide is: </p><pre>https://science37.github.io/FHIR-FSH-Implementation-Guide/ImplementationGuide/science37.FHIR-IG</pre><div><p>Implementation Guide for all Science 37 FHIR augmentations.</p>
</div></div></text><url value="https://science37.github.io/FHIR-FSH-Implementation-Guide/ImplementationGuide/science37.FHIR-IG"/><version value="1.0.0-S37"/><name value="S37FHIRIG"/><title value="Science 37 FHIR Implementation-Guide"/><status value="active"/><date value="2022-05-04T13:13:59+00:00"/><publisher value="Science37"/><description value="Implementation Guide for all Science 37 FHIR augmentations."/><jurisdiction><coding><system value="urn:iso:std:iso:3166"/><code value="US"/><display value="United States of America"/></coding></jurisdiction><packageId value="science37.FHIR-IG"/><license value="CC0-1.0"/><fhirVersion value="4.0.1"/><definition><extension url="http://hl7.org/fhir/tools/StructureDefinition/ig-parameter"><extension url="code"><valueString value="copyrightyear"/></extension><extension url="value"><valueString value="2022+"/></extension></extension><extension url="http://hl7.org/fhir/tools/StructureDefinition/ig-parameter"><extension url="code"><valueString value="releaselabel"/></extension><extension url="value"><valueString value="ci-build"/></extension></extension><extension url="http://hl7.org/fhir/tools/StructureDefinition/ig-parameter"><extension url="code"><valueString value="path-liquid"/></extension><extension url="value"><valueString value="template/liquid"/></extension></extension><extension url="http://hl7.org/fhir/tools/StructureDefinition/ig-parameter"><extension url="code"><valueString value="path-liquid"/></extension><extension url="value"><valueString value="input/liquid"/></extension></extension><extension url="http://hl7.org/fhir/tools/StructureDefinition/ig-parameter"><extension url="code"><valueString value="path-qa"/></extension><extension url="value"><valueString value="temp/qa"/></extension></extension><extension url="http://hl7.org/fhir/tools/StructureDefinition/ig-parameter"><extension url="code"><valueString value="path-temp"/></extension><extension url="value"><valueString value="temp/pages"/></extension></extension><extension url="http://hl7.org/fhir/tools/StructureDefinition/ig-parameter"><extension url="code"><valueString value="path-output"/></extension><extension url="value"><valueString value="output"/></extension></extension><extension url="http://hl7.org/fhir/tools/StructureDefinition/ig-parameter"><extension url="code"><valueString value="path-suppressed-warnings"/></extension><extension url="value"><valueString value="input/ignoreWarnings.txt"/></extension></extension><extension url="http://hl7.org/fhir/tools/StructureDefinition/ig-parameter"><extension url="code"><valueString value="path-history"/></extension><extension url="value"><valueString value="https://science37.github.io/FHIR-FSH-Implementation-Guide/history.html"/></extension></extension><extension url="http://hl7.org/fhir/tools/StructureDefinition/ig-parameter"><extension url="code"><valueString value="template-html"/></extension><extension url="value"><valueString value="template-page.html"/></extension></extension><extension url="http://hl7.org/fhir/tools/StructureDefinition/ig-parameter"><extension url="code"><valueString value="template-md"/></extension><extension url="value"><valueString value="template-page-md.html"/></extension></extension><extension url="http://hl7.org/fhir/tools/StructureDefinition/ig-parameter"><extension url="code"><valueString value="apply-contact"/></extension><extension url="value"><valueString value="true"/></extension></extension><extension url="http://hl7.org/fhir/tools/StructureDefinition/ig-parameter"><extension url="code"><valueString value="apply-context"/></extension><extension url="value"><valueString value="true"/></extension></extension><extension url="http://hl7.org/fhir/tools/StructureDefinition/ig-parameter"><extension url="code"><valueString value="apply-copyright"/></extension><extension url="value"><valueString value="true"/></extension></extension><extension url="http://hl7.org/fhir/tools/StructureDefinition/ig-parameter"><extension url="code"><valueString value="apply-jurisdiction"/></extension><extension url="value"><valueString value="true"/></extension></extension><extension url="http://hl7.org/fhir/tools/StructureDefinition/ig-parameter"><extension url="code"><valueString value="apply-license"/></extension><extension url="value"><valueString value="true"/></extension></extension><extension url="http://hl7.org/fhir/tools/StructureDefinition/ig-parameter"><extension url="code"><valueString value="apply-publisher"/></extension><extension url="value"><valueString value="true"/></extension></extension><extension url="http://hl7.org/fhir/tools/StructureDefinition/ig-parameter"><extension url="code"><valueString value="apply-version"/></extension><extension url="value"><valueString value="true"/></extension></extension><extension url="http://hl7.org/fhir/tools/StructureDefinition/ig-parameter"><extension url="code"><valueString value="active-tables"/></extension><extension url="value"><valueString value="true"/></extension></extension><extension url="http://hl7.org/fhir/tools/StructureDefinition/ig-parameter"><extension url="code"><valueString value="fmm-definition"/></extension><extension url="value"><valueString value="http://hl7.org/fhir/versions.html#maturity"/></extension></extension><extension url="http://hl7.org/fhir/tools/StructureDefinition/ig-parameter"><extension url="code"><valueString value="propagate-status"/></extension><extension url="value"><valueString value="true"/></extension></extension><extension url="http://hl7.org/fhir/tools/StructureDefinition/ig-parameter"><extension url="code"><valueString value="excludelogbinaryformat"/></extension><extension url="value"><valueString value="true"/></extension></extension><grouping id="-str-profile"><name value="Structures: Resource Profiles"/><description value="These define constraints on FHIR resources for systems conforming to this implementation guide"/></grouping><grouping id="-str-extension"><name value="Structures: Extension Definitions"/><description value="These define constraints on FHIR data types for systems conforming to this implementation guide"/></grouping><grouping id="-ex-example"><name value="Example: Example Instances"/><description value="These are example instances that show what data produced and consumed by systems conforming with this implementation guide might look like"/></grouping><resource><extension url="http://hl7.org/fhir/StructureDefinition/implementationguide-page"><valueUri value="StructureDefinition-questionnaire-s37.html"/></extension><reference><reference value="StructureDefinition/questionnaire-s37"/></reference><name value="Profile : Questionnaire"/><description value="Profile : Questionnaire"/><exampleBoolean value="false"/><groupingId value="-str-profile"/></resource><resource><extension url="http://hl7.org/fhir/StructureDefinition/implementationguide-page"><valueUri value="StructureDefinition-form-settings.html"/></extension><reference><reference value="StructureDefinition/form-settings"/></reference><name value="Extension : Form Settings "/><description value="Extension : Questionnaire.settings "/><exampleBoolean value="false"/><groupingId value="-str-extension"/></resource><resource><extension url="http://hl7.org/fhir/StructureDefinition/implementationguide-page"><valueUri value="StructureDefinition-observation-extract.html"/></extension><reference><reference value="StructureDefinition/observation-extract"/></reference><name value="Extension : observationExtract"/><exampleBoolean value="false"/><groupingId value="-str-extension"/></resource><resource><extension url="http://hl7.org/fhir/StructureDefinition/implementationguide-page"><valueUri value="StructureDefinition-parent-reference.html"/></extension><reference><reference value="StructureDefinition/parent-reference"/></reference><name value="Extension : Parent Reference"/><description value="Extension : Parent Reference"/><exampleBoolean value="false"/><groupingId value="-str-extension"/></resource><resource><extension url="http://hl7.org/fhir/StructureDefinition/implementationguide-page"><valueUri value="StructureDefinition-rendering-settings.html"/></extension><reference><reference value="StructureDefinition/rendering-settings"/></reference><name value="Extension : Item Rendering Settings"/><description value="Extension : Item Rendering Settings"/><exampleBoolean value="false"/><groupingId value="-str-extension"/></resource><resource><extension url="http://hl7.org/fhir/StructureDefinition/implementationguide-page"><valueUri value="StructureDefinition-resource-create-update-at-datetime.html"/></extension><reference><reference value="StructureDefinition/resource-create-update-at-datetime"/></reference><name value="Extension : ResourceCreateUpdateAtDateTime"/><exampleBoolean value="false"/><groupingId value="-str-extension"/></resource><resource><extension url="http://hl7.org/fhir/StructureDefinition/implementationguide-page"><valueUri value="StructureDefinition-settings.html"/></extension><reference><reference value="StructureDefinition/settings"/></reference><name value="Extension : Common Settings "/><description value="Extension : Common settings "/><exampleBoolean value="false"/><groupingId value="-str-extension"/></resource><resource><extension url="http://hl7.org/fhir/StructureDefinition/implementationguide-page"><valueUri value="StructureDefinition-sub-status.html"/></extension><reference><reference value="StructureDefinition/sub-status"/></reference><name value="Extension : SubStatus"/><description value="Extension : SubStatus"/><exampleBoolean value="false"/><groupingId value="-str-extension"/></resource><resource><extension url="http://hl7.org/fhir/StructureDefinition/implementationguide-page"><valueUri value="StructureDefinition-supported-languages.html"/></extension><reference><reference value="StructureDefinition/supported-languages"/></reference><name value="Supported Languages"/><description value=" Supported Languages : Contains a list of languages that is supported by the questionnaire"/><exampleBoolean value="false"/><groupingId value="-str-extension"/></resource><resource><extension url="http://hl7.org/fhir/StructureDefinition/implementationguide-page"><valueUri value="Questionnaire-Item-Extension-Example-All-48-V1.html"/></extension><reference><reference value="Questionnaire/Item-Extension-Example-All-48-V1"/></reference><name value="Example : Questionnaire.Item-All-48-V1"/><description value="Example : Questionnaire.Item-All-48-V1"/><exampleCanonical value="https://science37.github.io/FHIR-FSH-Implementation-Guide/StructureDefinition/questionnaire-s37"/><groupingId value="-ex-example"/></resource><resource><extension url="http://hl7.org/fhir/StructureDefinition/implementationguide-page"><valueUri value="Questionnaire-Questionnaire-Extension-Example.html"/></extension><reference><reference value="Questionnaire/Questionnaire-Extension-Example"/></reference><name value="Example : Questionnaire"/><description value="Example : Questionnaire"/><exampleCanonical value="https://science37.github.io/FHIR-FSH-Implementation-Guide/StructureDefinition/questionnaire-s37"/><groupingId value="-ex-example"/></resource><resource><extension url="http://hl7.org/fhir/StructureDefinition/implementationguide-page"><valueUri value="Questionnaire-Questionnaire-Item-Extension-Example-DateTimeV1.html"/></extension><reference><reference value="Questionnaire/Questionnaire-Item-Extension-Example-DateTimeV1"/></reference><name value="Example : Questionnaire.Item-DateTime V1"/><description value="Example : Questionnaire.Item-DateTime V1"/><exampleCanonical value="https://science37.github.io/FHIR-FSH-Implementation-Guide/StructureDefinition/questionnaire-s37"/><groupingId value="-ex-example"/></resource><resource><extension url="http://hl7.org/fhir/StructureDefinition/implementationguide-page"><valueUri value="Questionnaire-Questionnaire-Item-Extension-Example-FileUploadV1.html"/></extension><reference><reference value="Questionnaire/Questionnaire-Item-Extension-Example-FileUploadV1"/></reference><name value="Example : Questionnaire.Item-FileUpload-V1"/><description value="Example : Questionnaire.Item-FileUpload-V1"/><exampleCanonical value="https://science37.github.io/FHIR-FSH-Implementation-Guide/StructureDefinition/questionnaire-s37"/><groupingId value="-ex-example"/></resource><resource><extension url="http://hl7.org/fhir/StructureDefinition/implementationguide-page"><valueUri value="Questionnaire-Questionnaire-Item-Extension-Example-Footer-V1.html"/></extension><reference><reference value="Questionnaire/Questionnaire-Item-Extension-Example-Footer-V1"/></reference><name value="Example : Questionnaire.Item-Footer-V1"/><description value="Example : Questionnaire.Item-Footer-V1"/><exampleCanonical value="https://science37.github.io/FHIR-FSH-Implementation-Guide/StructureDefinition/questionnaire-s37"/><groupingId value="-ex-example"/></resource><resource><extension url="http://hl7.org/fhir/StructureDefinition/implementationguide-page"><valueUri value="Questionnaire-Questionnaire-Item-Extension-Example-Header-V1.html"/></extension><reference><reference value="Questionnaire/Questionnaire-Item-Extension-Example-Header-V1"/></reference><name value="Example : Questionnaire.Item-Header-V1"/><description value="Example : Questionnaire.Item-Header-V1"/><exampleCanonical value="https://science37.github.io/FHIR-FSH-Implementation-Guide/StructureDefinition/questionnaire-s37"/><groupingId value="-ex-example"/></resource><resource><extension url="http://hl7.org/fhir/StructureDefinition/implementationguide-page"><valueUri value="Questionnaire-Questionnaire-Item-Extension-Example-Image-V1.html"/></extension><reference><reference value="Questionnaire/Questionnaire-Item-Extension-Example-Image-V1"/></reference><name value="Example : Questionnaire.Item-Image-V1"/><description value="Example : Questionnaire.Item-Image-V1"/><exampleCanonical value="https://science37.github.io/FHIR-FSH-Implementation-Guide/StructureDefinition/questionnaire-s37"/><groupingId value="-ex-example"/></resource><resource><extension url="http://hl7.org/fhir/StructureDefinition/implementationguide-page"><valueUri value="Questionnaire-Questionnaire-Item-Extension-Example-MultiSelect-V1.html"/></extension><reference><reference value="Questionnaire/Questionnaire-Item-Extension-Example-MultiSelect-V1"/></reference><name value="Example : Questionnaire.Item-MultiMultiSelect-V1"/><description value="Example : Questionnaire.Item-MultiSelect-V1"/><exampleCanonical value="https://science37.github.io/FHIR-FSH-Implementation-Guide/StructureDefinition/questionnaire-s37"/><groupingId value="-ex-example"/></resource><resource><extension url="http://hl7.org/fhir/StructureDefinition/implementationguide-page"><valueUri value="Questionnaire-Questionnaire-Item-Extension-Example-Number-Decimal-V1.html"/></extension><reference><reference value="Questionnaire/Questionnaire-Item-Extension-Example-Number-Decimal-V1"/></reference><name value="Example : Questionnaire.Item-Number-Decimal-V1"/><description value="Example : Questionnaire.Item-Number-Decimal-V1"/><exampleCanonical value="https://science37.github.io/FHIR-FSH-Implementation-Guide/StructureDefinition/questionnaire-s37"/><groupingId value="-ex-example"/></resource><resource><extension url="http://hl7.org/fhir/StructureDefinition/implementationguide-page"><valueUri value="Questionnaire-Questionnaire-Item-Extension-Example-Number-Integer-V1.html"/></extension><reference><reference value="Questionnaire/Questionnaire-Item-Extension-Example-Number-Integer-V1"/></reference><name value="Example : Questionnaire.Item-Number-Integer-V1"/><description value="Example : Questionnaire.Item-Number-Integer-V1"/><exampleCanonical value="https://science37.github.io/FHIR-FSH-Implementation-Guide/StructureDefinition/questionnaire-s37"/><groupingId value="-ex-example"/></resource><resource><extension url="http://hl7.org/fhir/StructureDefinition/implementationguide-page"><valueUri value="Questionnaire-Questionnaire-Item-Extension-Example-RatingScale-V1.html"/></extension><reference><reference value="Questionnaire/Questionnaire-Item-Extension-Example-RatingScale-V1"/></reference><name value="Example : Questionnaire.Item-All-RatingScale-V1"/><description value="Example : Questionnaire.Item-All-RatingScale-V1"/><exampleCanonical value="https://science37.github.io/FHIR-FSH-Implementation-Guide/StructureDefinition/questionnaire-s37"/><groupingId value="-ex-example"/></resource><resource><extension url="http://hl7.org/fhir/StructureDefinition/implementationguide-page"><valueUri value="Questionnaire-Questionnaire-Item-Extension-Example-RichText-V1.html"/></extension><reference><reference value="Questionnaire/Questionnaire-Item-Extension-Example-RichText-V1"/></reference><name value="Example : Questionnaire.Item-RichText-V1"/><description value="Example : Questionnaire.Item-RichText-V1"/><exampleCanonical value="https://science37.github.io/FHIR-FSH-Implementation-Guide/StructureDefinition/questionnaire-s37"/><groupingId value="-ex-example"/></resource><resource><extension url="http://hl7.org/fhir/StructureDefinition/implementationguide-page"><valueUri value="Questionnaire-Questionnaire-Item-Extension-Example-Select-V1.html"/></extension><reference><reference value="Questionnaire/Questionnaire-Item-Extension-Example-Select-V1"/></reference><name value="Example : Questionnaire.Item-Select-V1"/><description value="Example : Questionnaire.Item-Select-V1"/><exampleCanonical value="https://science37.github.io/FHIR-FSH-Implementation-Guide/StructureDefinition/questionnaire-s37"/><groupingId value="-ex-example"/></resource><resource><extension url="http://hl7.org/fhir/StructureDefinition/implementationguide-page"><valueUri value="Questionnaire-Questionnaire-Item-Extension-Example-Text-V1.html"/></extension><reference><reference value="Questionnaire/Questionnaire-Item-Extension-Example-Text-V1"/></reference><name value="Example : Questionnaire.Item-Text-V1"/><description value="Example : Questionnaire.Item-Text-V1"/><exampleCanonical value="https://science37.github.io/FHIR-FSH-Implementation-Guide/StructureDefinition/questionnaire-s37"/><groupingId value="-ex-example"/></resource><resource><extension url="http://hl7.org/fhir/StructureDefinition/implementationguide-page"><valueUri value="Questionnaire-Questionnaire-Item-Extension-Example-TextArea-V1.html"/></extension><reference><reference value="Questionnaire/Questionnaire-Item-Extension-Example-TextArea-V1"/></reference><name value="Example : Questionnaire.Item-All-TextArea-V1"/><description value="Example : Questionnaire.Item-All-TextArea-V1"/><exampleCanonical value="https://science37.github.io/FHIR-FSH-Implementation-Guide/StructureDefinition/questionnaire-s37"/><groupingId value="-ex-example"/></resource><resource><extension url="http://hl7.org/fhir/StructureDefinition/implementationguide-page"><valueUri value="Questionnaire-Questionnaire-Item-Extension-Example-VASScale-V1.html"/></extension><reference><reference value="Questionnaire/Questionnaire-Item-Extension-Example-VASScale-V1"/></reference><name value="Example : Questionnaire.Item-VASScale-V1"/><description value="Example : Questionnaire.Item-VASScale-V1"/><exampleCanonical value="https://science37.github.io/FHIR-FSH-Implementation-Guide/StructureDefinition/questionnaire-s37"/><groupingId value="-ex-example"/></resource><resource><extension url="http://hl7.org/fhir/StructureDefinition/implementationguide-page"><valueUri value="Questionnaire-Questionnaire-Item-Extension-Example-derivedV1.html"/></extension><reference><reference value="Questionnaire/Questionnaire-Item-Extension-Example-derivedV1"/></reference><name value="Example : Questionnaire.Item-derived-V1"/><description value="Example : Questionnaire.Item-derived-V1"/><exampleCanonical value="https://science37.github.io/FHIR-FSH-Implementation-Guide/StructureDefinition/questionnaire-s37"/><groupingId value="-ex-example"/></resource><resource><extension url="http://hl7.org/fhir/StructureDefinition/implementationguide-page"><valueUri value="Questionnaire-Questionnaire-Item-Extension-Example-page-break-V1.html"/></extension><reference><reference value="Questionnaire/Questionnaire-Item-Extension-Example-page-break-V1"/></reference><name value="Example : Questionnaire.Item-page-break-V1"/><description value="Example : Questionnaire.Item-page-break-V1"/><exampleCanonical value="https://science37.github.io/FHIR-FSH-Implementation-Guide/StructureDefinition/questionnaire-s37"/><groupingId value="-ex-example"/></resource><page><nameUrl value="toc.html"/><title value="Table of Contents"/><generation value="html"/><page><nameUrl value="index.html"/><title value="Home"/><generation value="markdown"/></page><page><nameUrl value="artifacts.html"/><title value="Artifacts Summary"/><generation value="html"/><page><nameUrl value="StructureDefinition-questionnaire-s37.html"/><title value="Profile : Questionnaire"/><generation value="generated"/></page><page><nameUrl value="StructureDefinition-form-settings.html"/><title value="Extension : Form Settings "/><generation value="generated"/></page><page><nameUrl value="StructureDefinition-observation-extract.html"/><title value="Extension : observationExtract"/><generation value="generated"/></page><page><nameUrl value="StructureDefinition-parent-reference.html"/><title value="Extension : Parent Reference"/><generation value="generated"/></page><page><nameUrl value="StructureDefinition-rendering-settings.html"/><title value="Extension : Item Rendering Settings"/><generation value="generated"/></page><page><nameUrl value="StructureDefinition-resource-create-update-at-datetime.html"/><title value="Extension : ResourceCreateUpdateAtDateTime"/><generation value="generated"/></page><page><nameUrl value="StructureDefinition-settings.html"/><title value="Extension : Common Settings "/><generation value="generated"/></page><page><nameUrl value="StructureDefinition-sub-status.html"/><title value="Extension : SubStatus"/><generation value="generated"/></page><page><nameUrl value="StructureDefinition-supported-languages.html"/><title value="Supported Languages"/><generation value="generated"/></page><page><nameUrl value="Questionnaire-Item-Extension-Example-All-48-V1.html"/><title value="Example : Questionnaire.Item-All-48-V1"/><generation value="generated"/></page><page><nameUrl value="Questionnaire-Questionnaire-Extension-Example.html"/><title value="Example : Questionnaire"/><generation value="generated"/></page><page><nameUrl value="Questionnaire-Questionnaire-Item-Extension-Example-DateTimeV1.html"/><title value="Example : Questionnaire.Item-DateTime V1"/><generation value="generated"/></page><page><nameUrl value="Questionnaire-Questionnaire-Item-Extension-Example-FileUploadV1.html"/><title value="Example : Questionnaire.Item-FileUpload-V1"/><generation value="generated"/></page><page><nameUrl value="Questionnaire-Questionnaire-Item-Extension-Example-Footer-V1.html"/><title value="Example : Questionnaire.Item-Footer-V1"/><generation value="generated"/></page><page><nameUrl value="Questionnaire-Questionnaire-Item-Extension-Example-Header-V1.html"/><title value="Example : Questionnaire.Item-Header-V1"/><generation value="generated"/></page><page><nameUrl value="Questionnaire-Questionnaire-Item-Extension-Example-Image-V1.html"/><title value="Example : Questionnaire.Item-Image-V1"/><generation value="generated"/></page><page><nameUrl value="Questionnaire-Questionnaire-Item-Extension-Example-MultiSelect-V1.html"/><title value="Example : Questionnaire.Item-MultiMultiSelect-V1"/><generation value="generated"/></page><page><nameUrl value="Questionnaire-Questionnaire-Item-Extension-Example-Number-Decimal-V1.html"/><title value="Example : Questionnaire.Item-Number-Decimal-V1"/><generation value="generated"/></page><page><nameUrl value="Questionnaire-Questionnaire-Item-Extension-Example-Number-Integer-V1.html"/><title value="Example : Questionnaire.Item-Number-Integer-V1"/><generation value="generated"/></page><page><nameUrl value="Questionnaire-Questionnaire-Item-Extension-Example-RatingScale-V1.html"/><title value="Example : Questionnaire.Item-All-RatingScale-V1"/><generation value="generated"/></page><page><nameUrl value="Questionnaire-Questionnaire-Item-Extension-Example-RichText-V1.html"/><title value="Example : Questionnaire.Item-RichText-V1"/><generation value="generated"/></page><page><nameUrl value="Questionnaire-Questionnaire-Item-Extension-Example-Select-V1.html"/><title value="Example : Questionnaire.Item-Select-V1"/><generation value="generated"/></page><page><nameUrl value="Questionnaire-Questionnaire-Item-Extension-Example-Text-V1.html"/><title value="Example : Questionnaire.Item-Text-V1"/><generation value="generated"/></page><page><nameUrl value="Questionnaire-Questionnaire-Item-Extension-Example-TextArea-V1.html"/><title value="Example : Questionnaire.Item-All-TextArea-V1"/><generation value="generated"/></page><page><nameUrl value="Questionnaire-Questionnaire-Item-Extension-Example-VASScale-V1.html"/><title value="Example : Questionnaire.Item-VASScale-V1"/><generation value="generated"/></page><page><nameUrl value="Questionnaire-Questionnaire-Item-Extension-Example-derivedV1.html"/><title value="Example : Questionnaire.Item-derived-V1"/><generation value="generated"/></page><page><nameUrl value="Questionnaire-Questionnaire-Item-Extension-Example-page-break-V1.html"/><title value="Example : Questionnaire.Item-page-break-V1"/><generation value="generated"/></page></page></page><parameter><code value="path-resource"/><value value="input/capabilities"/></parameter><parameter><code value="path-resource"/><value value="input/examples"/></parameter><parameter><code value="path-resource"/><value value="input/extensions"/></parameter><parameter><code value="path-resource"/><value value="input/models"/></parameter><parameter><code value="path-resource"/><value value="input/operations"/></parameter><parameter><code value="path-resource"/><value value="input/profiles"/></parameter><parameter><code value="path-resource"/><value value="input/resources"/></parameter><parameter><code value="path-resource"/><value value="input/vocabulary"/></parameter><parameter><code value="path-resource"/><value value="input/maps"/></parameter><parameter><code value="path-resource"/><value value="input/testing"/></parameter><parameter><code value="path-resource"/><value value="input/history"/></parameter><parameter><code value="path-resource"/><value value="fsh-generated/resources"/></parameter><parameter><code value="path-pages"/><value value="template/config"/></parameter><parameter><code value="path-pages"/><value value="input/images"/></parameter><parameter><code value="path-tx-cache"/><value value="input-cache/txcache"/></parameter></definition></ImplementationGuide>