<?xml version="1.0" encoding="UTF-8"?><PlanDefinition xmlns="http://hl7.org/fhir"><id value="EConsentFormGroupPlanDefinitionS37Example"/><meta><profile value="https://science37.github.io/FHIR-FSH-Implementation-Guide/StructureDefinition/plandefinition-s37"/></meta><extension url="https://science37.github.io/FHIR-FSH-Implementation-Guide/StructureDefinition/parent-reference"><extension url="MASTER_VISIT_PLAN"><valueString value="449e0f70-9c78-11eb-a748-70b5e89dfcd9"/></extension></extension><extension url="https://science37.github.io/FHIR-FSH-Implementation-Guide/StructureDefinition/resource-create-update-at-datetime"><extension url="createdAt"><valueDateTime value="2015-02-07T13:28:17Z"/></extension><extension url="updatedAt"><valueDateTime value="2022-01-01T10:08:10Z"/></extension></extension><extension url="https://science37.github.io/FHIR-FSH-Implementation-Guide/StructureDefinition/version-number"><extension url="audit-trail-version"><valueId value="1.2.2"/></extension></extension><url value="https://science37.github.io/FHIR-FSH-Implementation-Guide/PlanDefinition/EConsentFormGroupPlanDefinitionS37Example"/><version value="1.0.0-S37"/><name value="ECONSENT_FORM_GROUP"/><status value="active"/><date value="2022-07-04T20:25:49+00:00"/><publisher value="Science37"/><jurisdiction><coding><system value="urn:iso:std:iso:3166"/><code value="US"/><display value="United States of America"/></coding></jurisdiction><action><extension url="https://science37.github.io/FHIR-FSH-Implementation-Guide/StructureDefinition/form-collection"><extension url="formType"><valueString value="ECONSENT_FORMS"/></extension><extension url="forms"><extension url="https://science37.github.io/FHIR-FSH-Implementation-Guide/StructureDefinition/form-config"><extension url="display-order"><valueInteger value="1"/></extension><extension url="form-id"><valueString value="e358d87d-d340-43eb-ae17-fabe787cq011"/></extension><extension url="form-title"><valueString value="Site Specific Form nested 1"/></extension><extension url="form-version"><valueString value="1.0"/></extension><extension url="form-type"><valueString value="ECRF"/></extension><extension url="site-list"><extension url="https://science37.github.io/FHIR-FSH-Implementation-Guide/StructureDefinition/site-config"><extension url="site-name"><valueString value="siteA"/></extension><extension url="site-id"><valueString value="8112d5e4-76b0-451f-a2bf-4970b271ca61"/></extension></extension><extension url="https://science37.github.io/FHIR-FSH-Implementation-Guide/StructureDefinition/site-config"><extension url="site-name"><valueString value="siteA"/></extension><extension url="site-id"><valueString value="8112d5e4-76b0-451f-a2bf-4970b271ca61"/></extension></extension></extension><extension url="location-restrictions"><extension url="state-code"><valueString value="IN"/></extension><extension url="state-code"><valueString value="FL"/></extension></extension></extension><extension url="https://science37.github.io/FHIR-FSH-Implementation-Guide/StructureDefinition/form-config"><extension url="display-order"><valueInteger value="2"/></extension><extension url="form-id"><valueString value="e358d87d-d340-43eb-ae17-fabe787cq012"/></extension><extension url="form-title"><valueString value="Site Specific Form nested 2"/></extension><extension url="form-version"><valueString value="1.0"/></extension><extension url="form-type"><valueString value="EPRO"/></extension><extension url="site-list"><extension url="https://science37.github.io/FHIR-FSH-Implementation-Guide/StructureDefinition/site-config"><extension url="site-name"><valueString value="siteAA"/></extension><extension url="site-id"><valueString value="8112d5e4-76b0-451f-a2bf-4970b2aaca61"/></extension></extension><extension url="https://science37.github.io/FHIR-FSH-Implementation-Guide/StructureDefinition/site-config"><extension url="site-name"><valueString value="siteBB"/></extension><extension url="site-id"><valueString value="8112d5e4-76b0-451f-a2bf-4970bbb1ca61"/></extension></extension></extension><extension url="location-restrictions"><extension url="state-code"><valueString value="IN"/></extension><extension url="state-code"><valueString value="FL"/></extension></extension></extension></extension></extension></action></PlanDefinition>