<?xml version="1.0" encoding="UTF-8"?><PlanDefinition xmlns="http://hl7.org/fhir"><id value="EXPECTEDVISITPLANPlanDefinitionS37Example"/><meta><profile value="https://science37.github.io/FHIR-FSH-Implementation-Guide/StructureDefinition/plandefinition-s37"/></meta><extension url="https://science37.github.io/FHIR-FSH-Implementation-Guide/StructureDefinition/parent-reference"><extension url="MASTER_VISIT_PLAN"><valueString value="449e0f70-9c78-11eb-a748-70b5e89dfcd9"/></extension></extension><extension url="https://science37.github.io/FHIR-FSH-Implementation-Guide/StructureDefinition/version-number"><extension url="audit-trail-version"><valueId value="1"/></extension></extension><extension url="https://science37.github.io/FHIR-FSH-Implementation-Guide/StructureDefinition/resource-create-update-at-datetime"><extension url="createdAt"><valueDateTime value="2015-02-07T13:28:17Z"/></extension><extension url="updatedAt"><valueDateTime value="2022-01-01T10:08:10Z"/></extension></extension><url value="https://science37.github.io/FHIR-FSH-Implementation-Guide/PlanDefinition/EXPECTEDVISITPLANPlanDefinitionS37Example"/><version value="1.0.0-S37"/><name value="EXPECTED_VISIT_PLAN"/><status value="active"/><date value="2022-05-24T16:07:29+00:00"/><publisher value="Science37"/><jurisdiction><coding><system value="urn:iso:std:iso:3166"/><code value="US"/><display value="United States of America"/></coding></jurisdiction><action><definitionUri value="VISIT/e358d87d-d340-43eb-ae17-fabe787ca001"/><action><definitionUri value="FORM_LIST/e358d87d-d340-43eb-ae17-fabe787ca001"/></action></action><action><definitionUri value="VISIT/e358d87d-d340-43eb-ae17-fabe787ca002"/><action><definitionUri value="FORM_LIST/e358d87d-d340-43eb-ae17-fabe787ca001"/></action></action><action><definitionUri value="VISIT/e358d87d-d340-43eb-ae17-fabe787ca003"/><action><definitionUri value="FORM_LIST/e358d87d-d340-43eb-ae17-fabe787ca001"/></action></action></PlanDefinition>