<?xml version="1.0" encoding="UTF-8"?><PlanDefinition xmlns="http://hl7.org/fhir"><id value="FormListPlanDefinitionS37Example"/><meta><profile value="https://science37.github.io/FHIR-FSH-Implementation-Guide/StructureDefinition/plandefinition-s37"/></meta><extension url="https://science37.github.io/FHIR-FSH-Implementation-Guide/StructureDefinition/parent-reference"><extension url="MASTER_VISIT_PLAN"><valueString value="449e0f70-9c78-11eb-a748-70b5e89dfcd9"/></extension><extension url="EXPECTED_VISIT_PLAN"><valueString value="449e0f70-9c78-11eb-a748-70b5e89dfcsd9"/></extension><extension url="VISIT"><valueString value="449e0f70-9c78-11eb-a748-70b5e89dsfcd9"/></extension></extension><extension url="https://science37.github.io/FHIR-FSH-Implementation-Guide/StructureDefinition/resource-create-update-at-datetime"><extension url="createdAt"><valueDateTime value="2015-02-07T13:28:17Z"/></extension><extension url="updatedAt"><valueDateTime value="2022-01-01T10:08:10Z"/></extension></extension><extension url="https://science37.github.io/FHIR-FSH-Implementation-Guide/StructureDefinition/version-number"><extension url="audit-trail-version"><valueId value="1.2.2"/></extension></extension><url value="https://science37.github.io/FHIR-FSH-Implementation-Guide/PlanDefinition/FormListPlanDefinitionS37Example"/><version value="1.0.0-S37"/><name value="FORMS_LIST"/><status value="active"/><date value="2022-05-23T11:08:31+00:00"/><publisher value="Science37"/><jurisdiction><coding><system value="urn:iso:std:iso:3166"/><code value="US"/><display value="United States of America"/></coding></jurisdiction><action><extension url="https://science37.github.io/FHIR-FSH-Implementation-Guide/StructureDefinition/form-config"><extension url="display-order"><valueInteger value="2"/></extension><extension url="form-id"><valueString value="e358d87d-d340-43eb-ae17-fabe787cq002"/></extension><extension url="form-title"><valueString value="Form1"/></extension><extension url="form-version"><valueString value="1.0"/></extension><extension url="form-type"><valueString value="EPRO"/></extension><extension url="experation"><valueString value="TIME_DAY"/></extension><extension url="allow-multilple-submit"><valueBoolean value="true"/></extension><extension url="site-list"><extension url="https://science37.github.io/FHIR-FSH-Implementation-Guide/StructureDefinition/site-config"><extension url="site-name"><valueString value="siteA"/></extension><extension url="site-id"><valueString value="8112d5e4-76b0-451f-a2bf-4970b271ca61"/></extension></extension><extension url="https://science37.github.io/FHIR-FSH-Implementation-Guide/StructureDefinition/site-config"><extension url="site-name"><valueString value="siteA"/></extension><extension url="site-id"><valueString value="8112d5e4-76b0-451f-a2bf-4970b271ca61"/></extension></extension></extension><extension url="time-of-day-type"><extension url="https://science37.github.io/FHIR-FSH-Implementation-Guide/StructureDefinition/time-period"><extension url="military-start-time"><valueString value="13:00"/></extension><extension url="military-end-time"><valueString value="18:00"/></extension></extension></extension></extension><definitionUri value="Questionnaire/e358d87d-d340-43eb-ae17-fabe787cq002"/></action><action><extension url="https://science37.github.io/FHIR-FSH-Implementation-Guide/StructureDefinition/form-config"><extension url="display-order"><valueInteger value="1"/></extension><extension url="form-id"><valueString value="e358d87d-d340-43eb-ae17-fabe787cq002"/></extension><extension url="form-title"><valueString value="Form1"/></extension><extension url="form-version"><valueString value="1.0"/></extension><extension url="form-type"><valueString value="EPRO"/></extension><extension url="experation"><valueString value="TIME_DAY"/></extension><extension url="allow-multilple-submit"><valueBoolean value="true"/></extension><extension url="site-list"><extension url="https://science37.github.io/FHIR-FSH-Implementation-Guide/StructureDefinition/site-config"><extension url="site-name"><valueString value="siteA"/></extension><extension url="site-id"><valueString value="8112d5e4-76b0-451f-a2bf-4970b271ca61"/></extension></extension><extension url="https://science37.github.io/FHIR-FSH-Implementation-Guide/StructureDefinition/site-config"><extension url="site-name"><valueString value="siteA"/></extension><extension url="site-id"><valueString value="8112d5e4-76b0-451f-a2bf-4970b271ca61"/></extension></extension></extension><extension url="time-of-day-type"><extension url="https://science37.github.io/FHIR-FSH-Implementation-Guide/StructureDefinition/time-period"><extension url="military-start-time"><valueString value="13:00"/></extension><extension url="military-end-time"><valueString value="18:00"/></extension></extension></extension></extension><definitionUri value="Questionnaire/e358d87d-d340-43eb-ae17-fabe787cq0113"/></action></PlanDefinition>