<?xml version="1.0" encoding="UTF-8"?><Questionnaire xmlns="http://hl7.org/fhir"><id value="Questionnaire-Item-Extension-Example-VASScale"/><meta><profile value="https://science37.github.io/FHIR-FSH-Implementation-Guide/StructureDefinition/questionnaire-s37-sdc"/></meta><text><status value="generated"/><div xmlns="http://www.w3.org/1999/xhtml"><table border="1" cellpadding="0" cellspacing="0" style="border: 1px #F0F0F0 solid; font-size: 11px; font-family: verdana; vertical-align: top;"><tr style="border: 2px #F0F0F0 solid; font-size: 11px; font-family: verdana; vertical-align: top"><th style="vertical-align: top; text-align : left; background-color: white; border: 1px #F0F0F0 solid; padding:0px 4px 0px 4px" class="hierarchy"><a href="http://hl7.org/fhir/R4/formats.html#table" title="The linkId for the item">LinkId</a></th><th style="vertical-align: top; text-align : left; background-color: white; border: 1px #F0F0F0 solid; padding:0px 4px 0px 4px" class="hierarchy"><a href="http://hl7.org/fhir/R4/formats.html#table" title="Text for the item">Text</a></th><th style="vertical-align: top; text-align : left; background-color: white; border: 1px #F0F0F0 solid; padding:0px 4px 0px 4px" class="hierarchy"><a href="http://hl7.org/fhir/R4/formats.html#table" title="Minimum and Maximum # of times the the itemcan appear in the instance">Cardinality</a></th><th style="vertical-align: top; text-align : left; background-color: white; border: 1px #F0F0F0 solid; padding:0px 4px 0px 4px" class="hierarchy"><a href="http://hl7.org/fhir/R4/formats.html#table" title="The type of the item">Type</a></th><th style="vertical-align: top; text-align : left; background-color: white; border: 1px #F0F0F0 solid; padding:0px 4px 0px 4px" class="hierarchy"><a href="http://hl7.org/fhir/R4/formats.html#table" title="Additional information about the item">Description &amp; Constraints</a><span style="float: right"><a href="http://hl7.org/fhir/R4/formats.html#table" title="Legend for this format"><img src="http://hl7.org/fhir/R4/help16.png" alt="doco" style="background-color: inherit"/></a></span></th></tr><tr style="border: 1px #F0F0F0 solid; padding:0px; vertical-align: top; background-color: white"><td style="vertical-align: top; text-align : left; background-color: white; border: 1px #F0F0F0 solid; padding:0px 4px 0px 4px; white-space: nowrap; background-image: url(tbl_bck1.png)" class="hierarchy"><img src="tbl_spacer.png" alt="." style="background-color: inherit" class="hierarchy"/><img src="icon_q_root.gif" alt="." style="background-color: white; background-color: inherit" title="QuestionnaireRoot" class="hierarchy"/> Example : Questionnaire.Item VASScale</td><td style="vertical-align: top; text-align : left; background-color: white; border: 1px #F0F0F0 solid; padding:0px 4px 0px 4px" class="hierarchy"/><td style="vertical-align: top; text-align : left; background-color: white; border: 1px #F0F0F0 solid; padding:0px 4px 0px 4px" class="hierarchy"></td><td style="vertical-align: top; text-align : left; background-color: white; border: 1px #F0F0F0 solid; padding:0px 4px 0px 4px" class="hierarchy">Questionnaire</td><td style="vertical-align: top; text-align : left; background-color: white; border: 1px #F0F0F0 solid; padding:0px 4px 0px 4px" class="hierarchy">http://science37.com/trial/098fsd0af9s/site/s0d98f0a98d0/questionnaire/97af87da0f6a06#1.0.0-S37</td></tr>
<tr style="border: 1px #F0F0F0 solid; padding:0px; vertical-align: top; background-color: #F7F7F7"><td id="item.__S37-form-fields-h0ae575xlf8" style="vertical-align: top; text-align : left; background-color: #F7F7F7; border: 1px #F0F0F0 solid; padding:0px 4px 0px 4px; white-space: nowrap; background-image: url(tbl_bck00.png)" class="hierarchy"><img src="tbl_spacer.png" alt="." style="background-color: inherit" class="hierarchy"/><img src="tbl_vjoin_end.png" alt="." style="background-color: inherit" class="hierarchy"/><img src="icon-q-group.png" alt="." style="background-color: #F7F7F7; background-color: inherit" title="Group" class="hierarchy"/> __S37-form-fields-h0ae575xlf8</td><td style="vertical-align: top; text-align : left; background-color: #F7F7F7; border: 1px #F0F0F0 solid; padding:0px 4px 0px 4px" class="hierarchy">&lt;p style=&quot;text-align:left;&quot;&gt;&lt;strong&gt;Please tap on the scale to indicate how your health is TODAY&lt;/strong&gt;&lt;/p&gt;</td><td style="vertical-align: top; text-align : left; background-color: #F7F7F7; border: 1px #F0F0F0 solid; padding:0px 4px 0px 4px" class="hierarchy">1..1</td><td style="vertical-align: top; text-align : left; background-color: #F7F7F7; border: 1px #F0F0F0 solid; padding:0px 4px 0px 4px" class="hierarchy"><a href="http://hl7.org/fhir/R4/codesystem-item-type.html#item-type-question">question</a></td><td style="vertical-align: top; text-align : left; background-color: #F7F7F7; border: 1px #F0F0F0 solid; padding:0px 4px 0px 4px" class="hierarchy">Definition: https://science37.com/NG/widget/id/vasscale/version/2.3</td></tr>
<tr><td colspan="5" class="hierarchy"><br/><a href="http://hl7.org/fhir/R4/formats.html#table" title="Legend for this format"><img src="http://hl7.org/fhir/R4/help16.png" alt="doco" style="background-color: inherit"/> Documentation for this format</a></td></tr></table></div></text><extension url="https://science37.github.io/FHIR-FSH-Implementation-Guide/StructureDefinition/sub-status"><valueString value="deleted"/></extension><extension url="https://science37.github.io/FHIR-FSH-Implementation-Guide/StructureDefinition/resource-create-update-at-datetime"><extension url="createdAt"><valueDateTime value="2015-02-07T13:28:17Z"/></extension><extension url="updatedAt"><valueDateTime value="2022-01-01T10:08:10Z"/></extension></extension><extension url="https://science37.github.io/FHIR-FSH-Implementation-Guide/StructureDefinition/supported-languages"><extension url="language"><valueCode value="en-US"/></extension><extension url="language"><valueCode value="en-SG"/></extension></extension><url value="http://science37.com/trial/098fsd0af9s/site/s0d98f0a98d0/questionnaire/97af87da0f6a06"/><identifier><value value="Form ID-odfu9sdfyisyd78y877"/></identifier><version value="1.0.0-S37"/><name value="Example : Questionnaire.Item VASScale"/><title value="Example : Questionnaire.Item VASScale"/><status value="unknown"/><subjectType value="Patient"/><date value="2022-05-24T18:19:26+00:00"/><publisher value="Science37"/><jurisdiction><coding><system value="urn:iso:std:iso:3166"/><code value="US"/><display value="United States of America"/></coding></jurisdiction><item><extension url="http://hl7.org/fhir/StructureDefinition/questionnaire-hidden"><valueBoolean value="false"/></extension><extension url="http://hl7.org/fhir/StructureDefinition/minValue"><valueInteger value="11"/></extension><extension url="http://hl7.org/fhir/StructureDefinition/maxValue"><valueInteger value="1100"/></extension><extension url="http://hl7.org/fhir/uv/sdc/StructureDefinition/sdc-questionnaire-observationExtract"><valueBoolean value="true"/></extension><extension url="http://hl7.org/fhir/StructureDefinition/questionnaire-itemControl"><valueCodeableConcept><coding><system value="http://hl7.org/fhir/questionnaire-item-control"/><code value="vas-scale"/><display value="vas-scale"/></coding><text value="vas-scale"/></valueCodeableConcept></extension><extension url="https://science37.github.io/FHIR-FSH-Implementation-Guide/StructureDefinition/version"><valueId value="1.0.1-item"/></extension><extension url="https://science37.github.io/FHIR-FSH-Implementation-Guide/StructureDefinition/rendering"><extension url="setting"><extension url="id"><valueString value="sponsorVariable"/></extension><extension url="label"><valueString value="Field OID"/></extension><extension url="value"><valueString value="VAS_OID"/></extension><extension url="type"><valueString value="text"/></extension><extension url="hidden"><valueBoolean value="false"/></extension><extension url="required"><valueBoolean value="false"/></extension><extension url="description"><valueString value="Max of 256 characters"/></extension><extension url="maxLength"><valueInteger value="256"/></extension><extension url="pattern"><valueString value="^(?!.* ).*$"/></extension><extension url="unique"><valueBoolean value="true"/></extension><extension url="disabled"><valueBoolean value="false"/></extension></extension><extension url="setting"><extension url="id"><valueString value="linkId"/></extension><extension url="label"><valueString value="LinkId"/></extension><extension url="value"><valueString value="__S37-form-fields-h0ae575xlf8"/></extension><extension url="type"><valueString value="text"/></extension><extension url="hidden"><valueBoolean value="true"/></extension><extension url="required"><valueBoolean value="true"/></extension><extension url="unique"><valueBoolean value="false"/></extension><extension url="disabled"><valueBoolean value="false"/></extension></extension><extension url="setting"><extension url="id"><valueString value="title"/></extension><extension url="label"><valueString value="Title"/></extension><extension url="value"><valueString value="VAS_TITLE"/></extension><extension url="type"><valueString value="text"/></extension><extension url="hidden"><valueBoolean value="false"/></extension><extension url="required"><valueBoolean value="true"/></extension><extension url="maxLength"><valueInteger value="100"/></extension><extension url="unique"><valueBoolean value="true"/></extension><extension url="disabled"><valueBoolean value="false"/></extension></extension><extension url="setting"><extension url="id"><valueString value="lable"/></extension><extension url="label"><valueString value="Field label"/></extension><extension url="value"><valueString value="&lt;p style=text-align:left;&gt;&lt;strong&gt;TEXT_AREA_LABEL&lt;/strong&gt;&lt;/p&gt;"/></extension><extension url="type"><valueString value="richtext"/></extension><extension url="hidden"><valueBoolean value="false"/></extension><extension url="required"><valueBoolean value="true"/></extension><extension url="description"><valueString value="What will display to the respondent."/></extension><extension url="maxLength"><valueInteger value="2000"/></extension><extension url="unique"><valueBoolean value="false"/></extension><extension url="disabled"><valueBoolean value="false"/></extension></extension><extension url="setting"><extension url="id"><valueString value="standardVariable"/></extension><extension url="label"><valueString value="Standard Variable"/></extension><extension url="value"><valueString value="VAS_STD_VAR"/></extension><extension url="type"><valueString value="text"/></extension><extension url="hidden"><valueBoolean value="false"/></extension><extension url="required"><valueBoolean value="true"/></extension><extension url="description"><valueString value="Max of 256 characters"/></extension><extension url="maxLength"><valueInteger value="256"/></extension><extension url="unique"><valueBoolean value="true"/></extension><extension url="disabled"><valueBoolean value="false"/></extension></extension><extension url="setting"><extension url="id"><valueString value="description"/></extension><extension url="label"><valueString value="Description"/></extension><extension url="value"><valueString value="VAS_DESC"/></extension><extension url="type"><valueString value="textarea"/></extension><extension url="hidden"><valueBoolean value="false"/></extension><extension url="required"><valueBoolean value="false"/></extension><extension url="maxLength"><valueInteger value="256"/></extension><extension url="unique"><valueBoolean value="false"/></extension><extension url="disabled"><valueBoolean value="false"/></extension></extension><extension url="setting"><extension url="id"><valueString value="requiredField"/></extension><extension url="label"><valueString value="Required field"/></extension><extension url="value"><valueString value="false"/></extension><extension url="type"><valueString value="checkbox"/></extension><extension url="hidden"><valueBoolean value="false"/></extension><extension url="required"><valueBoolean value="false"/></extension><extension url="unique"><valueBoolean value="false"/></extension><extension url="disabled"><valueBoolean value="false"/></extension></extension><extension url="setting"><extension url="id"><valueString value="version"/></extension><extension url="value"><valueString value="1"/></extension><extension url="type"><valueString value="text"/></extension><extension url="hidden"><valueBoolean value="true"/></extension><extension url="required"><valueBoolean value="true"/></extension></extension><extension url="setting"><extension url="id"><valueString value="displayValueIndicator"/></extension><extension url="label"><valueString value="Display Value Indicator"/></extension><extension url="value"><valueString value="true"/></extension><extension url="type"><valueString value="checkbox"/></extension><extension url="hidden"><valueBoolean value="false"/></extension><extension url="required"><valueBoolean value="false"/></extension><extension url="unique"><valueBoolean value="true"/></extension><extension url="disabled"><valueBoolean value="false"/></extension></extension><extension url="setting"><extension url="id"><valueString value="valueIndicatorLabel"/></extension><extension url="label"><valueString value="Value Indicator Label"/></extension><extension url="value"><valueString value="Your Health Today"/></extension><extension url="type"><valueString value="text"/></extension><extension url="hidden"><valueBoolean value="false"/></extension><extension url="required"><valueBoolean value="false"/></extension><extension url="maxLength"><valueInteger value="50"/></extension><extension url="unique"><valueBoolean value="true"/></extension><extension url="disabled"><valueBoolean value="false"/></extension></extension><extension url="setting"><extension url="id"><valueString value="minValueLabel"/></extension><extension url="label"><valueString value="Minimum Value Label"/></extension><extension url="value"><valueString value="The lease worst health you can imagine"/></extension><extension url="type"><valueString value="text"/></extension><extension url="hidden"><valueBoolean value="false"/></extension><extension url="required"><valueBoolean value="false"/></extension><extension url="maxLength"><valueInteger value="100"/></extension><extension url="unique"><valueBoolean value="false"/></extension><extension url="disabled"><valueBoolean value="true"/></extension></extension><extension url="setting"><extension url="id"><valueString value="maxValueLabel"/></extension><extension url="label"><valueString value="Maximum Value Label"/></extension><extension url="value"><valueString value="The worst health you can imagine"/></extension><extension url="type"><valueString value="text"/></extension><extension url="hidden"><valueBoolean value="false"/></extension><extension url="required"><valueBoolean value="false"/></extension><extension url="maxLength"><valueInteger value="1000"/></extension><extension url="unique"><valueBoolean value="false"/></extension><extension url="disabled"><valueBoolean value="true"/></extension></extension><extension url="setting"><extension url="id"><valueString value="maxValueLabel"/></extension><extension url="label"><valueString value="Maximum Value Label"/></extension><extension url="value"><valueString value="The worst health you can imagine"/></extension><extension url="type"><valueString value="text"/></extension><extension url="hidden"><valueBoolean value="false"/></extension><extension url="required"><valueBoolean value="false"/></extension><extension url="maxLength"><valueInteger value="1000"/></extension><extension url="unique"><valueBoolean value="false"/></extension><extension url="disabled"><valueBoolean value="true"/></extension></extension><extension url="setting"><extension url="id"><valueString value="medalueLabel"/></extension><extension url="label"><valueString value="Median Value Label"/></extension><extension url="value"><valueString value="The worst health you can imagine"/></extension><extension url="type"><valueString value="text"/></extension><extension url="hidden"><valueBoolean value="false"/></extension><extension url="required"><valueBoolean value="false"/></extension><extension url="maxLength"><valueInteger value="100"/></extension><extension url="unique"><valueBoolean value="false"/></extension><extension url="disabled"><valueBoolean value="true"/></extension></extension><extension url="setting"><extension url="id"><valueString value="naOption"/></extension><extension url="label"><valueString value="N/A Option"/></extension><extension url="value"><valueString value="false"/></extension><extension url="type"><valueString value="checkbox"/></extension><extension url="hidden"><valueBoolean value="false"/></extension><extension url="required"><valueBoolean value="false"/></extension><extension url="unique"><valueBoolean value="false"/></extension><extension url="disabled"><valueBoolean value="true"/></extension></extension><extension url="setting"><extension url="id"><valueString value="naLabel"/></extension><extension url="label"><valueString value="N/A Label"/></extension><extension url="value"><valueString value="Not Applicable"/></extension><extension url="type"><valueString value="texgt"/></extension><extension url="hidden"><valueBoolean value="true"/></extension><extension url="required"><valueBoolean value="false"/></extension><extension url="maxLength"><valueInteger value="500"/></extension><extension url="unique"><valueBoolean value="false"/></extension><extension url="disabled"><valueBoolean value="true"/></extension></extension><extension url="setting"><extension url="id"><valueString value="orientation"/></extension><extension url="label"><valueString value="Orientation"/></extension><extension url="value"><valueString value="vertical"/></extension><extension url="type"><valueString value="radiogroup"/></extension><extension url="hidden"><valueBoolean value="false"/></extension><extension url="required"><valueBoolean value="false"/></extension><extension url="unique"><valueBoolean value="false"/></extension><extension url="disabled"><valueBoolean value="true"/></extension></extension><extension url="setting"><extension url="id"><valueString value="doNotShowNumValue"/></extension><extension url="label"><valueString value="doNotShowNumValue"/></extension><extension url="value"><valueString value="false"/></extension><extension url="type"><valueString value="checkbox"/></extension><extension url="hidden"><valueBoolean value="false"/></extension><extension url="required"><valueBoolean value="false"/></extension><extension url="unique"><valueBoolean value="false"/></extension><extension url="disabled"><valueBoolean value="true"/></extension></extension><extension url="setting"><extension url="id"><valueString value="showIncrements"/></extension><extension url="label"><valueString value="showIncrements"/></extension><extension url="value"><valueString value="true"/></extension><extension url="type"><valueString value="checkbox"/></extension><extension url="hidden"><valueBoolean value="false"/></extension><extension url="required"><valueBoolean value="false"/></extension><extension url="unique"><valueBoolean value="false"/></extension><extension url="disabled"><valueBoolean value="true"/></extension></extension><extension url="setting"><extension url="id"><valueString value="minorIncrements"/></extension><extension url="label"><valueString value="minorIncrements"/></extension><extension url="value"><valueString value="10"/></extension><extension url="type"><valueString value="integer"/></extension><extension url="hidden"><valueBoolean value="false"/></extension><extension url="required"><valueBoolean value="false"/></extension><extension url="pattern"><valueString value="^[0-9]*"/></extension><extension url="minValue"><valueInteger value="0"/></extension><extension url="unique"><valueBoolean value="false"/></extension><extension url="disabled"><valueBoolean value="true"/></extension></extension><extension url="setting"><extension url="id"><valueString value="majorIncrements"/></extension><extension url="label"><valueString value="majorIncrements"/></extension><extension url="value"><valueString value="50"/></extension><extension url="type"><valueString value="integer"/></extension><extension url="hidden"><valueBoolean value="false"/></extension><extension url="required"><valueBoolean value="false"/></extension><extension url="pattern"><valueString value="^[0-9]*"/></extension><extension url="minValue"><valueInteger value="0"/></extension><extension url="unique"><valueBoolean value="false"/></extension><extension url="disabled"><valueBoolean value="true"/></extension></extension><extension url="setting"><extension url="id"><valueString value="interactionType"/></extension><extension url="label"><valueString value="Show value slider"/></extension><extension url="value"><valueString value="true"/></extension><extension url="type"><valueString value="checkbox"/></extension><extension url="hidden"><valueBoolean value="false"/></extension><extension url="required"><valueBoolean value="false"/></extension><extension url="unique"><valueBoolean value="false"/></extension><extension url="disabled"><valueBoolean value="true"/></extension></extension><extension url="setting"><extension url="id"><valueString value="scaleSize"/></extension><extension url="label"><valueString value="scaleSize"/></extension><extension url="value"><valueString value="consistentScale"/></extension><extension url="type"><valueString value="radiogroup"/></extension><extension url="hidden"><valueBoolean value="false"/></extension><extension url="required"><valueBoolean value="false"/></extension><extension url="unique"><valueBoolean value="false"/></extension><extension url="disabled"><valueBoolean value="true"/></extension></extension><extension url="setting"><extension url="id"><valueString value="vasPresets"/></extension><extension url="label"><valueString value="vasPresets"/></extension><extension url="value"><valueString value="vasTenPointIncrement"/></extension><extension url="type"><valueString value="select"/></extension><extension url="hidden"><valueBoolean value="false"/></extension><extension url="required"><valueBoolean value="false"/></extension><extension url="unique"><valueBoolean value="false"/></extension><extension url="disabled"><valueBoolean value="true"/></extension></extension></extension><linkId value="__S37-form-fields-h0ae575xlf8"/><definition value="https://science37.com/NG/widget/id/vasscale/version/2.3"/><text value="&lt;p style=&quot;text-align:left;&quot;&gt;&lt;strong&gt;Please tap on the scale to indicate how your health is TODAY&lt;/strong&gt;&lt;/p&gt;"/><type value="question"/><required value="true"/></item></Questionnaire>