{"resourceType":"PlanDefinition","id":"EXPECTEDVISITPLANPlanDefinitionS37Example","meta":{"profile":["https://science37.github.io/FHIR-FSH-Implementation-Guide/StructureDefinition/plandefinition-s37"]},"extension":[{"extension":[{"url":"MASTER_VISIT_PLAN","valueString":"449e0f70-9c78-11eb-a748-70b5e89dfcd9"}],"url":"https://science37.github.io/FHIR-FSH-Implementation-Guide/StructureDefinition/parent-reference"},{"extension":[{"url":"audit-trail-version","valueId":"1"}],"url":"https://science37.github.io/FHIR-FSH-Implementation-Guide/StructureDefinition/version-number"},{"extension":[{"url":"createdAt","valueDateTime":"2015-02-07T13:28:17Z"},{"url":"updatedAt","valueDateTime":"2022-01-01T10:08:10Z"}],"url":"https://science37.github.io/FHIR-FSH-Implementation-Guide/StructureDefinition/resource-create-update-at-datetime"}],"url":"https://science37.github.io/FHIR-FSH-Implementation-Guide/PlanDefinition/EXPECTEDVISITPLANPlanDefinitionS37Example","version":"1.0.0-S37","name":"EXPECTED_VISIT_PLAN","status":"active","date":"2022-06-09T20:33:24+00:00","publisher":"Science37","jurisdiction":[{"coding":[{"system":"urn:iso:std:iso:3166","code":"US","display":"United States of America"}]}],"action":[{"definitionUri":"VISIT/e358d87d-d340-43eb-ae17-fabe787ca001","action":[{"definitionUri":"FORM_LIST/e358d87d-d340-43eb-ae17-fabe787ca001"}]},{"definitionUri":"VISIT/e358d87d-d340-43eb-ae17-fabe787ca002","action":[{"definitionUri":"FORM_LIST/e358d87d-d340-43eb-ae17-fabe787ca001"}]},{"definitionUri":"VISIT/e358d87d-d340-43eb-ae17-fabe787ca003","action":[{"definitionUri":"FORM_LIST/e358d87d-d340-43eb-ae17-fabe787ca001"}]}]}