[
  {
    "id": "science37.FHIR-IG",
    "type": "ImplementationGuide",
    "url": "https://science37.github.io/FHIR-FSH-Implementation-Guide/ImplementationGuide/science37.FHIR-IG",
    "version": "1.0.0-S37",
    "name": "S37FHIRIG"
  },
  {
    "id": "Item-Extension-Example-All-48",
    "type": "Questionnaire",
    "url": "https://science37.github.io/FHIR-FSH-Implementation-Guide/Questionnaire/Item-Extension-Example-All-48",
    "version": "1.0.0-S37",
    "name": "Example : Questionnaire.Item"
  },
  {
    "id": "Questionnaire-Extension-Example",
    "type": "Questionnaire",
    "url": "https://science37.github.io/FHIR-FSH-Implementation-Guide/Questionnaire/Questionnaire-Extension-Example",
    "version": "1.0.0-S37",
    "name": "Example : Questionnaire"
  },
  {
    "id": "Questionnaire-Item-Extension-Example-DateTime",
    "type": "Questionnaire",
    "url": "https://science37.github.io/FHIR-FSH-Implementation-Guide/Questionnaire/Questionnaire-Item-Extension-Example-DateTime",
    "version": "1.0.0-S37",
    "name": "Example : Questionnaire.Item DateTime"
  },
  {
    "id": "Questionnaire-Item-Extension-Example-DateTimeV1",
    "type": "Questionnaire",
    "url": "https://science37.github.io/FHIR-FSH-Implementation-Guide/Questionnaire/Questionnaire-Item-Extension-Example-DateTimeV1",
    "version": "1.0.0-S37",
    "name": "Example : Questionnaire.Item DateTime V1"
  },
  {
    "id": "Questionnaire-Item-Extension-Example-DateTimeV2",
    "type": "Questionnaire",
    "url": "https://science37.github.io/FHIR-FSH-Implementation-Guide/Questionnaire/Questionnaire-Item-Extension-Example-DateTimeV2",
    "version": "1.0.0-S37",
    "name": "Example : Questionnaire.Item DateTime V2"
  },
  {
    "id": "Questionnaire-Item-Extension-Example-FileUpload",
    "type": "Questionnaire",
    "url": "https://science37.github.io/FHIR-FSH-Implementation-Guide/Questionnaire/Questionnaire-Item-Extension-Example-FileUpload",
    "version": "1.0.0-S37",
    "name": "Example : Questionnaire.Item FileUpload"
  },
  {
    "id": "Questionnaire-Item-Extension-Example-FileUploadV1",
    "type": "Questionnaire",
    "url": "https://science37.github.io/FHIR-FSH-Implementation-Guide/Questionnaire/Questionnaire-Item-Extension-Example-FileUploadV1",
    "version": "1.0.0-S37",
    "name": "Example : Questionnaire.Item FileUpload-V1"
  },
  {
    "id": "Questionnaire-Item-Extension-Example-FileUploadV2",
    "type": "Questionnaire",
    "url": "https://science37.github.io/FHIR-FSH-Implementation-Guide/Questionnaire/Questionnaire-Item-Extension-Example-FileUploadV2",
    "version": "1.0.0-S37",
    "name": "Example : Questionnaire.Item FileUpload-V2"
  },
  {
    "id": "Questionnaire-Item-Extension-Example-Footer",
    "type": "Questionnaire",
    "url": "https://science37.github.io/FHIR-FSH-Implementation-Guide/Questionnaire/Questionnaire-Item-Extension-Example-Footer",
    "version": "1.0.0-S37",
    "name": "Example : Questionnaire.Item Footer"
  },
  {
    "id": "Questionnaire-Item-Extension-Example-Footer-V1",
    "type": "Questionnaire",
    "url": "https://science37.github.io/FHIR-FSH-Implementation-Guide/Questionnaire/Questionnaire-Item-Extension-Example-Footer-V1",
    "version": "1.0.0-S37",
    "name": "Example : Questionnaire.Item Footer-V1"
  },
  {
    "id": "Questionnaire-Item-Extension-Example-Footer-V2",
    "type": "Questionnaire",
    "url": "https://science37.github.io/FHIR-FSH-Implementation-Guide/Questionnaire/Questionnaire-Item-Extension-Example-Footer-V2",
    "version": "1.0.0-S37",
    "name": "Example : Questionnaire.Item Footer-V2"
  },
  {
    "id": "Questionnaire-Item-Extension-Example-Header",
    "type": "Questionnaire",
    "url": "https://science37.github.io/FHIR-FSH-Implementation-Guide/Questionnaire/Questionnaire-Item-Extension-Example-Header",
    "version": "1.0.0-S37",
    "name": "Example : Questionnaire.Item Header"
  },
  {
    "id": "Questionnaire-Item-Extension-Example-Header-V1",
    "type": "Questionnaire",
    "url": "https://science37.github.io/FHIR-FSH-Implementation-Guide/Questionnaire/Questionnaire-Item-Extension-Example-Header-V1",
    "version": "1.0.0-S37",
    "name": "Example : Questionnaire.Item Header-V1"
  },
  {
    "id": "Questionnaire-Item-Extension-Example-Header-V2",
    "type": "Questionnaire",
    "url": "https://science37.github.io/FHIR-FSH-Implementation-Guide/Questionnaire/Questionnaire-Item-Extension-Example-Header-V2",
    "version": "1.0.0-S37",
    "name": "Example : Questionnaire.Item Header-V2"
  },
  {
    "id": "Questionnaire-Item-Extension-Example-Image",
    "type": "Questionnaire",
    "url": "https://science37.github.io/FHIR-FSH-Implementation-Guide/Questionnaire/Questionnaire-Item-Extension-Example-Image",
    "version": "1.0.0-S37",
    "name": "Example : Questionnaire.Item Image"
  },
  {
    "id": "Questionnaire-Item-Extension-Example-Image-V1",
    "type": "Questionnaire",
    "url": "https://science37.github.io/FHIR-FSH-Implementation-Guide/Questionnaire/Questionnaire-Item-Extension-Example-Image-V1",
    "version": "1.0.0-S37",
    "name": "Example : Questionnaire.Item Image-V1"
  },
  {
    "id": "Questionnaire-Item-Extension-Example-MultiSelect",
    "type": "Questionnaire",
    "url": "https://science37.github.io/FHIR-FSH-Implementation-Guide/Questionnaire/Questionnaire-Item-Extension-Example-MultiSelect",
    "version": "1.0.0-S37",
    "name": "Example : Questionnaire.Item MultiSelect"
  },
  {
    "id": "Questionnaire-Item-Extension-Example-MultiSelect-V1",
    "type": "Questionnaire",
    "url": "https://science37.github.io/FHIR-FSH-Implementation-Guide/Questionnaire/Questionnaire-Item-Extension-Example-MultiSelect-V1",
    "version": "1.0.0-S37",
    "name": "Example : Questionnaire.Item MultiSelect-V1"
  },
  {
    "id": "Questionnaire-Item-Extension-Example-MultiSelect-V2",
    "type": "Questionnaire",
    "url": "https://science37.github.io/FHIR-FSH-Implementation-Guide/Questionnaire/Questionnaire-Item-Extension-Example-MultiSelect-V2",
    "version": "1.0.0-S37",
    "name": "Example : Questionnaire.Item MultiSelect-V2"
  },
  {
    "id": "Questionnaire-Item-Extension-Example-Number-Decimal",
    "type": "Questionnaire",
    "url": "https://science37.github.io/FHIR-FSH-Implementation-Guide/Questionnaire/Questionnaire-Item-Extension-Example-Number-Decimal",
    "version": "1.0.0-S37",
    "name": "Example : Questionnaire.Item Number-Decimal"
  },
  {
    "id": "Questionnaire-Item-Extension-Example-Number-Decimal-V1",
    "type": "Questionnaire",
    "url": "https://science37.github.io/FHIR-FSH-Implementation-Guide/Questionnaire/Questionnaire-Item-Extension-Example-Number-Decimal-V1",
    "version": "1.0.0-S37",
    "name": "Example : Questionnaire.Item Number-Decimal-V1"
  },
  {
    "id": "Questionnaire-Item-Extension-Example-Number-Decimal-V2",
    "type": "Questionnaire",
    "url": "https://science37.github.io/FHIR-FSH-Implementation-Guide/Questionnaire/Questionnaire-Item-Extension-Example-Number-Decimal-V2",
    "version": "1.0.0-S37",
    "name": "Example : Questionnaire.Item Number-Decimal-V2"
  },
  {
    "id": "Questionnaire-Item-Extension-Example-Number-Integer",
    "type": "Questionnaire",
    "url": "https://science37.github.io/FHIR-FSH-Implementation-Guide/Questionnaire/Questionnaire-Item-Extension-Example-Number-Integer",
    "version": "1.0.0-S37",
    "name": "Example : Questionnaire.Item Number-Integer"
  },
  {
    "id": "Questionnaire-Item-Extension-Example-RatingScale",
    "type": "Questionnaire",
    "url": "https://science37.github.io/FHIR-FSH-Implementation-Guide/Questionnaire/Questionnaire-Item-Extension-Example-RatingScale",
    "version": "1.0.0-S37",
    "name": "Example : Questionnaire.Item RatingScale"
  },
  {
    "id": "Questionnaire-Item-Extension-Example-RichText",
    "type": "Questionnaire",
    "url": "https://science37.github.io/FHIR-FSH-Implementation-Guide/Questionnaire/Questionnaire-Item-Extension-Example-RichText",
    "version": "1.0.0-S37",
    "name": "Example : Questionnaire.Item RichText"
  },
  {
    "id": "Questionnaire-Item-Extension-Example-Select",
    "type": "Questionnaire",
    "url": "https://science37.github.io/FHIR-FSH-Implementation-Guide/Questionnaire/Questionnaire-Item-Extension-Example-Select",
    "version": "1.0.0-S37",
    "name": "Example : Questionnaire.Item Select"
  },
  {
    "id": "Questionnaire-Item-Extension-Example-Text",
    "type": "Questionnaire",
    "url": "https://science37.github.io/FHIR-FSH-Implementation-Guide/Questionnaire/Questionnaire-Item-Extension-Example-Text",
    "version": "1.0.0-S37",
    "name": "Example : Questionnaire.Item Text"
  },
  {
    "id": "Questionnaire-Item-Extension-Example-TextArea",
    "type": "Questionnaire",
    "url": "https://science37.github.io/FHIR-FSH-Implementation-Guide/Questionnaire/Questionnaire-Item-Extension-Example-TextArea",
    "version": "1.0.0-S37",
    "name": "Example : Questionnaire.Item TextArea"
  },
  {
    "id": "Questionnaire-Item-Extension-Example-VASScale",
    "type": "Questionnaire",
    "url": "https://science37.github.io/FHIR-FSH-Implementation-Guide/Questionnaire/Questionnaire-Item-Extension-Example-VASScale",
    "version": "1.0.0-S37",
    "name": "Example : Questionnaire.Item VASScale"
  },
  {
    "id": "Questionnaire-Item-Extension-Example-derived",
    "type": "Questionnaire",
    "url": "https://science37.github.io/FHIR-FSH-Implementation-Guide/Questionnaire/Questionnaire-Item-Extension-Example-derived",
    "version": "1.0.0-S37",
    "name": "Example : Questionnaire.Item derived"
  },
  {
    "id": "Questionnaire-Item-Extension-Example-derivedV1",
    "type": "Questionnaire",
    "url": "https://science37.github.io/FHIR-FSH-Implementation-Guide/Questionnaire/Questionnaire-Item-Extension-Example-derivedV1",
    "version": "1.0.0-S37",
    "name": "Example : Questionnaire.Item derived-V1"
  },
  {
    "id": "Questionnaire-Item-Extension-Example-derivedV2",
    "type": "Questionnaire",
    "url": "https://science37.github.io/FHIR-FSH-Implementation-Guide/Questionnaire/Questionnaire-Item-Extension-Example-derivedV2",
    "version": "1.0.0-S37",
    "name": "Example : Questionnaire.Item -V2"
  },
  {
    "id": "Questionnaire-Item-Extension-Example-page-break",
    "type": "Questionnaire",
    "url": "https://science37.github.io/FHIR-FSH-Implementation-Guide/Questionnaire/Questionnaire-Item-Extension-Example-page-break",
    "version": "1.0.0-S37",
    "name": "Example : Questionnaire.Item page-break"
  },
  {
    "id": "datetime-item",
    "type": "StructureDefinition",
    "url": "https://science37.github.io/FHIR-FSH-Implementation-Guide/StructureDefinition/datetime-item",
    "version": "1.0.0-S37",
    "name": "DateTimeItem"
  },
  {
    "id": "derived-item",
    "type": "StructureDefinition",
    "url": "https://science37.github.io/FHIR-FSH-Implementation-Guide/StructureDefinition/derived-item",
    "version": "1.0.0-S37",
    "name": "DerivedItem"
  },
  {
    "id": "form-settings",
    "type": "StructureDefinition",
    "url": "https://science37.github.io/FHIR-FSH-Implementation-Guide/StructureDefinition/form-settings",
    "version": "1.0.0-S37",
    "name": "FormSettings"
  },
  {
    "id": "item-rendering-settings",
    "type": "StructureDefinition",
    "url": "https://science37.github.io/FHIR-FSH-Implementation-Guide/StructureDefinition/item-rendering-settings",
    "version": "1.0.0-S37",
    "name": "ItemRenderingSettings"
  },
  {
    "id": "item-settings",
    "type": "StructureDefinition",
    "url": "https://science37.github.io/FHIR-FSH-Implementation-Guide/StructureDefinition/item-settings",
    "version": "1.0.0-S37",
    "name": "ItemSettings"
  },
  {
    "id": "observation-extract",
    "type": "StructureDefinition",
    "url": "https://science37.github.io/FHIR-FSH-Implementation-Guide/StructureDefinition/observation-extract",
    "version": "1.0.0-S37",
    "name": "ObservationExtract"
  },
  {
    "id": "parent-reference",
    "type": "StructureDefinition",
    "url": "https://science37.github.io/FHIR-FSH-Implementation-Guide/StructureDefinition/parent-reference",
    "version": "1.0.0-S37",
    "name": "ParentReference"
  },
  {
    "id": "questionnaire-s37",
    "type": "StructureDefinition",
    "url": "https://science37.github.io/FHIR-FSH-Implementation-Guide/StructureDefinition/questionnaire-s37",
    "version": "1.0.0-S37",
    "name": "QuestionnaireS37"
  },
  {
    "id": "resource-instance-create-updateat-datetime",
    "type": "StructureDefinition",
    "url": "https://science37.github.io/FHIR-FSH-Implementation-Guide/StructureDefinition/resource-instance-create-updateat-datetime",
    "version": "1.0.0-S37",
    "name": "ResourceInstanceCreateUpdateAtDateTime"
  },
  {
    "id": "settings",
    "type": "StructureDefinition",
    "url": "https://science37.github.io/FHIR-FSH-Implementation-Guide/StructureDefinition/settings",
    "version": "1.0.0-S37",
    "name": "Settings"
  },
  {
    "id": "sub-status",
    "type": "StructureDefinition",
    "url": "https://science37.github.io/FHIR-FSH-Implementation-Guide/StructureDefinition/sub-status",
    "version": "1.0.0-S37",
    "name": "SubStatus"
  },
  {
    "id": "vasScale-item",
    "type": "StructureDefinition",
    "url": "https://science37.github.io/FHIR-FSH-Implementation-Guide/StructureDefinition/vasScale-item",
    "version": "1.0.0-S37",
    "name": "VASScaleItem"
  },
  {
    "id": "version",
    "type": "StructureDefinition",
    "url": "https://science37.github.io/FHIR-FSH-Implementation-Guide/StructureDefinition/version",
    "version": "1.0.0-S37",
    "name": "Version"
  }
]