[
  {
    "id": "Item-Extension-Example-All-Items",
    "type": "Questionnaire",
    "url": "http://science37.com/trial/098fsd0af9s/site/s0d98f0a98d0/questionnaire/97af87da0f6a06",
    "version": "1.0.0-S37",
    "name": "Example : Questionnaire"
  },
  {
    "id": "Item-Extension-Example-All-Items-Reduced",
    "type": "Questionnaire",
    "url": "http://science37.com/trial/098fsd0af9s/site/s0d98f0a98d0/questionnaire/97af87da0f6a06",
    "version": "1.0.0-S37",
    "name": "Example : Questionnaire"
  },
  {
    "id": "Questionnaire-Extension-Example",
    "type": "Questionnaire",
    "url": "http://science37.com/trial/098fsd0af9s/site/s0d98f0a98d0/questionnaire/97af87da0f6a06",
    "version": "1.0.0-S37",
    "name": "Example : Questionnaire"
  },
  {
    "id": "Questionnaire-Item-Extension-DeviceAware-MultipleDevice-Example",
    "type": "Questionnaire",
    "url": "http://science37.com/trial/098fsd0af9s/site/s0d98f0a98d0/questionnaire/97af87da0f6a06",
    "version": "1.0.0-S37",
    "name": "Example : Questionnaire Multiple Device Aware"
  },
  {
    "id": "Questionnaire-Item-Extension-DeviceAware-SingleDevice-Example",
    "type": "Questionnaire",
    "url": "http://science37.com/trial/098fsd0af9s/site/s0d98f0a98d0/questionnaire/97af87da0f6a06",
    "version": "1.0.0-S37",
    "name": "Example : Questionnaire DeviceAware"
  },
  {
    "id": "Questionnaire-Item-Extension-Example-DateTime",
    "type": "Questionnaire",
    "url": "http://science37.com/trial/098fsd0af9s/site/s0d98f0a98d0/questionnaire/97af87da0f6a06",
    "version": "1.0.0-S37",
    "name": "Example : Questionnaire DateTimeV1"
  },
  {
    "id": "Questionnaire-Item-Extension-Example-FileUpload",
    "type": "Questionnaire",
    "url": "http://science37.com/trial/098fsd0af9s/site/s0d98f0a98d0/questionnaire/97af87da0f6a06",
    "version": "1.0.0-S37",
    "name": "Example : Questionnaire.Item FileUpload"
  },
  {
    "id": "Questionnaire-Item-Extension-Example-Footer",
    "type": "Questionnaire",
    "url": "http://science37.com/trial/098fsd0af9s/site/s0d98f0a98d0/questionnaire/97af87da0f6a06",
    "version": "1.0.0-S37",
    "name": "Example : Questionnaire.Item Footer"
  },
  {
    "id": "Questionnaire-Item-Extension-Example-Header",
    "type": "Questionnaire",
    "url": "http://science37.com/trial/098fsd0af9s/site/s0d98f0a98d0/questionnaire/97af87da0f6a06",
    "version": "1.0.0-S37",
    "name": "Example : Questionnaire.Item Header"
  },
  {
    "id": "Questionnaire-Item-Extension-Example-Image",
    "type": "Questionnaire",
    "url": "http://science37.com/trial/098fsd0af9s/site/s0d98f0a98d0/questionnaire/97af87da0f6a06",
    "version": "1.0.0-S37",
    "name": "Example : Questionnaire.Item Image"
  },
  {
    "id": "Questionnaire-Item-Extension-Example-MultiSelect",
    "type": "Questionnaire",
    "url": "http://science37.com/trial/098fsd0af9s/site/s0d98f0a98d0/questionnaire/97af87da0f6a06",
    "version": "1.0.0-S37",
    "name": "Example : Questionnaire.Item MultiSelect"
  },
  {
    "id": "Questionnaire-Item-Extension-Example-Number-Decimal",
    "type": "Questionnaire",
    "url": "http://science37.com/trial/098fsd0af9s/site/s0d98f0a98d0/questionnaire/97af87da0f6a06",
    "version": "1.0.0-S37",
    "name": "Example : Questionnaire.Item Number-Decimal"
  },
  {
    "id": "Questionnaire-Item-Extension-Example-Number-Integer",
    "type": "Questionnaire",
    "url": "http://science37.com/trial/098fsd0af9s/site/s0d98f0a98d0/questionnaire/97af87da0f6a06",
    "version": "1.0.0-S37",
    "name": "Example : Questionnaire.Item Number-Integer"
  },
  {
    "id": "Questionnaire-Item-Extension-Example-RatingScale",
    "type": "Questionnaire",
    "url": "http://science37.com/trial/098fsd0af9s/site/s0d98f0a98d0/questionnaire/97af87da0f6a06",
    "version": "1.0.0-S37",
    "name": "Example : Questionnaire.Item RatingScale"
  },
  {
    "id": "Questionnaire-Item-Extension-Example-RichText",
    "type": "Questionnaire",
    "url": "http://science37.com/trial/098fsd0af9s/site/s0d98f0a98d0/questionnaire/97af87da0f6a06",
    "version": "1.0.0-S37",
    "name": "Example : Questionnaire.Item RichText"
  },
  {
    "id": "Questionnaire-Item-Extension-Example-Select",
    "type": "Questionnaire",
    "url": "http://science37.com/trial/098fsd0af9s/site/s0d98f0a98d0/questionnaire/97af87da0f6a06",
    "version": "1.0.0-S37",
    "name": "Example : Questionnaire.Item Select"
  },
  {
    "id": "Questionnaire-Item-Extension-Example-Text",
    "type": "Questionnaire",
    "url": "http://science37.com/trial/098fsd0af9s/site/s0d98f0a98d0/questionnaire/97af87da0f6a06",
    "version": "1.0.0-S37",
    "name": "Example : Questionnaire.Item Text"
  },
  {
    "id": "Questionnaire-Item-Extension-Example-TextArea",
    "type": "Questionnaire",
    "url": "http://science37.com/trial/098fsd0af9s/site/s0d98f0a98d0/questionnaire/97af87da0f6a06",
    "version": "1.0.0-S37",
    "name": "Example : Questionnaire.Item TextArea"
  },
  {
    "id": "Questionnaire-Item-Extension-Example-VASScale",
    "type": "Questionnaire",
    "url": "http://science37.com/trial/098fsd0af9s/site/s0d98f0a98d0/questionnaire/97af87da0f6a06",
    "version": "1.0.0-S37",
    "name": "Example : Questionnaire.Item VASScale"
  },
  {
    "id": "Questionnaire-Item-Extension-Example-derived",
    "type": "Questionnaire",
    "url": "http://science37.com/trial/098fsd0af9s/site/s0d98f0a98d0/questionnaire/97af87da0f6a06",
    "version": "1.0.0-S37",
    "name": "Example : Questionnaire.Item Derived-V1"
  },
  {
    "id": "Questionnaire-Item-Extension-Example-page-break",
    "type": "Questionnaire",
    "url": "http://science37.com/trial/098fsd0af9s/site/s0d98f0a98d0/questionnaire/97af87da0f6a06",
    "version": "1.0.0-S37",
    "name": "Example : Questionnaire.Item Page-Break"
  },
  {
    "id": "science37.FHIR-IG",
    "type": "ImplementationGuide",
    "url": "https://science37.github.io/FHIR-FSH-Implementation-Guide/ImplementationGuide/science37.FHIR-IG",
    "version": "1.0.0-S37",
    "name": "S37FHIRIG"
  },
  {
    "id": "AdhocFormsListPlanDefinitionS37Example",
    "type": "PlanDefinition",
    "url": "https://science37.github.io/FHIR-FSH-Implementation-Guide/PlanDefinition/AdhocFormsListPlanDefinitionS37Example",
    "version": "1.0.0-S37",
    "name": "ADHOC_FORMS_LIST"
  },
  {
    "id": "EConsentFormGroupPlanDefinitionS37Example",
    "type": "PlanDefinition",
    "url": "https://science37.github.io/FHIR-FSH-Implementation-Guide/PlanDefinition/EConsentFormGroupPlanDefinitionS37Example",
    "version": "1.0.0-S37",
    "name": "ECONSENT_FORM_GROUP"
  },
  {
    "id": "EXPECTEDVISITPLANPlanDefinitionS37Example",
    "type": "PlanDefinition",
    "url": "https://science37.github.io/FHIR-FSH-Implementation-Guide/PlanDefinition/EXPECTEDVISITPLANPlanDefinitionS37Example",
    "version": "1.0.0-S37",
    "name": "EXPECTED_VISIT_PLAN"
  },
  {
    "id": "FormListPlanDefinitionS37Example",
    "type": "PlanDefinition",
    "url": "https://science37.github.io/FHIR-FSH-Implementation-Guide/PlanDefinition/FormListPlanDefinitionS37Example",
    "version": "1.0.0-S37",
    "name": "FORMS_LIST"
  },
  {
    "id": "OnGoingFormsListPlanDefinitionS37Example",
    "type": "PlanDefinition",
    "url": "https://science37.github.io/FHIR-FSH-Implementation-Guide/PlanDefinition/OnGoingFormsListPlanDefinitionS37Example",
    "version": "1.0.0-S37",
    "name": "ONGOING_FORMS_LIST"
  },
  {
    "id": "RecurringFormListPlanDefinitionS37Example",
    "type": "PlanDefinition",
    "url": "https://science37.github.io/FHIR-FSH-Implementation-Guide/PlanDefinition/RecurringFormListPlanDefinitionS37Example",
    "version": "1.0.0-S37",
    "name": "RECURRING_FORMS_LIST"
  },
  {
    "id": "VisitPlanMasterVisitPlanDefinitionS37Example",
    "type": "PlanDefinition",
    "url": "https://science37.github.io/FHIR-FSH-Implementation-Guide/PlanDefinition/VisitPlanMasterVisitPlanDefinitionS37Example",
    "version": "1.0.0-S37",
    "name": "MASTER_VISIT_PLAN"
  },
  {
    "id": "activity-definition-s37",
    "type": "StructureDefinition",
    "url": "https://science37.github.io/FHIR-FSH-Implementation-Guide/StructureDefinition/activity-definition-s37",
    "version": "1.0.0-S37",
    "name": "VisitPlanActivityDefinitionS37"
  },
  {
    "id": "day-0",
    "type": "StructureDefinition",
    "url": "https://science37.github.io/FHIR-FSH-Implementation-Guide/StructureDefinition/day-0",
    "version": "1.0.0-S37",
    "name": "DayZero"
  },
  {
    "id": "device",
    "type": "StructureDefinition",
    "url": "https://science37.github.io/FHIR-FSH-Implementation-Guide/StructureDefinition/device",
    "version": "1.0.0-S37",
    "name": "Device"
  },
  {
    "id": "device-report-field",
    "type": "StructureDefinition",
    "url": "https://science37.github.io/FHIR-FSH-Implementation-Guide/StructureDefinition/device-report-field",
    "version": "1.0.0-S37",
    "name": "DeviceReportField"
  },
  {
    "id": "display-order",
    "type": "StructureDefinition",
    "url": "https://science37.github.io/FHIR-FSH-Implementation-Guide/StructureDefinition/display-order",
    "version": "1.0.0-S37",
    "name": "DisplayOrder"
  },
  {
    "id": "econsent-from-group-id",
    "type": "StructureDefinition",
    "url": "https://science37.github.io/FHIR-FSH-Implementation-Guide/StructureDefinition/econsent-from-group-id",
    "version": "1.0.0-S37",
    "name": "EconsentFromGroupId"
  },
  {
    "id": "force-form-order",
    "type": "StructureDefinition",
    "url": "https://science37.github.io/FHIR-FSH-Implementation-Guide/StructureDefinition/force-form-order",
    "version": "1.0.0-S37",
    "name": "ForceFormOrder"
  },
  {
    "id": "form-collection",
    "type": "StructureDefinition",
    "url": "https://science37.github.io/FHIR-FSH-Implementation-Guide/StructureDefinition/form-collection",
    "version": "1.0.0-S37",
    "name": "FormCollection"
  },
  {
    "id": "form-config",
    "type": "StructureDefinition",
    "url": "https://science37.github.io/FHIR-FSH-Implementation-Guide/StructureDefinition/form-config",
    "version": "1.0.0-S37",
    "name": "FormConfig"
  },
  {
    "id": "form-types",
    "type": "StructureDefinition",
    "url": "https://science37.github.io/FHIR-FSH-Implementation-Guide/StructureDefinition/form-types",
    "version": "1.0.0-S37",
    "name": "FormTypes"
  },
  {
    "id": "oid",
    "type": "StructureDefinition",
    "url": "https://science37.github.io/FHIR-FSH-Implementation-Guide/StructureDefinition/oid",
    "version": "1.0.0-S37",
    "name": "OID"
  },
  {
    "id": "parent-reference",
    "type": "StructureDefinition",
    "url": "https://science37.github.io/FHIR-FSH-Implementation-Guide/StructureDefinition/parent-reference",
    "version": "1.0.0-S37",
    "name": "ParentReference"
  },
  {
    "id": "plandefinition-s37",
    "type": "StructureDefinition",
    "url": "https://science37.github.io/FHIR-FSH-Implementation-Guide/StructureDefinition/plandefinition-s37",
    "version": "1.0.0-S37",
    "name": "PlanDefinitionS37"
  },
  {
    "id": "protocal-version",
    "type": "StructureDefinition",
    "url": "https://science37.github.io/FHIR-FSH-Implementation-Guide/StructureDefinition/protocal-version",
    "version": "1.0.0-S37",
    "name": "ProtocalVersion"
  },
  {
    "id": "questionnaire-s37-sdc",
    "type": "StructureDefinition",
    "url": "https://science37.github.io/FHIR-FSH-Implementation-Guide/StructureDefinition/questionnaire-s37-sdc",
    "version": "1.0.0-S37",
    "name": "QuestionnaireS37SDC"
  },
  {
    "id": "rendering",
    "type": "StructureDefinition",
    "url": "https://science37.github.io/FHIR-FSH-Implementation-Guide/StructureDefinition/rendering",
    "version": "1.0.0-S37",
    "name": "Rendering"
  },
  {
    "id": "resource-create-update-at-datetime",
    "type": "StructureDefinition",
    "url": "https://science37.github.io/FHIR-FSH-Implementation-Guide/StructureDefinition/resource-create-update-at-datetime",
    "version": "1.0.0-S37",
    "name": "ResourceCreateUpdateAtDateTime"
  },
  {
    "id": "site-config",
    "type": "StructureDefinition",
    "url": "https://science37.github.io/FHIR-FSH-Implementation-Guide/StructureDefinition/site-config",
    "version": "1.0.0-S37",
    "name": "SiteConfig"
  },
  {
    "id": "sub-status",
    "type": "StructureDefinition",
    "url": "https://science37.github.io/FHIR-FSH-Implementation-Guide/StructureDefinition/sub-status",
    "version": "1.0.0-S37",
    "name": "SubStatus"
  },
  {
    "id": "supported-languages",
    "type": "StructureDefinition",
    "url": "https://science37.github.io/FHIR-FSH-Implementation-Guide/StructureDefinition/supported-languages",
    "version": "1.0.0-S37",
    "name": "SupportedLanguages"
  },
  {
    "id": "time-period",
    "type": "StructureDefinition",
    "url": "https://science37.github.io/FHIR-FSH-Implementation-Guide/StructureDefinition/time-period",
    "version": "1.0.0-S37",
    "name": "TimePeriod"
  },
  {
    "id": "version",
    "type": "StructureDefinition",
    "url": "https://science37.github.io/FHIR-FSH-Implementation-Guide/StructureDefinition/version",
    "version": "1.0.0-S37",
    "name": "Version"
  },
  {
    "id": "version-number",
    "type": "StructureDefinition",
    "url": "https://science37.github.io/FHIR-FSH-Implementation-Guide/StructureDefinition/version-number",
    "version": "1.0.0-S37",
    "name": "VersionNumber"
  },
  {
    "id": "visit-type",
    "type": "StructureDefinition",
    "url": "https://science37.github.io/FHIR-FSH-Implementation-Guide/StructureDefinition/visit-type",
    "version": "1.0.0-S37",
    "name": "VisitType"
  }
]