{
  "resourceType": "PlanDefinition",
  "id": "EXPECTEDVISITPLANPlanDefinitionS37Example",
  "meta": {
    "profile": [
      "https://science37.github.io/FHIR-FSH-Implementation-Guide/StructureDefinition/plandefinition-s37"
    ]
  },
  "text": {
    "status": "extensions",
    "div": "<div xmlns=\"http://www.w3.org/1999/xhtml\"><p><b>Generated Narrative</b></p><div style=\"display: inline-block; background-color: #d9e0e7; padding: 6px; margin: 4px; border: 1px solid #8da1b4; border-radius: 5px; line-height: 60%\"><p style=\"margin-bottom: 0px\">Resource \"EXPECTEDVISITPLANPlanDefinitionS37Example\" </p><p style=\"margin-bottom: 0px\">Profile: <a href=\"StructureDefinition-plandefinition-s37.html\">PlanDefinitionS37</a></p></div><blockquote><p><b>Parent Reference</b></p><p><b>value</b>: 449e0f70-9c78-11eb-a748-70b5e89dfcd9</p></blockquote><blockquote><p><b>Version Number</b></p><p><b>value</b>: 1</p></blockquote><blockquote><p><b>Extension : ResourceCreateUpdateAtDateTime</b></p><p><b>value</b>: 2015-02-07 01:28:17+0000</p><p><b>value</b>: 2022-01-01 10:08:10+0000</p></blockquote><p><b>url</b>: <code>https://science37.github.io/FHIR-FSH-Implementation-Guide/PlanDefinition/EXPECTEDVISITPLANPlanDefinitionS37Example</code></p><p><b>version</b>: 1.0.0-S37</p><p><b>name</b>: EXPECTED_VISIT_PLAN</p><p><b>status</b>: active</p><p><b>date</b>: 2022-05-23 01:13:32+0000</p><p><b>publisher</b>: Science37</p><p><b>jurisdiction</b>: United States of America <span style=\"background: LightGoldenRodYellow; margin: 4px; border: 1px solid khaki\"> (unknown#US)</span></p><blockquote><p><b>action</b></p><p><b>definition</b>: <code>VISIT/e358d87d-d340-43eb-ae17-fabe787ca001</code></p><h3>Actions</h3><table class=\"grid\"><tr><td>-</td><td><b>Definition[x]</b></td></tr><tr><td>*</td><td><code>FORM_LIST/e358d87d-d340-43eb-ae17-fabe787ca001</code></td></tr></table></blockquote><blockquote><p><b>action</b></p><p><b>definition</b>: <code>VISIT/e358d87d-d340-43eb-ae17-fabe787ca002</code></p><h3>Actions</h3><table class=\"grid\"><tr><td>-</td><td><b>Definition[x]</b></td></tr><tr><td>*</td><td><code>FORM_LIST/e358d87d-d340-43eb-ae17-fabe787ca001</code></td></tr></table></blockquote><blockquote><p><b>action</b></p><p><b>definition</b>: <code>VISIT/e358d87d-d340-43eb-ae17-fabe787ca003</code></p><h3>Actions</h3><table class=\"grid\"><tr><td>-</td><td><b>Definition[x]</b></td></tr><tr><td>*</td><td><code>FORM_LIST/e358d87d-d340-43eb-ae17-fabe787ca001</code></td></tr></table></blockquote></div>"
  },
  "extension": [
    {
      "extension": [
        {
          "url": "MASTER_VISIT_PLAN",
          "valueString": "449e0f70-9c78-11eb-a748-70b5e89dfcd9"
        }
      ],
      "url": "https://science37.github.io/FHIR-FSH-Implementation-Guide/StructureDefinition/parent-reference"
    },
    {
      "extension": [
        {
          "url": "audit-trail-version",
          "valueId": "1"
        }
      ],
      "url": "https://science37.github.io/FHIR-FSH-Implementation-Guide/StructureDefinition/version-number"
    },
    {
      "extension": [
        {
          "url": "createdAt",
          "valueDateTime": "2015-02-07T13:28:17Z"
        },
        {
          "url": "updatedAt",
          "valueDateTime": "2022-01-01T10:08:10Z"
        }
      ],
      "url": "https://science37.github.io/FHIR-FSH-Implementation-Guide/StructureDefinition/resource-create-update-at-datetime"
    }
  ],
  "url": "https://science37.github.io/FHIR-FSH-Implementation-Guide/PlanDefinition/EXPECTEDVISITPLANPlanDefinitionS37Example",
  "version": "1.0.0-S37",
  "name": "EXPECTED_VISIT_PLAN",
  "status": "active",
  "date": "2022-05-23T01:13:32+00:00",
  "publisher": "Science37",
  "jurisdiction": [
    {
      "coding": [
        {
          "system": "urn:iso:std:iso:3166",
          "code": "US",
          "display": "United States of America"
        }
      ]
    }
  ],
  "action": [
    {
      "definitionUri": "VISIT/e358d87d-d340-43eb-ae17-fabe787ca001",
      "action": [
        {
          "definitionUri": "FORM_LIST/e358d87d-d340-43eb-ae17-fabe787ca001"
        }
      ]
    },
    {
      "definitionUri": "VISIT/e358d87d-d340-43eb-ae17-fabe787ca002",
      "action": [
        {
          "definitionUri": "FORM_LIST/e358d87d-d340-43eb-ae17-fabe787ca001"
        }
      ]
    },
    {
      "definitionUri": "VISIT/e358d87d-d340-43eb-ae17-fabe787ca003",
      "action": [
        {
          "definitionUri": "FORM_LIST/e358d87d-d340-43eb-ae17-fabe787ca001"
        }
      ]
    }
  ]
}