<?xml version="1.0" encoding="UTF-8"?>

<Questionnaire xmlns="http://hl7.org/fhir">
  <id value="Questionnaire-Item-Extension-Example-DateTimeV2"/>
  <meta>
    <profile value="https://science37.github.io/FHIR-FSH-Implementation-Guide/StructureDefinition/questionnaire-s37"/>
  </meta>
  <text>
    <status value="generated"/><div xmlns="http://www.w3.org/1999/xhtml"><table border="1" cellpadding="0" cellspacing="0" style="border: 1px #F0F0F0 solid; font-size: 11px; font-family: verdana; vertical-align: top;"><tr style="border: 2px #F0F0F0 solid; font-size: 11px; font-family: verdana; vertical-align: top"><th style="vertical-align: top; text-align : left; background-color: white; border: 1px #F0F0F0 solid; padding:0px 4px 0px 4px" class="hierarchy"><a href="http://hl7.org/fhir/R4/formats.html#table" title="The linkId for the item">LinkId</a></th><th style="vertical-align: top; text-align : left; background-color: white; border: 1px #F0F0F0 solid; padding:0px 4px 0px 4px" class="hierarchy"><a href="http://hl7.org/fhir/R4/formats.html#table" title="Text for the item">Text</a></th><th style="vertical-align: top; text-align : left; background-color: white; border: 1px #F0F0F0 solid; padding:0px 4px 0px 4px" class="hierarchy"><a href="http://hl7.org/fhir/R4/formats.html#table" title="Minimum and Maximum # of times the the itemcan appear in the instance">Cardinality</a></th><th style="vertical-align: top; text-align : left; background-color: white; border: 1px #F0F0F0 solid; padding:0px 4px 0px 4px" class="hierarchy"><a href="http://hl7.org/fhir/R4/formats.html#table" title="The type of the item">Type</a></th><th style="vertical-align: top; text-align : left; background-color: white; border: 1px #F0F0F0 solid; padding:0px 4px 0px 4px" class="hierarchy"><a href="http://hl7.org/fhir/R4/formats.html#table" title="Additional information about the item">Description &amp; Constraints</a><span style="float: right"><a href="http://hl7.org/fhir/R4/formats.html#table" title="Legend for this format"><img src="http://hl7.org/fhir/R4/help16.png" alt="doco" style="background-color: inherit"/></a></span></th></tr><tr style="border: 1px #F0F0F0 solid; padding:0px; vertical-align: top; background-color: white"><td style="vertical-align: top; text-align : left; background-color: white; border: 1px #F0F0F0 solid; padding:0px 4px 0px 4px; white-space: nowrap; background-image: url(tbl_bck1.png)" class="hierarchy"><img src="tbl_spacer.png" alt="." style="background-color: inherit" class="hierarchy"/><img src="icon_q_root.gif" alt="." style="background-color: white; background-color: inherit" title="QuestionnaireRoot" class="hierarchy"/> Example : Questionnaire.Item DateTime V2</td><td style="vertical-align: top; text-align : left; background-color: white; border: 1px #F0F0F0 solid; padding:0px 4px 0px 4px" class="hierarchy"/><td style="vertical-align: top; text-align : left; background-color: white; border: 1px #F0F0F0 solid; padding:0px 4px 0px 4px" class="hierarchy"></td><td style="vertical-align: top; text-align : left; background-color: white; border: 1px #F0F0F0 solid; padding:0px 4px 0px 4px" class="hierarchy">Questionnaire</td><td style="vertical-align: top; text-align : left; background-color: white; border: 1px #F0F0F0 solid; padding:0px 4px 0px 4px" class="hierarchy">https://science37.github.io/FHIR-FSH-Implementation-Guide/Questionnaire/Questionnaire-Item-Extension-Example-DateTimeV2#1.0.0-S37</td></tr>
<tr style="border: 1px #F0F0F0 solid; padding:0px; vertical-align: top; background-color: #F7F7F7"><td style="vertical-align: top; text-align : left; background-color: #F7F7F7; border: 1px #F0F0F0 solid; padding:0px 4px 0px 4px; white-space: nowrap; background-image: url(tbl_bck00.png)" id="item.__S37-form-fields-qo3cyvy8fgh" class="hierarchy"><img src="tbl_spacer.png" alt="." style="background-color: inherit" class="hierarchy"/><img src="tbl_vjoin_end.png" alt="." style="background-color: inherit" class="hierarchy"/><img src="icon-q-datetime.png" alt="." style="background-color: #F7F7F7; background-color: inherit" title="Date Time" class="hierarchy"/> __S37-form-fields-qo3cyvy8fgh</td><td style="vertical-align: top; text-align : left; background-color: #F7F7F7; border: 1px #F0F0F0 solid; padding:0px 4px 0px 4px" class="hierarchy">&lt;p style=&quot;text-align:left;&quot;&gt;&lt;strong&gt;DATE_TIME_LABEL&lt;/strong&gt;&lt;/p&gt;</td><td style="vertical-align: top; text-align : left; background-color: #F7F7F7; border: 1px #F0F0F0 solid; padding:0px 4px 0px 4px" class="hierarchy">0..1</td><td style="vertical-align: top; text-align : left; background-color: #F7F7F7; border: 1px #F0F0F0 solid; padding:0px 4px 0px 4px" class="hierarchy"><a href="http://hl7.org/fhir/R4/codesystem-item-type.html#item-type-dateTime">dateTime</a></td><td style="vertical-align: top; text-align : left; background-color: #F7F7F7; border: 1px #F0F0F0 solid; padding:0px 4px 0px 4px" class="hierarchy">Definition: https://science37.com/NG/widget/id/datetime/version/2.3</td></tr>
<tr><td colspan="5" class="hierarchy"><br/><a href="http://hl7.org/fhir/R4/formats.html#table" title="Legend for this format"><img src="http://hl7.org/fhir/R4/help16.png" alt="doco" style="background-color: inherit"/> Documentation for this format</a></td></tr></table></div>
  </text>
  <url value="https://science37.github.io/FHIR-FSH-Implementation-Guide/Questionnaire/Questionnaire-Item-Extension-Example-DateTimeV2"/>
  <identifier>
    <value value="Form ID1234"/>
  </identifier>
  <version value="1.0.0-S37"/>
  <name value="Example : Questionnaire.Item DateTime V2"/>
  <title value="Example : Questionnaire.Item DateTime V2"/>
  <status value="draft"/>
  <subjectType value="Patient"/>
  <date value="2022-04-28T19:36:30+00:00"/>
  <publisher value="Science37"/>
  <jurisdiction>
    <coding>
      <system value="urn:iso:std:iso:3166"/>
      <code value="US"/>
      <display value="United States of America"/>
    </coding>
  </jurisdiction>
  <item>
    <extension url="http://hl7.org/fhir/StructureDefinition/questionnaire-hidden">
      <valueBoolean value="false"/>
    </extension>
    <extension url="https://science37.github.io/FHIR-FSH-Implementation-Guide/StructureDefinition/observation-extract">
      <valueBoolean value="true"/>
    </extension>
    <extension url="https://science37.github.io/FHIR-FSH-Implementation-Guide/StructureDefinition/item-settings">
      <extension url="version">
        <valueId value="1.0.1-dateTime"/>
      </extension>
    </extension>
    <extension url="https://science37.github.io/FHIR-FSH-Implementation-Guide/StructureDefinition/item-rendering-settings">
      <extension url="id">
        <valueString value="sponsorVariable"/>
      </extension>
      <extension url="value">
        <valueString value="DS_CONSENT_SIG_FIELD_OID"/>
      </extension>
    </extension>
    <extension url="https://science37.github.io/FHIR-FSH-Implementation-Guide/StructureDefinition/item-rendering-settings">
      <extension url="id">
        <valueString value="linkId"/>
      </extension>
      <extension url="value">
        <valueString value="__S37-form-fields-qo3cyvy8fgh"/>
      </extension>
    </extension>
    <extension url="https://science37.github.io/FHIR-FSH-Implementation-Guide/StructureDefinition/item-rendering-settings">
      <extension url="id">
        <valueString value="title"/>
      </extension>
      <extension url="value">
        <valueString value="DS_CONSENT_SIG_FIELD_ITLE"/>
      </extension>
    </extension>
    <extension url="https://science37.github.io/FHIR-FSH-Implementation-Guide/StructureDefinition/item-rendering-settings">
      <extension url="id">
        <valueString value="lable"/>
      </extension>
      <extension url="value">
        <valueString value="&lt;p style=text-align:left;&gt;&lt;strong&gt;DATE_TIME_LABEL&lt;/strong&gt;&lt;/p&gt;"/>
      </extension>
    </extension>
    <extension url="https://science37.github.io/FHIR-FSH-Implementation-Guide/StructureDefinition/item-rendering-settings">
      <extension url="id">
        <valueString value="standardVariable"/>
      </extension>
      <extension url="value">
        <valueString value="DS_CONSENT_SIG_FIELD_STD_VAR"/>
      </extension>
    </extension>
    <extension url="https://science37.github.io/FHIR-FSH-Implementation-Guide/StructureDefinition/item-rendering-settings">
      <extension url="id">
        <valueString value="description"/>
      </extension>
      <extension url="value">
        <valueString value="DS_CONSENT_SIG_FIELD_DESC"/>
      </extension>
    </extension>
    <extension url="https://science37.github.io/FHIR-FSH-Implementation-Guide/StructureDefinition/item-rendering-settings">
      <extension url="id">
        <valueString value="requiredField"/>
      </extension>
      <extension url="value">
        <valueString value="false"/>
      </extension>
    </extension>
    <extension url="https://science37.github.io/FHIR-FSH-Implementation-Guide/StructureDefinition/item-rendering-settings">
      <extension url="id">
        <valueString value="version"/>
      </extension>
      <extension url="value">
        <valueString value="1"/>
      </extension>
    </extension>
    <extension url="https://science37.github.io/FHIR-FSH-Implementation-Guide/StructureDefinition/item-rendering-settings">
      <extension url="id">
        <valueString value="datetimeType"/>
      </extension>
      <extension url="version">
        <valueId value="1.0.2-datetimeType"/>
      </extension>
      <extension url="value">
        <valueString value="dt"/>
      </extension>
    </extension>
    <extension url="https://science37.github.io/FHIR-FSH-Implementation-Guide/StructureDefinition/item-rendering-settings">
      <extension url="id">
        <valueString value="dateTimeOptions"/>
      </extension>
      <extension url="version">
        <valueId value="1.0.2-dateTimeOptions"/>
      </extension>
      <extension url="value">
        <valueString value="captureDateonSubmit"/>
      </extension>
    </extension>
    <extension url="https://science37.github.io/FHIR-FSH-Implementation-Guide/StructureDefinition/item-rendering-settings">
      <extension url="id">
        <valueString value="captureTimeonSubmit"/>
      </extension>
      <extension url="version">
        <valueId value="1.0.2-captureTimeonSubmit"/>
      </extension>
      <extension url="value">
        <valueBoolean value="false"/>
      </extension>
    </extension>
    <extension url="https://science37.github.io/FHIR-FSH-Implementation-Guide/StructureDefinition/item-rendering-settings">
      <extension url="id">
        <valueString value="minDate"/>
      </extension>
      <extension url="version">
        <valueId value="1.0.2-minDate"/>
      </extension>
      <extension url="value">
        <valueDateTime value="2013-06-08T10:57:34+01:00"/>
      </extension>
    </extension>
    <extension url="https://science37.github.io/FHIR-FSH-Implementation-Guide/StructureDefinition/item-rendering-settings">
      <extension url="id">
        <valueString value="maxDate"/>
      </extension>
      <extension url="version">
        <valueId value="1.0.2-maxDate"/>
      </extension>
      <extension url="value">
        <valueDateTime value="2022-06-08T10:57:34+01:00"/>
      </extension>
    </extension>
    <extension url="https://science37.github.io/FHIR-FSH-Implementation-Guide/StructureDefinition/item-rendering-settings">
      <extension url="id">
        <valueString value="completionPeriodOfTime"/>
      </extension>
      <extension url="version">
        <valueId value="1.0.2-completionPeriodOfTime"/>
      </extension>
      <extension url="value">
        <valueString value="xxx"/>
      </extension>
      <extension url="type">
        <valueString value="select"/>
      </extension>
    </extension>
    <extension url="https://science37.github.io/FHIR-FSH-Implementation-Guide/StructureDefinition/item-rendering-settings">
      <extension url="id">
        <valueString value="numberOfHours"/>
      </extension>
      <extension url="version">
        <valueId value="1.0.2-numberOfHours"/>
      </extension>
      <extension url="label">
        <valueString value="Number of Hours"/>
      </extension>
    </extension>
    <extension url="https://science37.github.io/FHIR-FSH-Implementation-Guide/StructureDefinition/item-rendering-settings">
      <extension url="id">
        <valueString value="completionNoOfDays"/>
      </extension>
      <extension url="version">
        <valueId value="1.0.2-completionNoOfDays"/>
      </extension>
      <extension url="label">
        <valueString value="Number of Days"/>
      </extension>
    </extension>
    <extension url="https://science37.github.io/FHIR-FSH-Implementation-Guide/StructureDefinition/item-rendering-settings">
      <extension url="id">
        <valueString value="completionNoOfMonths"/>
      </extension>
      <extension url="version">
        <valueId value="1.0.2-completionNoOfMonths"/>
      </extension>
      <extension url="label">
        <valueString value="Number of Months"/>
      </extension>
    </extension>
    <linkId value="__S37-form-fields-qo3cyvy8fgh"/>
    <definition value="https://science37.com/NG/widget/id/datetime/version/2.3"/>
    <text value="&lt;p style=&quot;text-align:left;&quot;&gt;&lt;strong&gt;DATE_TIME_LABEL&lt;/strong&gt;&lt;/p&gt;"/>
    <type value="dateTime"/>
  </item>
</Questionnaire>