{
  "package": "science37.FHIR-IG",
  "version": "1.0.0-S37",
  "fhirVersion": "4.0.1",
  "jurisdiction": "US",
  "extensions": [
    {
      "url": "https://science37.github.io/FHIR-FSH-Implementation-Guide/StructureDefinition/device-report-field",
      "title": "DeviceReportField",
      "types": [
        "string"
      ]
    },
    {
      "url": "https://science37.github.io/FHIR-FSH-Implementation-Guide/StructureDefinition/device-type",
      "title": "device Type",
      "types": [
        "string",
        "base64Binary",
        "boolean",
        "canonical",
        "code",
        "date",
        "dateTime",
        "decimal",
        "id",
        "instant",
        "integer",
        "markdown",
        "oid",
        "positiveInt",
        "string",
        "time",
        "unsignedInt",
        "uri",
        "url",
        "uuid",
        "Address",
        "Age",
        "Annotation",
        "Attachment",
        "CodeableConcept",
        "Coding",
        "ContactPoint",
        "Count",
        "Distance",
        "Duration",
        "HumanName",
        "Identifier",
        "Money",
        "Period",
        "Quantity",
        "Range",
        "Ratio",
        "Reference",
        "SampledData",
        "Signature",
        "Timing",
        "ContactDetail",
        "Contributor",
        "DataRequirement",
        "Expression",
        "ParameterDefinition",
        "RelatedArtifact",
        "TriggerDefinition",
        "UsageContext",
        "Dosage",
        "Meta"
      ]
    },
    {
      "url": "https://science37.github.io/FHIR-FSH-Implementation-Guide/StructureDefinition/rendering",
      "title": "Extension : Object Rendering Settings",
      "types": [
        "string",
        "string",
        "boolean",
        "string",
        "string",
        "boolean",
        "boolean",
        "string",
        "boolean",
        "date",
        "dateTime",
        "decimal",
        "integer",
        "string",
        "time",
        "Coding",
        "Quantity",
        "Reference",
        "boolean",
        "integer",
        "integer",
        "date",
        "dateTime",
        "decimal",
        "integer",
        "time",
        "Quantity",
        "date",
        "dateTime",
        "decimal",
        "integer",
        "time",
        "Quantity",
        "id",
        "base64Binary",
        "boolean",
        "canonical",
        "code",
        "date",
        "dateTime",
        "decimal",
        "id",
        "instant",
        "integer",
        "markdown",
        "oid",
        "positiveInt",
        "string",
        "time",
        "unsignedInt",
        "uri",
        "url",
        "uuid",
        "Address",
        "Age",
        "Annotation",
        "Attachment",
        "CodeableConcept",
        "Coding",
        "ContactPoint",
        "Count",
        "Distance",
        "Duration",
        "HumanName",
        "Identifier",
        "Money",
        "Period",
        "Quantity",
        "Range",
        "Ratio",
        "Reference",
        "SampledData",
        "Signature",
        "Timing",
        "ContactDetail",
        "Contributor",
        "DataRequirement",
        "Expression",
        "ParameterDefinition",
        "RelatedArtifact",
        "TriggerDefinition",
        "UsageContext",
        "Dosage",
        "Meta",
        "base64Binary",
        "boolean",
        "canonical",
        "code",
        "date",
        "dateTime",
        "decimal",
        "id",
        "instant",
        "integer",
        "markdown",
        "oid",
        "positiveInt",
        "string",
        "time",
        "unsignedInt",
        "uri",
        "url",
        "uuid",
        "Address",
        "Age",
        "Annotation",
        "Attachment",
        "CodeableConcept",
        "Coding",
        "ContactPoint",
        "Count",
        "Distance",
        "Duration",
        "HumanName",
        "Identifier",
        "Money",
        "Period",
        "Quantity",
        "Range",
        "Ratio",
        "Reference",
        "SampledData",
        "Signature",
        "Timing",
        "ContactDetail",
        "Contributor",
        "DataRequirement",
        "Expression",
        "ParameterDefinition",
        "RelatedArtifact",
        "TriggerDefinition",
        "UsageContext",
        "Dosage",
        "Meta"
      ]
    },
    {
      "url": "https://science37.github.io/FHIR-FSH-Implementation-Guide/StructureDefinition/resource-create-update-at-datetime",
      "title": "Extension : ResourceCreateUpdateAtDateTime",
      "types": [
        "dateTime",
        "dateTime",
        "base64Binary",
        "boolean",
        "canonical",
        "code",
        "date",
        "dateTime",
        "decimal",
        "id",
        "instant",
        "integer",
        "markdown",
        "oid",
        "positiveInt",
        "string",
        "time",
        "unsignedInt",
        "uri",
        "url",
        "uuid",
        "Address",
        "Age",
        "Annotation",
        "Attachment",
        "CodeableConcept",
        "Coding",
        "ContactPoint",
        "Count",
        "Distance",
        "Duration",
        "HumanName",
        "Identifier",
        "Money",
        "Period",
        "Quantity",
        "Range",
        "Ratio",
        "Reference",
        "SampledData",
        "Signature",
        "Timing",
        "ContactDetail",
        "Contributor",
        "DataRequirement",
        "Expression",
        "ParameterDefinition",
        "RelatedArtifact",
        "TriggerDefinition",
        "UsageContext",
        "Dosage",
        "Meta"
      ]
    },
    {
      "url": "https://science37.github.io/FHIR-FSH-Implementation-Guide/StructureDefinition/sub-status",
      "title": "Extension : Questionniare SubStatus",
      "types": [
        "string"
      ]
    },
    {
      "url": "https://science37.github.io/FHIR-FSH-Implementation-Guide/StructureDefinition/supported-languages",
      "title": "Extension : Supported Languages",
      "types": [
        "code",
        "code",
        "base64Binary",
        "boolean",
        "canonical",
        "code",
        "date",
        "dateTime",
        "decimal",
        "id",
        "instant",
        "integer",
        "markdown",
        "oid",
        "positiveInt",
        "string",
        "time",
        "unsignedInt",
        "uri",
        "url",
        "uuid",
        "Address",
        "Age",
        "Annotation",
        "Attachment",
        "CodeableConcept",
        "Coding",
        "ContactPoint",
        "Count",
        "Distance",
        "Duration",
        "HumanName",
        "Identifier",
        "Money",
        "Period",
        "Quantity",
        "Range",
        "Ratio",
        "Reference",
        "SampledData",
        "Signature",
        "Timing",
        "ContactDetail",
        "Contributor",
        "DataRequirement",
        "Expression",
        "ParameterDefinition",
        "RelatedArtifact",
        "TriggerDefinition",
        "UsageContext",
        "Dosage",
        "Meta"
      ]
    },
    {
      "url": "https://science37.github.io/FHIR-FSH-Implementation-Guide/StructureDefinition/version",
      "title": "Extension : Item Version",
      "types": [
        "id"
      ]
    }
  ],
  "profiles": {
    "Questionnaire": [
      {
        "url": "https://science37.github.io/FHIR-FSH-Implementation-Guide/StructureDefinition/questionnaire-s37-sdc",
        "title": "Profile : QuestionnaireS37SDC"
      }
    ]
  },
  "usage": {
    "http://hl7.org/fhir/StructureDefinition/cqf-expression": [
      "Questionnaire.item.text"
    ],
    "http://hl7.org/fhir/StructureDefinition/designNote": [
      "Questionnaire",
      "Questionnaire.item"
    ],
    "http://hl7.org/fhir/StructureDefinition/elementdefinition-bestpractice": [
      "StructureDefinition.snapshot.element.constraint"
    ],
    "http://hl7.org/fhir/StructureDefinition/elementdefinition-bestpractice-explanation": [
      "StructureDefinition.snapshot.element.constraint"
    ],
    "http://hl7.org/fhir/StructureDefinition/elementdefinition-bindingName": [
      "StructureDefinition.snapshot.element.binding"
    ],
    "http://hl7.org/fhir/StructureDefinition/elementdefinition-isCommonBinding": [
      "StructureDefinition.snapshot.element.binding"
    ],
    "http://hl7.org/fhir/StructureDefinition/elementdefinition-maxValueSet": [
      "StructureDefinition.snapshot.element.binding"
    ],
    "http://hl7.org/fhir/StructureDefinition/elementdefinition-translatable": [
      "StructureDefinition.snapshot.element"
    ],
    "http://hl7.org/fhir/StructureDefinition/entryFormat": [
      "Questionnaire.item"
    ],
    "http://hl7.org/fhir/StructureDefinition/maxValue": [
      "Questionnaire.item"
    ],
    "http://hl7.org/fhir/StructureDefinition/minValue": [
      "Questionnaire.item",
      "Questionnaire.item.item"
    ],
    "http://hl7.org/fhir/StructureDefinition/questionnaire-choiceOrientation": [
      "Questionnaire.item"
    ],
    "http://hl7.org/fhir/StructureDefinition/questionnaire-displayCategory": [
      "Questionnaire.item"
    ],
    "http://hl7.org/fhir/StructureDefinition/questionnaire-hidden": [
      "Questionnaire.item",
      "Questionnaire.item.item"
    ],
    "http://hl7.org/fhir/StructureDefinition/questionnaire-itemControl": [
      "Questionnaire.item"
    ],
    "http://hl7.org/fhir/StructureDefinition/questionnaire-sliderStepValue": [
      "Questionnaire.item"
    ],
    "http://hl7.org/fhir/StructureDefinition/questionnaire-supportLink": [
      "Questionnaire.item"
    ],
    "http://hl7.org/fhir/StructureDefinition/regex": [
      "StructureDefinition.snapshot.element.type"
    ],
    "http://hl7.org/fhir/StructureDefinition/rendering-style": [
      "Questionnaire.item.answerOption.value[x]",
      "Questionnaire.item.answerOption.value[x].display",
      "Questionnaire.item.prefix",
      "Questionnaire.item.text",
      "Questionnaire.title"
    ],
    "http://hl7.org/fhir/StructureDefinition/rendering-styleSensitive": [
      "Questionnaire"
    ],
    "http://hl7.org/fhir/StructureDefinition/rendering-xhtml": [
      "Questionnaire.item.answerOption.value[x]",
      "Questionnaire.item.answerOption.value[x].display",
      "Questionnaire.item.prefix",
      "Questionnaire.item.text",
      "Questionnaire.title"
    ],
    "http://hl7.org/fhir/StructureDefinition/structuredefinition-fhir-type": [
      "StructureDefinition.snapshot.element.type"
    ],
    "http://hl7.org/fhir/tools/StructureDefinition/ig-parameter": [
      "ImplementationGuide.definition"
    ],
    "http://hl7.org/fhir/tools/StructureDefinition/resource-information": [
      "ImplementationGuide.definition.resource"
    ],
    "http://hl7.org/fhir/uv/sdc/StructureDefinition/sdc-questionnaire-assemble-expectation": [
      "Questionnaire"
    ],
    "http://hl7.org/fhir/uv/sdc/StructureDefinition/sdc-questionnaire-choiceColumn": [
      "Questionnaire.item"
    ],
    "http://hl7.org/fhir/uv/sdc/StructureDefinition/sdc-questionnaire-collapsible": [
      "Questionnaire.item"
    ],
    "http://hl7.org/fhir/uv/sdc/StructureDefinition/sdc-questionnaire-itemAnswerMedia": [
      "Questionnaire.item.answerOption"
    ],
    "http://hl7.org/fhir/uv/sdc/StructureDefinition/sdc-questionnaire-itemMedia": [
      "Questionnaire.item"
    ],
    "http://hl7.org/fhir/uv/sdc/StructureDefinition/sdc-questionnaire-observationExtract": [
      "Questionnaire.item",
      "Questionnaire.item.item"
    ],
    "http://hl7.org/fhir/uv/sdc/StructureDefinition/sdc-questionnaire-openLabel": [
      "Questionnaire.item"
    ],
    "http://hl7.org/fhir/uv/sdc/StructureDefinition/sdc-questionnaire-optionalDisplay": [
      "Questionnaire.item"
    ],
    "http://hl7.org/fhir/uv/sdc/StructureDefinition/sdc-questionnaire-performerType": [
      "Questionnaire"
    ],
    "http://hl7.org/fhir/uv/sdc/StructureDefinition/sdc-questionnaire-preferredTerminologyServer": [
      "Questionnaire",
      "Questionnaire.item"
    ],
    "http://hl7.org/fhir/uv/sdc/StructureDefinition/sdc-questionnaire-shortText": [
      "Questionnaire.item"
    ],
    "http://hl7.org/fhir/uv/sdc/StructureDefinition/sdc-questionnaire-width": [
      "Questionnaire.item"
    ],
    "https://science37.github.io/FHIR-FSH-Implementation-Guide/StructureDefinition/device-report-field": [
      "Questionnaire.item",
      "Questionnaire.item.item"
    ],
    "https://science37.github.io/FHIR-FSH-Implementation-Guide/StructureDefinition/device-type": [
      "Questionnaire"
    ],
    "https://science37.github.io/FHIR-FSH-Implementation-Guide/StructureDefinition/rendering": [
      "Questionnaire",
      "Questionnaire.item",
      "Questionnaire.item.item"
    ],
    "https://science37.github.io/FHIR-FSH-Implementation-Guide/StructureDefinition/resource-create-update-at-datetime": [
      "Questionnaire"
    ],
    "https://science37.github.io/FHIR-FSH-Implementation-Guide/StructureDefinition/sub-status": [
      "Questionnaire"
    ],
    "https://science37.github.io/FHIR-FSH-Implementation-Guide/StructureDefinition/supported-languages": [
      "Questionnaire"
    ],
    "https://science37.github.io/FHIR-FSH-Implementation-Guide/StructureDefinition/version": [
      "Questionnaire.item",
      "Questionnaire.item.item"
    ]
  }
}