{"resourceType":"ImplementationGuide","id":"science37.FHIR-IG","text":{"status":"extensions","div":"<div xmlns=\"http://www.w3.org/1999/xhtml\"><h2>S37FHIRIG</h2><p>The official URL for this implementation guide is: </p><pre>https://science37.github.io/FHIR-FSH-Implementation-Guide/ImplementationGuide/science37.FHIR-IG</pre><div><p>Implementation Guide for all Science 37 FHIR augmentations.</p>\n</div></div>"},"url":"https://science37.github.io/FHIR-FSH-Implementation-Guide/ImplementationGuide/science37.FHIR-IG","version":"1.0.0-S37","name":"S37FHIRIG","title":"Science 37 FHIR Implementation-Guide","status":"active","date":"2022-05-04T18:38:54+00:00","publisher":"Science37","description":"Implementation Guide for all Science 37 FHIR augmentations.","jurisdiction":[{"coding":[{"system":"urn:iso:std:iso:3166","code":"US","display":"United States of America"}]}],"packageId":"science37.FHIR-IG","license":"CC0-1.0","fhirVersion":["4.0.1"],"dependsOn":[{"id":"hl7_fhir_uv_sdc","uri":"http://hl7.org/fhir/uv/sdc/ImplementationGuide/hl7.fhir.uv.sdc","packageId":"hl7.fhir.uv.sdc","version":"current"}],"definition":{"extension":[{"extension":[{"url":"code","valueString":"copyrightyear"},{"url":"value","valueString":"2022+"}],"url":"http://hl7.org/fhir/tools/StructureDefinition/ig-parameter"},{"extension":[{"url":"code","valueString":"releaselabel"},{"url":"value","valueString":"ci-build"}],"url":"http://hl7.org/fhir/tools/StructureDefinition/ig-parameter"},{"extension":[{"url":"code","valueString":"path-liquid"},{"url":"value","valueString":"template/liquid"}],"url":"http://hl7.org/fhir/tools/StructureDefinition/ig-parameter"},{"extension":[{"url":"code","valueString":"path-liquid"},{"url":"value","valueString":"input/liquid"}],"url":"http://hl7.org/fhir/tools/StructureDefinition/ig-parameter"},{"extension":[{"url":"code","valueString":"path-qa"},{"url":"value","valueString":"temp/qa"}],"url":"http://hl7.org/fhir/tools/StructureDefinition/ig-parameter"},{"extension":[{"url":"code","valueString":"path-temp"},{"url":"value","valueString":"temp/pages"}],"url":"http://hl7.org/fhir/tools/StructureDefinition/ig-parameter"},{"extension":[{"url":"code","valueString":"path-output"},{"url":"value","valueString":"output"}],"url":"http://hl7.org/fhir/tools/StructureDefinition/ig-parameter"},{"extension":[{"url":"code","valueString":"path-suppressed-warnings"},{"url":"value","valueString":"input/ignoreWarnings.txt"}],"url":"http://hl7.org/fhir/tools/StructureDefinition/ig-parameter"},{"extension":[{"url":"code","valueString":"path-history"},{"url":"value","valueString":"https://science37.github.io/FHIR-FSH-Implementation-Guide/history.html"}],"url":"http://hl7.org/fhir/tools/StructureDefinition/ig-parameter"},{"extension":[{"url":"code","valueString":"template-html"},{"url":"value","valueString":"template-page.html"}],"url":"http://hl7.org/fhir/tools/StructureDefinition/ig-parameter"},{"extension":[{"url":"code","valueString":"template-md"},{"url":"value","valueString":"template-page-md.html"}],"url":"http://hl7.org/fhir/tools/StructureDefinition/ig-parameter"},{"extension":[{"url":"code","valueString":"apply-contact"},{"url":"value","valueString":"true"}],"url":"http://hl7.org/fhir/tools/StructureDefinition/ig-parameter"},{"extension":[{"url":"code","valueString":"apply-context"},{"url":"value","valueString":"true"}],"url":"http://hl7.org/fhir/tools/StructureDefinition/ig-parameter"},{"extension":[{"url":"code","valueString":"apply-copyright"},{"url":"value","valueString":"true"}],"url":"http://hl7.org/fhir/tools/StructureDefinition/ig-parameter"},{"extension":[{"url":"code","valueString":"apply-jurisdiction"},{"url":"value","valueString":"true"}],"url":"http://hl7.org/fhir/tools/StructureDefinition/ig-parameter"},{"extension":[{"url":"code","valueString":"apply-license"},{"url":"value","valueString":"true"}],"url":"http://hl7.org/fhir/tools/StructureDefinition/ig-parameter"},{"extension":[{"url":"code","valueString":"apply-publisher"},{"url":"value","valueString":"true"}],"url":"http://hl7.org/fhir/tools/StructureDefinition/ig-parameter"},{"extension":[{"url":"code","valueString":"apply-version"},{"url":"value","valueString":"true"}],"url":"http://hl7.org/fhir/tools/StructureDefinition/ig-parameter"},{"extension":[{"url":"code","valueString":"active-tables"},{"url":"value","valueString":"true"}],"url":"http://hl7.org/fhir/tools/StructureDefinition/ig-parameter"},{"extension":[{"url":"code","valueString":"fmm-definition"},{"url":"value","valueString":"http://hl7.org/fhir/versions.html#maturity"}],"url":"http://hl7.org/fhir/tools/StructureDefinition/ig-parameter"},{"extension":[{"url":"code","valueString":"propagate-status"},{"url":"value","valueString":"true"}],"url":"http://hl7.org/fhir/tools/StructureDefinition/ig-parameter"},{"extension":[{"url":"code","valueString":"excludelogbinaryformat"},{"url":"value","valueString":"true"}],"url":"http://hl7.org/fhir/tools/StructureDefinition/ig-parameter"}],"grouping":[{"id":"-str-profile","name":"Structures: Resource Profiles","description":"These define constraints on FHIR resources for systems conforming to this implementation guide"},{"id":"-str-extension","name":"Structures: Extension Definitions","description":"These define constraints on FHIR data types for systems conforming to this implementation guide"},{"id":"-ex-example","name":"Example: Example Instances","description":"These are example instances that show what data produced and consumed by systems conforming with this implementation guide might look like"}],"resource":[{"extension":[{"url":"http://hl7.org/fhir/StructureDefinition/implementationguide-page","valueUri":"StructureDefinition-questionnaire-s37.html"}],"reference":{"reference":"StructureDefinition/questionnaire-s37"},"name":"Profile : Questionnaire","description":"Profile : Questionnaire","exampleBoolean":false,"groupingId":"-str-profile"},{"extension":[{"url":"http://hl7.org/fhir/StructureDefinition/implementationguide-page","valueUri":"StructureDefinition-questionnaire-s37-sdc.html"}],"reference":{"reference":"StructureDefinition/questionnaire-s37-sdc"},"name":"Profile : QuestionnaireS37SDC","description":"Profile : QuestionnaireS37SDC","exampleBoolean":false,"groupingId":"-str-profile"},{"extension":[{"url":"http://hl7.org/fhir/StructureDefinition/implementationguide-page","valueUri":"StructureDefinition-form-settings.html"}],"reference":{"reference":"StructureDefinition/form-settings"},"name":"Extension : Form Settings ","description":"Extension : Questionnaire.settings ","exampleBoolean":false,"groupingId":"-str-extension"},{"extension":[{"url":"http://hl7.org/fhir/StructureDefinition/implementationguide-page","valueUri":"StructureDefinition-parent-reference.html"}],"reference":{"reference":"StructureDefinition/parent-reference"},"name":"Extension : Parent Reference","description":"Extension : Parent Reference","exampleBoolean":false,"groupingId":"-str-extension"},{"extension":[{"url":"http://hl7.org/fhir/StructureDefinition/implementationguide-page","valueUri":"StructureDefinition-rendering-settings.html"}],"reference":{"reference":"StructureDefinition/rendering-settings"},"name":"Extension : Item Rendering Settings","description":"Extension : Item Rendering Settings","exampleBoolean":false,"groupingId":"-str-extension"},{"extension":[{"url":"http://hl7.org/fhir/StructureDefinition/implementationguide-page","valueUri":"StructureDefinition-resource-create-update-at-datetime.html"}],"reference":{"reference":"StructureDefinition/resource-create-update-at-datetime"},"name":"Extension : ResourceCreateUpdateAtDateTime","exampleBoolean":false,"groupingId":"-str-extension"},{"extension":[{"url":"http://hl7.org/fhir/StructureDefinition/implementationguide-page","valueUri":"StructureDefinition-settings.html"}],"reference":{"reference":"StructureDefinition/settings"},"name":"Extension : Common Settings ","description":"Extension : Common settings ","exampleBoolean":false,"groupingId":"-str-extension"},{"extension":[{"url":"http://hl7.org/fhir/StructureDefinition/implementationguide-page","valueUri":"StructureDefinition-sub-status.html"}],"reference":{"reference":"StructureDefinition/sub-status"},"name":"Extension : SubStatus","description":"Extension : SubStatus","exampleBoolean":false,"groupingId":"-str-extension"},{"extension":[{"url":"http://hl7.org/fhir/StructureDefinition/implementationguide-page","valueUri":"StructureDefinition-supported-languages.html"}],"reference":{"reference":"StructureDefinition/supported-languages"},"name":"Supported Languages","description":" Supported Languages : Contains a list of languages that is supported by the questionnaire","exampleBoolean":false,"groupingId":"-str-extension"},{"extension":[{"url":"http://hl7.org/fhir/StructureDefinition/implementationguide-page","valueUri":"Questionnaire-Item-Extension-Example-All-48-V1.html"}],"reference":{"reference":"Questionnaire/Item-Extension-Example-All-48-V1"},"name":"Example : Questionnaire.Item-All-48-V1","description":"Example : Questionnaire.Item-All-48-V1","exampleCanonical":"https://science37.github.io/FHIR-FSH-Implementation-Guide/StructureDefinition/questionnaire-s37","groupingId":"-ex-example"},{"extension":[{"url":"http://hl7.org/fhir/StructureDefinition/implementationguide-page","valueUri":"Questionnaire-Questionnaire-Extension-Example.html"}],"reference":{"reference":"Questionnaire/Questionnaire-Extension-Example"},"name":"Example : Questionnaire","description":"Example : Questionnaire","exampleCanonical":"https://science37.github.io/FHIR-FSH-Implementation-Guide/StructureDefinition/questionnaire-s37","groupingId":"-ex-example"},{"extension":[{"url":"http://hl7.org/fhir/StructureDefinition/implementationguide-page","valueUri":"Questionnaire-Questionnaire-Item-Extension-Example-DateTimeV1.html"}],"reference":{"reference":"Questionnaire/Questionnaire-Item-Extension-Example-DateTimeV1"},"name":"Example : Questionnaire.Item-DateTime V1","description":"Example : Questionnaire.Item-DateTime V1","exampleCanonical":"https://science37.github.io/FHIR-FSH-Implementation-Guide/StructureDefinition/questionnaire-s37","groupingId":"-ex-example"},{"extension":[{"url":"http://hl7.org/fhir/StructureDefinition/implementationguide-page","valueUri":"Questionnaire-Questionnaire-Item-Extension-Example-FileUploadV1.html"}],"reference":{"reference":"Questionnaire/Questionnaire-Item-Extension-Example-FileUploadV1"},"name":"Example : Questionnaire.Item-FileUpload-V1","description":"Example : Questionnaire.Item-FileUpload-V1","exampleCanonical":"https://science37.github.io/FHIR-FSH-Implementation-Guide/StructureDefinition/questionnaire-s37","groupingId":"-ex-example"},{"extension":[{"url":"http://hl7.org/fhir/StructureDefinition/implementationguide-page","valueUri":"Questionnaire-Questionnaire-Item-Extension-Example-Footer-V1.html"}],"reference":{"reference":"Questionnaire/Questionnaire-Item-Extension-Example-Footer-V1"},"name":"Example : Questionnaire.Item-Footer-V1","description":"Example : Questionnaire.Item-Footer-V1","exampleCanonical":"https://science37.github.io/FHIR-FSH-Implementation-Guide/StructureDefinition/questionnaire-s37","groupingId":"-ex-example"},{"extension":[{"url":"http://hl7.org/fhir/StructureDefinition/implementationguide-page","valueUri":"Questionnaire-Questionnaire-Item-Extension-Example-Header-V1.html"}],"reference":{"reference":"Questionnaire/Questionnaire-Item-Extension-Example-Header-V1"},"name":"Example : Questionnaire.Item-Header-V1","description":"Example : Questionnaire.Item-Header-V1","exampleCanonical":"https://science37.github.io/FHIR-FSH-Implementation-Guide/StructureDefinition/questionnaire-s37","groupingId":"-ex-example"},{"extension":[{"url":"http://hl7.org/fhir/StructureDefinition/implementationguide-page","valueUri":"Questionnaire-Questionnaire-Item-Extension-Example-Image-V1.html"}],"reference":{"reference":"Questionnaire/Questionnaire-Item-Extension-Example-Image-V1"},"name":"Example : Questionnaire.Item-Image-V1","description":"Example : Questionnaire.Item-Image-V1","exampleCanonical":"https://science37.github.io/FHIR-FSH-Implementation-Guide/StructureDefinition/questionnaire-s37","groupingId":"-ex-example"},{"extension":[{"url":"http://hl7.org/fhir/StructureDefinition/implementationguide-page","valueUri":"Questionnaire-Questionnaire-Item-Extension-Example-MultiSelect-V1.html"}],"reference":{"reference":"Questionnaire/Questionnaire-Item-Extension-Example-MultiSelect-V1"},"name":"Example : Questionnaire.Item-MultiMultiSelect-V1","description":"Example : Questionnaire.Item-MultiSelect-V1","exampleCanonical":"https://science37.github.io/FHIR-FSH-Implementation-Guide/StructureDefinition/questionnaire-s37","groupingId":"-ex-example"},{"extension":[{"url":"http://hl7.org/fhir/StructureDefinition/implementationguide-page","valueUri":"Questionnaire-Questionnaire-Item-Extension-Example-Number-Decimal-V1.html"}],"reference":{"reference":"Questionnaire/Questionnaire-Item-Extension-Example-Number-Decimal-V1"},"name":"Example : Questionnaire.Item-Number-Decimal-V1","description":"Example : Questionnaire.Item-Number-Decimal-V1","exampleCanonical":"https://science37.github.io/FHIR-FSH-Implementation-Guide/StructureDefinition/questionnaire-s37","groupingId":"-ex-example"},{"extension":[{"url":"http://hl7.org/fhir/StructureDefinition/implementationguide-page","valueUri":"Questionnaire-Questionnaire-Item-Extension-Example-Number-Integer-V1.html"}],"reference":{"reference":"Questionnaire/Questionnaire-Item-Extension-Example-Number-Integer-V1"},"name":"Example : Questionnaire.Item-Number-Integer-V1","description":"Example : Questionnaire.Item-Number-Integer-V1","exampleCanonical":"https://science37.github.io/FHIR-FSH-Implementation-Guide/StructureDefinition/questionnaire-s37","groupingId":"-ex-example"},{"extension":[{"url":"http://hl7.org/fhir/StructureDefinition/implementationguide-page","valueUri":"Questionnaire-Questionnaire-Item-Extension-Example-RatingScale-V1.html"}],"reference":{"reference":"Questionnaire/Questionnaire-Item-Extension-Example-RatingScale-V1"},"name":"Example : Questionnaire.Item-All-RatingScale-V1","description":"Example : Questionnaire.Item-All-RatingScale-V1","exampleCanonical":"https://science37.github.io/FHIR-FSH-Implementation-Guide/StructureDefinition/questionnaire-s37","groupingId":"-ex-example"},{"extension":[{"url":"http://hl7.org/fhir/StructureDefinition/implementationguide-page","valueUri":"Questionnaire-Questionnaire-Item-Extension-Example-RichText-V1.html"}],"reference":{"reference":"Questionnaire/Questionnaire-Item-Extension-Example-RichText-V1"},"name":"Example : Questionnaire.Item-RichText-V1","description":"Example : Questionnaire.Item-RichText-V1","exampleCanonical":"https://science37.github.io/FHIR-FSH-Implementation-Guide/StructureDefinition/questionnaire-s37","groupingId":"-ex-example"},{"extension":[{"url":"http://hl7.org/fhir/StructureDefinition/implementationguide-page","valueUri":"Questionnaire-Questionnaire-Item-Extension-Example-Select-V1.html"}],"reference":{"reference":"Questionnaire/Questionnaire-Item-Extension-Example-Select-V1"},"name":"Example : Questionnaire.Item-Select-V1","description":"Example : Questionnaire.Item-Select-V1","exampleCanonical":"https://science37.github.io/FHIR-FSH-Implementation-Guide/StructureDefinition/questionnaire-s37","groupingId":"-ex-example"},{"extension":[{"url":"http://hl7.org/fhir/StructureDefinition/implementationguide-page","valueUri":"Questionnaire-Questionnaire-Item-Extension-Example-Text-V1.html"}],"reference":{"reference":"Questionnaire/Questionnaire-Item-Extension-Example-Text-V1"},"name":"Example : Questionnaire.Item-Text-V1","description":"Example : Questionnaire.Item-Text-V1","exampleCanonical":"https://science37.github.io/FHIR-FSH-Implementation-Guide/StructureDefinition/questionnaire-s37","groupingId":"-ex-example"},{"extension":[{"url":"http://hl7.org/fhir/StructureDefinition/implementationguide-page","valueUri":"Questionnaire-Questionnaire-Item-Extension-Example-TextArea-V1.html"}],"reference":{"reference":"Questionnaire/Questionnaire-Item-Extension-Example-TextArea-V1"},"name":"Example : Questionnaire.Item-All-TextArea-V1","description":"Example : Questionnaire.Item-All-TextArea-V1","exampleCanonical":"https://science37.github.io/FHIR-FSH-Implementation-Guide/StructureDefinition/questionnaire-s37","groupingId":"-ex-example"},{"extension":[{"url":"http://hl7.org/fhir/StructureDefinition/implementationguide-page","valueUri":"Questionnaire-Questionnaire-Item-Extension-Example-VASScale-V1.html"}],"reference":{"reference":"Questionnaire/Questionnaire-Item-Extension-Example-VASScale-V1"},"name":"Example : Questionnaire.Item-VASScale-V1","description":"Example : Questionnaire.Item-VASScale-V1","exampleCanonical":"https://science37.github.io/FHIR-FSH-Implementation-Guide/StructureDefinition/questionnaire-s37","groupingId":"-ex-example"},{"extension":[{"url":"http://hl7.org/fhir/StructureDefinition/implementationguide-page","valueUri":"Questionnaire-Questionnaire-Item-Extension-Example-derivedV1.html"}],"reference":{"reference":"Questionnaire/Questionnaire-Item-Extension-Example-derivedV1"},"name":"Example : Questionnaire.Item-derived-V1","description":"Example : Questionnaire.Item-derived-V1","exampleCanonical":"https://science37.github.io/FHIR-FSH-Implementation-Guide/StructureDefinition/questionnaire-s37","groupingId":"-ex-example"},{"extension":[{"url":"http://hl7.org/fhir/StructureDefinition/implementationguide-page","valueUri":"Questionnaire-Questionnaire-Item-Extension-Example-page-break-V1.html"}],"reference":{"reference":"Questionnaire/Questionnaire-Item-Extension-Example-page-break-V1"},"name":"Example : Questionnaire.Item-page-break-V1","description":"Example : Questionnaire.Item-page-break-V1","exampleCanonical":"https://science37.github.io/FHIR-FSH-Implementation-Guide/StructureDefinition/questionnaire-s37","groupingId":"-ex-example"}],"page":{"nameUrl":"toc.html","title":"Table of Contents","generation":"html","page":[{"nameUrl":"index.html","title":"Home","generation":"markdown"},{"nameUrl":"artifacts.html","title":"Artifacts Summary","generation":"html","page":[{"nameUrl":"StructureDefinition-questionnaire-s37.html","title":"Profile : Questionnaire","generation":"generated"},{"nameUrl":"StructureDefinition-questionnaire-s37-sdc.html","title":"Profile : QuestionnaireS37SDC","generation":"generated"},{"nameUrl":"StructureDefinition-form-settings.html","title":"Extension : Form Settings ","generation":"generated"},{"nameUrl":"StructureDefinition-parent-reference.html","title":"Extension : Parent Reference","generation":"generated"},{"nameUrl":"StructureDefinition-rendering-settings.html","title":"Extension : Item Rendering Settings","generation":"generated"},{"nameUrl":"StructureDefinition-resource-create-update-at-datetime.html","title":"Extension : ResourceCreateUpdateAtDateTime","generation":"generated"},{"nameUrl":"StructureDefinition-settings.html","title":"Extension : Common Settings ","generation":"generated"},{"nameUrl":"StructureDefinition-sub-status.html","title":"Extension : SubStatus","generation":"generated"},{"nameUrl":"StructureDefinition-supported-languages.html","title":"Supported Languages","generation":"generated"},{"nameUrl":"Questionnaire-Item-Extension-Example-All-48-V1.html","title":"Example : Questionnaire.Item-All-48-V1","generation":"generated"},{"nameUrl":"Questionnaire-Questionnaire-Extension-Example.html","title":"Example : Questionnaire","generation":"generated"},{"nameUrl":"Questionnaire-Questionnaire-Item-Extension-Example-DateTimeV1.html","title":"Example : Questionnaire.Item-DateTime V1","generation":"generated"},{"nameUrl":"Questionnaire-Questionnaire-Item-Extension-Example-FileUploadV1.html","title":"Example : Questionnaire.Item-FileUpload-V1","generation":"generated"},{"nameUrl":"Questionnaire-Questionnaire-Item-Extension-Example-Footer-V1.html","title":"Example : Questionnaire.Item-Footer-V1","generation":"generated"},{"nameUrl":"Questionnaire-Questionnaire-Item-Extension-Example-Header-V1.html","title":"Example : Questionnaire.Item-Header-V1","generation":"generated"},{"nameUrl":"Questionnaire-Questionnaire-Item-Extension-Example-Image-V1.html","title":"Example : Questionnaire.Item-Image-V1","generation":"generated"},{"nameUrl":"Questionnaire-Questionnaire-Item-Extension-Example-MultiSelect-V1.html","title":"Example : Questionnaire.Item-MultiMultiSelect-V1","generation":"generated"},{"nameUrl":"Questionnaire-Questionnaire-Item-Extension-Example-Number-Decimal-V1.html","title":"Example : Questionnaire.Item-Number-Decimal-V1","generation":"generated"},{"nameUrl":"Questionnaire-Questionnaire-Item-Extension-Example-Number-Integer-V1.html","title":"Example : Questionnaire.Item-Number-Integer-V1","generation":"generated"},{"nameUrl":"Questionnaire-Questionnaire-Item-Extension-Example-RatingScale-V1.html","title":"Example : Questionnaire.Item-All-RatingScale-V1","generation":"generated"},{"nameUrl":"Questionnaire-Questionnaire-Item-Extension-Example-RichText-V1.html","title":"Example : Questionnaire.Item-RichText-V1","generation":"generated"},{"nameUrl":"Questionnaire-Questionnaire-Item-Extension-Example-Select-V1.html","title":"Example : Questionnaire.Item-Select-V1","generation":"generated"},{"nameUrl":"Questionnaire-Questionnaire-Item-Extension-Example-Text-V1.html","title":"Example : Questionnaire.Item-Text-V1","generation":"generated"},{"nameUrl":"Questionnaire-Questionnaire-Item-Extension-Example-TextArea-V1.html","title":"Example : Questionnaire.Item-All-TextArea-V1","generation":"generated"},{"nameUrl":"Questionnaire-Questionnaire-Item-Extension-Example-VASScale-V1.html","title":"Example : Questionnaire.Item-VASScale-V1","generation":"generated"},{"nameUrl":"Questionnaire-Questionnaire-Item-Extension-Example-derivedV1.html","title":"Example : Questionnaire.Item-derived-V1","generation":"generated"},{"nameUrl":"Questionnaire-Questionnaire-Item-Extension-Example-page-break-V1.html","title":"Example : Questionnaire.Item-page-break-V1","generation":"generated"}]}]},"parameter":[{"code":"path-resource","value":"input/capabilities"},{"code":"path-resource","value":"input/examples"},{"code":"path-resource","value":"input/extensions"},{"code":"path-resource","value":"input/models"},{"code":"path-resource","value":"input/operations"},{"code":"path-resource","value":"input/profiles"},{"code":"path-resource","value":"input/resources"},{"code":"path-resource","value":"input/vocabulary"},{"code":"path-resource","value":"input/maps"},{"code":"path-resource","value":"input/testing"},{"code":"path-resource","value":"input/history"},{"code":"path-resource","value":"fsh-generated/resources"},{"code":"path-pages","value":"template/config"},{"code":"path-pages","value":"input/images"},{"code":"path-tx-cache","value":"input-cache/txcache"}]}}