{"resourceType":"ImplementationGuide","id":"science37.FHIR-IG","text":{"status":"extensions","div":"<div xmlns=\"http://www.w3.org/1999/xhtml\"><h2>S37FHIRIG</h2><p>The official URL for this implementation guide is: </p><pre>https://science37.github.io/FHIR-FSH-Implementation-Guide/ImplementationGuide/science37.FHIR-IG</pre><div><p>Implementation Guide for all Science 37 FHIR augmentations.</p>\n</div></div>"},"url":"https://science37.github.io/FHIR-FSH-Implementation-Guide/ImplementationGuide/science37.FHIR-IG","version":"1.0.0-S37","name":"S37FHIRIG","title":"Science 37 FHIR Implementation-Guide","status":"active","date":"2022-05-25T20:34:56+00:00","publisher":"Science37","description":"Implementation Guide for all Science 37 FHIR augmentations.","jurisdiction":[{"coding":[{"system":"urn:iso:std:iso:3166","code":"US","display":"United States of America"}]}],"packageId":"science37.FHIR-IG","license":"CC0-1.0","fhirVersion":["4.0.1"],"dependsOn":[{"id":"hl7tx","uri":"http://terminology.hl7.org/ImplementationGuide/hl7.terminology","packageId":"hl7.terminology.r4","version":"3.1.0"},{"id":"hl7_fhir_uv_sdc","uri":"http://hl7.org/fhir/uv/sdc/ImplementationGuide/hl7.fhir.uv.sdc","packageId":"hl7.fhir.uv.sdc","version":"3.0.0"}],"definition":{"extension":[{"extension":[{"url":"code","valueString":"copyrightyear"},{"url":"value","valueString":"2022+"}],"url":"http://hl7.org/fhir/tools/StructureDefinition/ig-parameter"},{"extension":[{"url":"code","valueString":"releaselabel"},{"url":"value","valueString":"ci-build"}],"url":"http://hl7.org/fhir/tools/StructureDefinition/ig-parameter"},{"extension":[{"url":"code","valueString":"path-liquid"},{"url":"value","valueString":"template/liquid"}],"url":"http://hl7.org/fhir/tools/StructureDefinition/ig-parameter"},{"extension":[{"url":"code","valueString":"path-liquid"},{"url":"value","valueString":"input/liquid"}],"url":"http://hl7.org/fhir/tools/StructureDefinition/ig-parameter"},{"extension":[{"url":"code","valueString":"path-qa"},{"url":"value","valueString":"temp/qa"}],"url":"http://hl7.org/fhir/tools/StructureDefinition/ig-parameter"},{"extension":[{"url":"code","valueString":"path-temp"},{"url":"value","valueString":"temp/pages"}],"url":"http://hl7.org/fhir/tools/StructureDefinition/ig-parameter"},{"extension":[{"url":"code","valueString":"path-output"},{"url":"value","valueString":"output"}],"url":"http://hl7.org/fhir/tools/StructureDefinition/ig-parameter"},{"extension":[{"url":"code","valueString":"path-suppressed-warnings"},{"url":"value","valueString":"input/ignoreWarnings.txt"}],"url":"http://hl7.org/fhir/tools/StructureDefinition/ig-parameter"},{"extension":[{"url":"code","valueString":"path-history"},{"url":"value","valueString":"https://science37.github.io/FHIR-FSH-Implementation-Guide/history.html"}],"url":"http://hl7.org/fhir/tools/StructureDefinition/ig-parameter"},{"extension":[{"url":"code","valueString":"template-html"},{"url":"value","valueString":"template-page.html"}],"url":"http://hl7.org/fhir/tools/StructureDefinition/ig-parameter"},{"extension":[{"url":"code","valueString":"template-md"},{"url":"value","valueString":"template-page-md.html"}],"url":"http://hl7.org/fhir/tools/StructureDefinition/ig-parameter"},{"extension":[{"url":"code","valueString":"apply-contact"},{"url":"value","valueString":"true"}],"url":"http://hl7.org/fhir/tools/StructureDefinition/ig-parameter"},{"extension":[{"url":"code","valueString":"apply-context"},{"url":"value","valueString":"true"}],"url":"http://hl7.org/fhir/tools/StructureDefinition/ig-parameter"},{"extension":[{"url":"code","valueString":"apply-copyright"},{"url":"value","valueString":"true"}],"url":"http://hl7.org/fhir/tools/StructureDefinition/ig-parameter"},{"extension":[{"url":"code","valueString":"apply-jurisdiction"},{"url":"value","valueString":"true"}],"url":"http://hl7.org/fhir/tools/StructureDefinition/ig-parameter"},{"extension":[{"url":"code","valueString":"apply-license"},{"url":"value","valueString":"true"}],"url":"http://hl7.org/fhir/tools/StructureDefinition/ig-parameter"},{"extension":[{"url":"code","valueString":"apply-publisher"},{"url":"value","valueString":"true"}],"url":"http://hl7.org/fhir/tools/StructureDefinition/ig-parameter"},{"extension":[{"url":"code","valueString":"apply-version"},{"url":"value","valueString":"true"}],"url":"http://hl7.org/fhir/tools/StructureDefinition/ig-parameter"},{"extension":[{"url":"code","valueString":"active-tables"},{"url":"value","valueString":"true"}],"url":"http://hl7.org/fhir/tools/StructureDefinition/ig-parameter"},{"extension":[{"url":"code","valueString":"fmm-definition"},{"url":"value","valueString":"http://hl7.org/fhir/versions.html#maturity"}],"url":"http://hl7.org/fhir/tools/StructureDefinition/ig-parameter"},{"extension":[{"url":"code","valueString":"propagate-status"},{"url":"value","valueString":"true"}],"url":"http://hl7.org/fhir/tools/StructureDefinition/ig-parameter"},{"extension":[{"url":"code","valueString":"excludelogbinaryformat"},{"url":"value","valueString":"true"}],"url":"http://hl7.org/fhir/tools/StructureDefinition/ig-parameter"}],"grouping":[{"id":"-str-profile","name":"Structures: Resource Profiles","description":"These define constraints on FHIR resources for systems conforming to this implementation guide"},{"id":"-str-extension","name":"Structures: Extension Definitions","description":"These define constraints on FHIR data types for systems conforming to this implementation guide"},{"id":"-ex-example","name":"Example: Example Instances","description":"These are example instances that show what data produced and consumed by systems conforming with this implementation guide might look like"}],"resource":[{"extension":[{"url":"http://hl7.org/fhir/StructureDefinition/implementationguide-page","valueUri":"StructureDefinition-plandefinition-s37.html"}],"reference":{"reference":"StructureDefinition/plandefinition-s37"},"name":"Profile : PlanDefinitionS37","description":"plan definition specific to science 37 implementation.","exampleBoolean":false,"groupingId":"-str-profile"},{"extension":[{"url":"http://hl7.org/fhir/StructureDefinition/implementationguide-page","valueUri":"StructureDefinition-questionnaire-s37-sdc.html"}],"reference":{"reference":"StructureDefinition/questionnaire-s37-sdc"},"name":"Profile : QuestionnaireS37SDC","description":"Profile : QuestionnaireS37SDC","exampleBoolean":false,"groupingId":"-str-profile"},{"extension":[{"url":"http://hl7.org/fhir/StructureDefinition/implementationguide-page","valueUri":"StructureDefinition-activity-definition-s37.html"}],"reference":{"reference":"StructureDefinition/activity-definition-s37"},"name":"Activity Definition S37","description":"SC37 Activity Definition used within Visit Plan and Care Plan","exampleBoolean":false,"groupingId":"-str-profile"},{"extension":[{"url":"http://hl7.org/fhir/StructureDefinition/implementationguide-page","valueUri":"StructureDefinition-day-0.html"}],"reference":{"reference":"StructureDefinition/day-0"},"name":"Extension : Day Zero","description":"collection which diferenciates specific date start of a patients start date.","exampleBoolean":false,"groupingId":"-str-extension"},{"extension":[{"url":"http://hl7.org/fhir/StructureDefinition/implementationguide-page","valueUri":"StructureDefinition-device.html"}],"reference":{"reference":"StructureDefinition/device"},"name":"Extension : Device","description":"The intent of device is to be reused between both Questionniare and Questionnaire.item. <br>A device has details that consist of: <br>type : The device type (string)<br>reportField: field used for mapping data from the device report.<br>Questionnaire utilizes the <i>type</i> field to idenfity the type of device used within the Questionniare.<br>Questionniare.item utilizes <i>reportField</i> unless Questionnaire contains more then one device then Questionniare.item.device.detail must contain the device type","exampleBoolean":false,"groupingId":"-str-extension"},{"extension":[{"url":"http://hl7.org/fhir/StructureDefinition/implementationguide-page","valueUri":"StructureDefinition-device-report-field.html"}],"reference":{"reference":"StructureDefinition/device-report-field"},"name":"Extension : Device Report Field","description":"the third party report field used to obtain the value of the item","exampleBoolean":false,"groupingId":"-str-extension"},{"extension":[{"url":"http://hl7.org/fhir/StructureDefinition/implementationguide-page","valueUri":"StructureDefinition-display-order.html"}],"reference":{"reference":"StructureDefinition/display-order"},"name":"Extension : Display Order","description":"Order of display","exampleBoolean":false,"groupingId":"-str-extension"},{"extension":[{"url":"http://hl7.org/fhir/StructureDefinition/implementationguide-page","valueUri":"StructureDefinition-econsent-from-group-id.html"}],"reference":{"reference":"StructureDefinition/econsent-from-group-id"},"name":"Econsent From Group Id","description":"Id for the consent form group","exampleBoolean":false,"groupingId":"-str-extension"},{"extension":[{"url":"http://hl7.org/fhir/StructureDefinition/implementationguide-page","valueUri":"StructureDefinition-force-form-order.html"}],"reference":{"reference":"StructureDefinition/force-form-order"},"name":"Force Form Order","description":"Forced Form Ordering containing Form Ids.","exampleBoolean":false,"groupingId":"-str-extension"},{"extension":[{"url":"http://hl7.org/fhir/StructureDefinition/implementationguide-page","valueUri":"StructureDefinition-form-collection.html"}],"reference":{"reference":"StructureDefinition/form-collection"},"name":"Extension : Ongoing Form","description":"List of ongoing Forms","exampleBoolean":false,"groupingId":"-str-extension"},{"extension":[{"url":"http://hl7.org/fhir/StructureDefinition/implementationguide-page","valueUri":"StructureDefinition-form-config.html"}],"reference":{"reference":"StructureDefinition/form-config"},"name":"Extension : Form Config","description":"plan definition action extention for form configurations","exampleBoolean":false,"groupingId":"-str-extension"},{"extension":[{"url":"http://hl7.org/fhir/StructureDefinition/implementationguide-page","valueUri":"StructureDefinition-form-types.html"}],"reference":{"reference":"StructureDefinition/form-types"},"name":"Extension : Form Types","description":"the form types","exampleBoolean":false,"groupingId":"-str-extension"},{"extension":[{"url":"http://hl7.org/fhir/StructureDefinition/implementationguide-page","valueUri":"StructureDefinition-oid.html"}],"reference":{"reference":"StructureDefinition/oid"},"name":"Extension : OID","description":"Object ID","exampleBoolean":false,"groupingId":"-str-extension"},{"extension":[{"url":"http://hl7.org/fhir/StructureDefinition/implementationguide-page","valueUri":"StructureDefinition-parent-reference.html"}],"reference":{"reference":"StructureDefinition/parent-reference"},"name":"Extension : Parent Reference","description":"extension to show reference back to a parent instance","exampleBoolean":false,"groupingId":"-str-extension"},{"extension":[{"url":"http://hl7.org/fhir/StructureDefinition/implementationguide-page","valueUri":"StructureDefinition-protocal-version.html"}],"reference":{"reference":"StructureDefinition/protocal-version"},"name":"Extension : Protocal Version","description":"identifies the specific protocal version","exampleBoolean":false,"groupingId":"-str-extension"},{"extension":[{"url":"http://hl7.org/fhir/StructureDefinition/implementationguide-page","valueUri":"StructureDefinition-rendering.html"}],"reference":{"reference":"StructureDefinition/rendering"},"name":"Extension : Object Rendering Settings","description":"Extension : Object Rendering Settings. The data structure the complex data structure depicted here can be used to depict Science 37 specific rendering configurations at the questionnaire level or the questionnaire item level.","exampleBoolean":false,"groupingId":"-str-extension"},{"extension":[{"url":"http://hl7.org/fhir/StructureDefinition/implementationguide-page","valueUri":"StructureDefinition-resource-create-update-at-datetime.html"}],"reference":{"reference":"StructureDefinition/resource-create-update-at-datetime"},"name":"Extension : ResourceCreateUpdateAtDateTime","description":"Captures the created at an updated at attributes of date timestamps for a questionnaire","exampleBoolean":false,"groupingId":"-str-extension"},{"extension":[{"url":"http://hl7.org/fhir/StructureDefinition/implementationguide-page","valueUri":"StructureDefinition-site-config.html"}],"reference":{"reference":"StructureDefinition/site-config"},"name":"Extension : Site Config","exampleBoolean":false,"groupingId":"-str-extension"},{"extension":[{"url":"http://hl7.org/fhir/StructureDefinition/implementationguide-page","valueUri":"StructureDefinition-sub-status.html"}],"reference":{"reference":"StructureDefinition/sub-status"},"name":"Extension : Questionniare SubStatus","description":"used to capture other statuses when questionnaire status is set to unknown","exampleBoolean":false,"groupingId":"-str-extension"},{"extension":[{"url":"http://hl7.org/fhir/StructureDefinition/implementationguide-page","valueUri":"StructureDefinition-supported-languages.html"}],"reference":{"reference":"StructureDefinition/supported-languages"},"name":"Extension : Supported Languages","description":"Supported Languages : Contains a list of languages that is supported by the questionnaire","exampleBoolean":false,"groupingId":"-str-extension"},{"extension":[{"url":"http://hl7.org/fhir/StructureDefinition/implementationguide-page","valueUri":"StructureDefinition-time-period.html"}],"reference":{"reference":"StructureDefinition/time-period"},"name":"Extension : Time Period","description":"Description of time period","exampleBoolean":false,"groupingId":"-str-extension"},{"extension":[{"url":"http://hl7.org/fhir/StructureDefinition/implementationguide-page","valueUri":"StructureDefinition-version.html"}],"reference":{"reference":"StructureDefinition/version"},"name":"Extension : Item Version","description":"Item Version","exampleBoolean":false,"groupingId":"-str-extension"},{"extension":[{"url":"http://hl7.org/fhir/StructureDefinition/implementationguide-page","valueUri":"StructureDefinition-version-number.html"}],"reference":{"reference":"StructureDefinition/version-number"},"name":"Extension : Version Number","description":"version number","exampleBoolean":false,"groupingId":"-str-extension"},{"extension":[{"url":"http://hl7.org/fhir/StructureDefinition/implementationguide-page","valueUri":"StructureDefinition-visit-type.html"}],"reference":{"reference":"StructureDefinition/visit-type"},"name":"Extension : Visit Type","description":"type of visit","exampleBoolean":false,"groupingId":"-str-extension"},{"extension":[{"url":"http://hl7.org/fhir/StructureDefinition/implementationguide-page","valueUri":"PlanDefinition-AdhocFormsListPlanDefinitionS37Example.html"}],"reference":{"reference":"PlanDefinition/AdhocFormsListPlanDefinitionS37Example"},"name":"Example : Forms List PlanDefinitionS37","description":"Example : Forms List PlanDefinitionS37","exampleCanonical":"https://science37.github.io/FHIR-FSH-Implementation-Guide/StructureDefinition/plandefinition-s37","groupingId":"-ex-example"},{"extension":[{"url":"http://hl7.org/fhir/StructureDefinition/implementationguide-page","valueUri":"PlanDefinition-EConsentFormGroupPlanDefinitionS37Example.html"}],"reference":{"reference":"PlanDefinition/EConsentFormGroupPlanDefinitionS37Example"},"name":"Example : Forms List PlanDefinitionS37","description":"Example : Forms List PlanDefinitionS37","exampleCanonical":"https://science37.github.io/FHIR-FSH-Implementation-Guide/StructureDefinition/plandefinition-s37","groupingId":"-ex-example"},{"extension":[{"url":"http://hl7.org/fhir/StructureDefinition/implementationguide-page","valueUri":"PlanDefinition-EXPECTEDVISITPLANPlanDefinitionS37Example.html"}],"reference":{"reference":"PlanDefinition/EXPECTEDVISITPLANPlanDefinitionS37Example"},"name":"Example : Expected Visit Plan PlanDefinitionS37","description":"Example : Expected Visit Plan PlanDefinitionS37","exampleCanonical":"https://science37.github.io/FHIR-FSH-Implementation-Guide/StructureDefinition/plandefinition-s37","groupingId":"-ex-example"},{"extension":[{"url":"http://hl7.org/fhir/StructureDefinition/implementationguide-page","valueUri":"PlanDefinition-FormListPlanDefinitionS37Example.html"}],"reference":{"reference":"PlanDefinition/FormListPlanDefinitionS37Example"},"name":"Example : Forms List PlanDefinitionS37","description":"Example : Forms List PlanDefinitionS37","exampleCanonical":"https://science37.github.io/FHIR-FSH-Implementation-Guide/StructureDefinition/plandefinition-s37","groupingId":"-ex-example"},{"extension":[{"url":"http://hl7.org/fhir/StructureDefinition/implementationguide-page","valueUri":"Questionnaire-Item-Extension-Example-All-Items.html"}],"reference":{"reference":"Questionnaire/Item-Extension-Example-All-Items"},"name":"Example : Questionnaire.Item All S37 Widgets","description":"Example : Questionnaire.Item S37 Widgets. Contains Header, Widget, Footer and PageBreak","exampleCanonical":"https://science37.github.io/FHIR-FSH-Implementation-Guide/StructureDefinition/questionnaire-s37-sdc","groupingId":"-ex-example"},{"extension":[{"url":"http://hl7.org/fhir/StructureDefinition/implementationguide-page","valueUri":"PlanDefinition-OnGoingFormsListPlanDefinitionS37Example.html"}],"reference":{"reference":"PlanDefinition/OnGoingFormsListPlanDefinitionS37Example"},"name":"Example : Forms List PlanDefinitionS37","description":"Example : Forms List PlanDefinitionS37","exampleCanonical":"https://science37.github.io/FHIR-FSH-Implementation-Guide/StructureDefinition/plandefinition-s37","groupingId":"-ex-example"},{"extension":[{"url":"http://hl7.org/fhir/StructureDefinition/implementationguide-page","valueUri":"Questionnaire-Questionnaire-Extension-Example.html"}],"reference":{"reference":"Questionnaire/Questionnaire-Extension-Example"},"name":"Example : Questionnaire Basic Example","description":"Example : Questionnaire Basic Example","exampleCanonical":"https://science37.github.io/FHIR-FSH-Implementation-Guide/StructureDefinition/questionnaire-s37-sdc","groupingId":"-ex-example"},{"extension":[{"url":"http://hl7.org/fhir/StructureDefinition/implementationguide-page","valueUri":"Questionnaire-Questionnaire-Item-Extension-DeviceAware-MultipleDevice-Example.html"}],"reference":{"reference":"Questionnaire/Questionnaire-Item-Extension-DeviceAware-MultipleDevice-Example"},"name":"Example : Questionnaire.Item-DeviceAware-Multiple Device","description":"Example : Questionnaire.Item-DeviceAware-Multiple Device","exampleCanonical":"https://science37.github.io/FHIR-FSH-Implementation-Guide/StructureDefinition/questionnaire-s37-sdc","groupingId":"-ex-example"},{"extension":[{"url":"http://hl7.org/fhir/StructureDefinition/implementationguide-page","valueUri":"Questionnaire-Questionnaire-Item-Extension-DeviceAware-SingleDevice-Example.html"}],"reference":{"reference":"Questionnaire/Questionnaire-Item-Extension-DeviceAware-SingleDevice-Example"},"name":"Example : Questionnaire.Item-DeviceAware-Single Device","description":"Example : Questionnaire.Item-DeviceAware-Single Device","exampleCanonical":"https://science37.github.io/FHIR-FSH-Implementation-Guide/StructureDefinition/questionnaire-s37-sdc","groupingId":"-ex-example"},{"extension":[{"url":"http://hl7.org/fhir/StructureDefinition/implementationguide-page","valueUri":"Questionnaire-Questionnaire-Item-Extension-Example-DateTime.html"}],"reference":{"reference":"Questionnaire/Questionnaire-Item-Extension-Example-DateTime"},"name":"Example : Questionnaire.Item-DateTime","description":"Example : Questionnaire.Item-DateTime","exampleCanonical":"https://science37.github.io/FHIR-FSH-Implementation-Guide/StructureDefinition/questionnaire-s37-sdc","groupingId":"-ex-example"},{"extension":[{"url":"http://hl7.org/fhir/StructureDefinition/implementationguide-page","valueUri":"Questionnaire-Questionnaire-Item-Extension-Example-FileUpload.html"}],"reference":{"reference":"Questionnaire/Questionnaire-Item-Extension-Example-FileUpload"},"name":"Example : Questionnaire.Item-FileUpload","description":"Example : Questionnaire.Item-FileUpload","exampleCanonical":"https://science37.github.io/FHIR-FSH-Implementation-Guide/StructureDefinition/questionnaire-s37-sdc","groupingId":"-ex-example"},{"extension":[{"url":"http://hl7.org/fhir/StructureDefinition/implementationguide-page","valueUri":"Questionnaire-Questionnaire-Item-Extension-Example-Footer.html"}],"reference":{"reference":"Questionnaire/Questionnaire-Item-Extension-Example-Footer"},"name":"Example : Questionnaire.Item-Footer","description":"Example : Questionnaire.Item-Footer","exampleCanonical":"https://science37.github.io/FHIR-FSH-Implementation-Guide/StructureDefinition/questionnaire-s37-sdc","groupingId":"-ex-example"},{"extension":[{"url":"http://hl7.org/fhir/StructureDefinition/implementationguide-page","valueUri":"Questionnaire-Questionnaire-Item-Extension-Example-Header.html"}],"reference":{"reference":"Questionnaire/Questionnaire-Item-Extension-Example-Header"},"name":"Example : Questionnaire.Item-Header","description":"Example : Questionnaire.Item-Header","exampleCanonical":"https://science37.github.io/FHIR-FSH-Implementation-Guide/StructureDefinition/questionnaire-s37-sdc","groupingId":"-ex-example"},{"extension":[{"url":"http://hl7.org/fhir/StructureDefinition/implementationguide-page","valueUri":"Questionnaire-Questionnaire-Item-Extension-Example-Image.html"}],"reference":{"reference":"Questionnaire/Questionnaire-Item-Extension-Example-Image"},"name":"Example : Questionnaire.Item-Image","description":"Example : Questionnaire.Item-Image","exampleCanonical":"https://science37.github.io/FHIR-FSH-Implementation-Guide/StructureDefinition/questionnaire-s37-sdc","groupingId":"-ex-example"},{"extension":[{"url":"http://hl7.org/fhir/StructureDefinition/implementationguide-page","valueUri":"Questionnaire-Questionnaire-Item-Extension-Example-MultiSelect.html"}],"reference":{"reference":"Questionnaire/Questionnaire-Item-Extension-Example-MultiSelect"},"name":"Example : Questionnaire.Item-MultiMultiSelect","description":"Example : Questionnaire.Item-MultiSelect","exampleCanonical":"https://science37.github.io/FHIR-FSH-Implementation-Guide/StructureDefinition/questionnaire-s37-sdc","groupingId":"-ex-example"},{"extension":[{"url":"http://hl7.org/fhir/StructureDefinition/implementationguide-page","valueUri":"Questionnaire-Questionnaire-Item-Extension-Example-Number-Decimal.html"}],"reference":{"reference":"Questionnaire/Questionnaire-Item-Extension-Example-Number-Decimal"},"name":"Example : Questionnaire.Item-Number-Decimal","description":"Example : Questionnaire.Item-Number-Decimal","exampleCanonical":"https://science37.github.io/FHIR-FSH-Implementation-Guide/StructureDefinition/questionnaire-s37-sdc","groupingId":"-ex-example"},{"extension":[{"url":"http://hl7.org/fhir/StructureDefinition/implementationguide-page","valueUri":"Questionnaire-Questionnaire-Item-Extension-Example-Number-Integer.html"}],"reference":{"reference":"Questionnaire/Questionnaire-Item-Extension-Example-Number-Integer"},"name":"Example : Questionnaire.Item-Number-Integer","description":"Example : Questionnaire.Item-Number-Integer","exampleCanonical":"https://science37.github.io/FHIR-FSH-Implementation-Guide/StructureDefinition/questionnaire-s37-sdc","groupingId":"-ex-example"},{"extension":[{"url":"http://hl7.org/fhir/StructureDefinition/implementationguide-page","valueUri":"Questionnaire-Questionnaire-Item-Extension-Example-RatingScale.html"}],"reference":{"reference":"Questionnaire/Questionnaire-Item-Extension-Example-RatingScale"},"name":"Example : Questionnaire.Item-RatingScale","description":"Example : Questionnaire.Item-RatingScale","exampleCanonical":"https://science37.github.io/FHIR-FSH-Implementation-Guide/StructureDefinition/questionnaire-s37-sdc","groupingId":"-ex-example"},{"extension":[{"url":"http://hl7.org/fhir/StructureDefinition/implementationguide-page","valueUri":"Questionnaire-Questionnaire-Item-Extension-Example-RichText.html"}],"reference":{"reference":"Questionnaire/Questionnaire-Item-Extension-Example-RichText"},"name":"Example : Questionnaire.Item-RichText","description":"Example : Questionnaire.Item-RichText","exampleCanonical":"https://science37.github.io/FHIR-FSH-Implementation-Guide/StructureDefinition/questionnaire-s37-sdc","groupingId":"-ex-example"},{"extension":[{"url":"http://hl7.org/fhir/StructureDefinition/implementationguide-page","valueUri":"Questionnaire-Questionnaire-Item-Extension-Example-Select.html"}],"reference":{"reference":"Questionnaire/Questionnaire-Item-Extension-Example-Select"},"name":"Example : Questionnaire.Item-Select","description":"Example : Questionnaire.Item-Select","exampleCanonical":"https://science37.github.io/FHIR-FSH-Implementation-Guide/StructureDefinition/questionnaire-s37-sdc","groupingId":"-ex-example"},{"extension":[{"url":"http://hl7.org/fhir/StructureDefinition/implementationguide-page","valueUri":"Questionnaire-Questionnaire-Item-Extension-Example-Text.html"}],"reference":{"reference":"Questionnaire/Questionnaire-Item-Extension-Example-Text"},"name":"Example : Questionnaire.Item-Text","description":"Example : Questionnaire.Item-Text","exampleCanonical":"https://science37.github.io/FHIR-FSH-Implementation-Guide/StructureDefinition/questionnaire-s37-sdc","groupingId":"-ex-example"},{"extension":[{"url":"http://hl7.org/fhir/StructureDefinition/implementationguide-page","valueUri":"Questionnaire-Questionnaire-Item-Extension-Example-TextArea.html"}],"reference":{"reference":"Questionnaire/Questionnaire-Item-Extension-Example-TextArea"},"name":"Example : Questionnaire.Item-TextArea","description":"Example : Questionnaire.Item-TextArea","exampleCanonical":"https://science37.github.io/FHIR-FSH-Implementation-Guide/StructureDefinition/questionnaire-s37-sdc","groupingId":"-ex-example"},{"extension":[{"url":"http://hl7.org/fhir/StructureDefinition/implementationguide-page","valueUri":"Questionnaire-Questionnaire-Item-Extension-Example-VASScale.html"}],"reference":{"reference":"Questionnaire/Questionnaire-Item-Extension-Example-VASScale"},"name":"Example : Questionnaire.Item-VASScale","description":"Example : Questionnaire.Item-VASScale","exampleCanonical":"https://science37.github.io/FHIR-FSH-Implementation-Guide/StructureDefinition/questionnaire-s37-sdc","groupingId":"-ex-example"},{"extension":[{"url":"http://hl7.org/fhir/StructureDefinition/implementationguide-page","valueUri":"Questionnaire-Questionnaire-Item-Extension-Example-derived.html"}],"reference":{"reference":"Questionnaire/Questionnaire-Item-Extension-Example-derived"},"name":"Example : Questionnaire.Item-Derived","description":"Example : Questionnaire.Item-Derived","exampleCanonical":"https://science37.github.io/FHIR-FSH-Implementation-Guide/StructureDefinition/questionnaire-s37-sdc","groupingId":"-ex-example"},{"extension":[{"url":"http://hl7.org/fhir/StructureDefinition/implementationguide-page","valueUri":"Questionnaire-Questionnaire-Item-Extension-Example-page-break.html"}],"reference":{"reference":"Questionnaire/Questionnaire-Item-Extension-Example-page-break"},"name":"Example : Questionnaire.Item-Page-Break","description":"Example : Questionnaire.Item-Page-Break","exampleCanonical":"https://science37.github.io/FHIR-FSH-Implementation-Guide/StructureDefinition/questionnaire-s37-sdc","groupingId":"-ex-example"},{"extension":[{"url":"http://hl7.org/fhir/StructureDefinition/implementationguide-page","valueUri":"PlanDefinition-RecurringFormListPlanDefinitionS37Example.html"}],"reference":{"reference":"PlanDefinition/RecurringFormListPlanDefinitionS37Example"},"name":"Example : Recurring Forms List PlanDefinitionS37","description":"Example : Recurring Forms List PlanDefinitionS37","exampleCanonical":"https://science37.github.io/FHIR-FSH-Implementation-Guide/StructureDefinition/plandefinition-s37","groupingId":"-ex-example"},{"extension":[{"url":"http://hl7.org/fhir/StructureDefinition/implementationguide-page","valueUri":"PlanDefinition-VisitPlanMasterVisitPlanDefinitionS37Example.html"}],"reference":{"reference":"PlanDefinition/VisitPlanMasterVisitPlanDefinitionS37Example"},"name":"Example : Master Visit Plan PlanDefinitionS37","description":"Example : Master Visit Plan PlanDefinitionS37","exampleCanonical":"https://science37.github.io/FHIR-FSH-Implementation-Guide/StructureDefinition/plandefinition-s37","groupingId":"-ex-example"}],"page":{"nameUrl":"toc.html","title":"Table of Contents","generation":"html","page":[{"nameUrl":"index.html","title":"Home","generation":"markdown"},{"nameUrl":"artifacts.html","title":"Artifacts Summary","generation":"html","page":[{"nameUrl":"StructureDefinition-plandefinition-s37.html","title":"Profile : PlanDefinitionS37","generation":"generated"},{"nameUrl":"StructureDefinition-questionnaire-s37-sdc.html","title":"Profile : QuestionnaireS37SDC","generation":"generated"},{"nameUrl":"StructureDefinition-activity-definition-s37.html","title":"Activity Definition S37","generation":"generated"},{"nameUrl":"StructureDefinition-day-0.html","title":"Extension : Day Zero","generation":"generated"},{"nameUrl":"StructureDefinition-device.html","title":"Extension : Device","generation":"generated"},{"nameUrl":"StructureDefinition-device-report-field.html","title":"Extension : Device Report Field","generation":"generated"},{"nameUrl":"StructureDefinition-display-order.html","title":"Extension : Display Order","generation":"generated"},{"nameUrl":"StructureDefinition-econsent-from-group-id.html","title":"Econsent From Group Id","generation":"generated"},{"nameUrl":"StructureDefinition-force-form-order.html","title":"Force Form Order","generation":"generated"},{"nameUrl":"StructureDefinition-form-collection.html","title":"Extension : Ongoing Form","generation":"generated"},{"nameUrl":"StructureDefinition-form-config.html","title":"Extension : Form Config","generation":"generated"},{"nameUrl":"StructureDefinition-form-types.html","title":"Extension : Form Types","generation":"generated"},{"nameUrl":"StructureDefinition-oid.html","title":"Extension : OID","generation":"generated"},{"nameUrl":"StructureDefinition-parent-reference.html","title":"Extension : Parent Reference","generation":"generated"},{"nameUrl":"StructureDefinition-protocal-version.html","title":"Extension : Protocal Version","generation":"generated"},{"nameUrl":"StructureDefinition-rendering.html","title":"Extension : Object Rendering Settings","generation":"generated"},{"nameUrl":"StructureDefinition-resource-create-update-at-datetime.html","title":"Extension : ResourceCreateUpdateAtDateTime","generation":"generated"},{"nameUrl":"StructureDefinition-site-config.html","title":"Extension : Site Config","generation":"generated"},{"nameUrl":"StructureDefinition-sub-status.html","title":"Extension : Questionniare SubStatus","generation":"generated"},{"nameUrl":"StructureDefinition-supported-languages.html","title":"Extension : Supported Languages","generation":"generated"},{"nameUrl":"StructureDefinition-time-period.html","title":"Extension : Time Period","generation":"generated"},{"nameUrl":"StructureDefinition-version.html","title":"Extension : Item Version","generation":"generated"},{"nameUrl":"StructureDefinition-version-number.html","title":"Extension : Version Number","generation":"generated"},{"nameUrl":"StructureDefinition-visit-type.html","title":"Extension : Visit Type","generation":"generated"},{"nameUrl":"PlanDefinition-AdhocFormsListPlanDefinitionS37Example.html","title":"Example : Forms List PlanDefinitionS37","generation":"generated"},{"nameUrl":"PlanDefinition-EConsentFormGroupPlanDefinitionS37Example.html","title":"Example : Forms List PlanDefinitionS37","generation":"generated"},{"nameUrl":"PlanDefinition-EXPECTEDVISITPLANPlanDefinitionS37Example.html","title":"Example : Expected Visit Plan PlanDefinitionS37","generation":"generated"},{"nameUrl":"PlanDefinition-FormListPlanDefinitionS37Example.html","title":"Example : Forms List PlanDefinitionS37","generation":"generated"},{"nameUrl":"Questionnaire-Item-Extension-Example-All-Items.html","title":"Example : Questionnaire.Item All S37 Widgets","generation":"generated"},{"nameUrl":"PlanDefinition-OnGoingFormsListPlanDefinitionS37Example.html","title":"Example : Forms List PlanDefinitionS37","generation":"generated"},{"nameUrl":"Questionnaire-Questionnaire-Extension-Example.html","title":"Example : Questionnaire Basic Example","generation":"generated"},{"nameUrl":"Questionnaire-Questionnaire-Item-Extension-DeviceAware-MultipleDevice-Example.html","title":"Example : Questionnaire.Item-DeviceAware-Multiple Device","generation":"generated"},{"nameUrl":"Questionnaire-Questionnaire-Item-Extension-DeviceAware-SingleDevice-Example.html","title":"Example : Questionnaire.Item-DeviceAware-Single Device","generation":"generated"},{"nameUrl":"Questionnaire-Questionnaire-Item-Extension-Example-DateTime.html","title":"Example : Questionnaire.Item-DateTime","generation":"generated"},{"nameUrl":"Questionnaire-Questionnaire-Item-Extension-Example-FileUpload.html","title":"Example : Questionnaire.Item-FileUpload","generation":"generated"},{"nameUrl":"Questionnaire-Questionnaire-Item-Extension-Example-Footer.html","title":"Example : Questionnaire.Item-Footer","generation":"generated"},{"nameUrl":"Questionnaire-Questionnaire-Item-Extension-Example-Header.html","title":"Example : Questionnaire.Item-Header","generation":"generated"},{"nameUrl":"Questionnaire-Questionnaire-Item-Extension-Example-Image.html","title":"Example : Questionnaire.Item-Image","generation":"generated"},{"nameUrl":"Questionnaire-Questionnaire-Item-Extension-Example-MultiSelect.html","title":"Example : Questionnaire.Item-MultiMultiSelect","generation":"generated"},{"nameUrl":"Questionnaire-Questionnaire-Item-Extension-Example-Number-Decimal.html","title":"Example : Questionnaire.Item-Number-Decimal","generation":"generated"},{"nameUrl":"Questionnaire-Questionnaire-Item-Extension-Example-Number-Integer.html","title":"Example : Questionnaire.Item-Number-Integer","generation":"generated"},{"nameUrl":"Questionnaire-Questionnaire-Item-Extension-Example-RatingScale.html","title":"Example : Questionnaire.Item-RatingScale","generation":"generated"},{"nameUrl":"Questionnaire-Questionnaire-Item-Extension-Example-RichText.html","title":"Example : Questionnaire.Item-RichText","generation":"generated"},{"nameUrl":"Questionnaire-Questionnaire-Item-Extension-Example-Select.html","title":"Example : Questionnaire.Item-Select","generation":"generated"},{"nameUrl":"Questionnaire-Questionnaire-Item-Extension-Example-Text.html","title":"Example : Questionnaire.Item-Text","generation":"generated"},{"nameUrl":"Questionnaire-Questionnaire-Item-Extension-Example-TextArea.html","title":"Example : Questionnaire.Item-TextArea","generation":"generated"},{"nameUrl":"Questionnaire-Questionnaire-Item-Extension-Example-VASScale.html","title":"Example : Questionnaire.Item-VASScale","generation":"generated"},{"nameUrl":"Questionnaire-Questionnaire-Item-Extension-Example-derived.html","title":"Example : Questionnaire.Item-Derived","generation":"generated"},{"nameUrl":"Questionnaire-Questionnaire-Item-Extension-Example-page-break.html","title":"Example : Questionnaire.Item-Page-Break","generation":"generated"},{"nameUrl":"PlanDefinition-RecurringFormListPlanDefinitionS37Example.html","title":"Example : Recurring Forms List PlanDefinitionS37","generation":"generated"},{"nameUrl":"PlanDefinition-VisitPlanMasterVisitPlanDefinitionS37Example.html","title":"Example : Master Visit Plan PlanDefinitionS37","generation":"generated"}]}]},"parameter":[{"code":"path-resource","value":"input/capabilities"},{"code":"path-resource","value":"input/examples"},{"code":"path-resource","value":"input/extensions"},{"code":"path-resource","value":"input/models"},{"code":"path-resource","value":"input/operations"},{"code":"path-resource","value":"input/profiles"},{"code":"path-resource","value":"input/resources"},{"code":"path-resource","value":"input/vocabulary"},{"code":"path-resource","value":"input/maps"},{"code":"path-resource","value":"input/testing"},{"code":"path-resource","value":"input/history"},{"code":"path-resource","value":"fsh-generated/resources"},{"code":"path-pages","value":"template/config"},{"code":"path-pages","value":"input/images"},{"code":"path-tx-cache","value":"input-cache/txcache"}]}}