{"resourceType":"PlanDefinition","id":"PlanDefintionsExample","meta":{"profile":["https://science37.github.io/FHIR-FSH-Implementation-Guide/StructureDefinition/plandefinition-s37"]},"extension":[{"extension":[{"url":"MASTER_VISIT_PLAN","valueString":"Master"},{"url":"EXPECTED_VISIT_PLAN","valueString":"Expected"},{"url":"VISIT","valueString":"VISIT"}],"url":"https://science37.github.io/FHIR-FSH-Implementation-Guide/StructureDefinition/parent-reference"},{"url":"https://science37.github.io/FHIR-FSH-Implementation-Guide/StructureDefinition/protocal-version","valueId":"13.5"},{"extension":[{"url":"version-number","valueId":"1.2.2"},{"url":"audit-trail-version","valueId":"1.2.2"}],"url":"https://science37.github.io/FHIR-FSH-Implementation-Guide/StructureDefinition/version-number"},{"extension":[{"url":"createdAt","valueDateTime":"2015-02-07T13:28:17Z"},{"url":"updatedAt","valueDateTime":"2022-01-01T10:08:10Z"}],"url":"https://science37.github.io/FHIR-FSH-Implementation-Guide/StructureDefinition/resource-create-update-at-datetime"}],"url":"https://science37.github.io/FHIR-FSH-Implementation-Guide/PlanDefinition/PlanDefintionsExample","version":"1.0.0-S37","status":"active","date":"2022-05-20T20:57:10+00:00","publisher":"Science37","jurisdiction":[{"coding":[{"system":"urn:iso:std:iso:3166","code":"US","display":"United States of America"}]}]}