{"resourceType":"PlanDefinition","id":"AlernateVisitPath-001","url":"https://science37.github.io/FHIR-FSH-Implementation-Guide/PlanDefinition/AlernateVisitPath-001","version":"1.0.0-S37","name":"AlernateVisitPath-001","status":"active","date":"2022-08-01T20:41:40+00:00","publisher":"Science37","jurisdiction":[{"coding":[{"system":"urn:iso:std:iso:3166","code":"US","display":"United States of America"}]}],"action":[{"id":"Segment-B","definitionUri":"PlanDefinition/segment/Segment-B"},{"id":"Segment-C","relatedAction":[{"actionId":"Segment-B","relationship":"after"}],"definitionUri":"PlanDefinition/segment/Segment-C"},{"id":"Segment-D","relatedAction":[{"actionId":"Segment-C","relationship":"after"}],"definitionUri":"PlanDefinition/segment/Segment-D"}]}