{"resourceType":"PlanDefinition","id":"VisitPlanMasterVisitPlanDefinitionS37Example","meta":{"profile":["https://science37.github.io/FHIR-FSH-Implementation-Guide/StructureDefinition/plandefinition-s37"]},"extension":[{"extension":[{"url":"MASTER_VISIT_PLAN","valueString":"449e0f70-9c78-11eb-a748-70b5e89dfcd9"},{"url":"EXPECTED_VISIT_PLAN","valueString":"449e0f70-9c78-11eb-a748-70b5e89dfcsd9"},{"url":"VISIT","valueString":"449e0f70-9c78-11eb-a748-70b5e89dsfcd9"}],"url":"https://science37.github.io/FHIR-FSH-Implementation-Guide/StructureDefinition/parent-reference"},{"url":"https://science37.github.io/FHIR-FSH-Implementation-Guide/StructureDefinition/protocal-version","valueId":"13.5"},{"extension":[{"url":"version-number","valueId":"1.2.2"},{"url":"audit-trail-version","valueId":"1.2.2"}],"url":"https://science37.github.io/FHIR-FSH-Implementation-Guide/StructureDefinition/version-number"},{"extension":[{"url":"createdAt","valueDateTime":"2015-02-07T13:28:17Z"},{"url":"updatedAt","valueDateTime":"2022-01-01T10:08:10Z"}],"url":"https://science37.github.io/FHIR-FSH-Implementation-Guide/StructureDefinition/resource-create-update-at-datetime"},{"extension":[{"url":"visit-oid","valueString":"Visit OID"},{"url":"visit-id","valueString":"Visit ID"},{"url":"visit-title","valueString":"Visit title"},{"url":"form-id","valueString":"FormId"},{"url":"form-title","valueString":"title"},{"url":"form-version","valueString":"version"},{"url":"form-day0-date-field-id","valueString":"form-day0-date-field-id"},{"url":"form-day0-data-field-name","valueString":"form-day0-date-field-name"}],"url":"https://science37.github.io/FHIR-FSH-Implementation-Guide/StructureDefinition/day-0"}],"url":"https://science37.github.io/FHIR-FSH-Implementation-Guide/PlanDefinition/VisitPlanMasterVisitPlanDefinitionS37Example","version":"1.0.0-S37","name":"MASTER_VISIT_PLAN","status":"active","date":"2022-06-10T18:20:06+00:00","publisher":"Science37","jurisdiction":[{"coding":[{"system":"urn:iso:std:iso:3166","code":"US","display":"United States of America"}]}],"action":[{"definitionUri":"EXPECTED_VISIT_PLAN/e358d87d-d340-43eb-ae17-fabe787cf001"},{"definitionUri":"ALTERNATIVE_VISIT_PLAN/e358d87d-d340-43eb-ae17-fabe787cf002"},{"definitionUri":"UNSCHEDULED_VISIT/e358d87d-d340-43eb-ae17-fabe787cf004"},{"definitionUri":"RECURRING_FORMS_LIST/f358d87d-d340-43eb-ae17-fabe787cf001"},{"definitionUri":"ADHOC_FORMS_LIST/f358d87d-d340-43eb-ae17-fabe787cf001"},{"definitionUri":"ONGOING_FORMS_LIST/f358d87d-d340-43eb-ae17-fabe787cf001"}]}