{"resourceType":"PlanDefinition","id":"AdhocFormsListPlanDefinitionS37Example","meta":{"profile":["https://science37.github.io/FHIR-FSH-Implementation-Guide/StructureDefinition/plandefinition-s37"]},"extension":[{"extension":[{"url":"MASTER_VISIT_PLAN","valueString":"449e0f70-9c78-11eb-a748-70b5e89dfcd9"}],"url":"https://science37.github.io/FHIR-FSH-Implementation-Guide/StructureDefinition/parent-reference"},{"extension":[{"url":"createdAt","valueDateTime":"2015-02-07T13:28:17Z"},{"url":"updatedAt","valueDateTime":"2022-01-01T10:08:10Z"}],"url":"https://science37.github.io/FHIR-FSH-Implementation-Guide/StructureDefinition/resource-create-update-at-datetime"},{"extension":[{"url":"audit-trail-version","valueId":"1.2.2"}],"url":"https://science37.github.io/FHIR-FSH-Implementation-Guide/StructureDefinition/version-number"}],"url":"https://science37.github.io/FHIR-FSH-Implementation-Guide/PlanDefinition/AdhocFormsListPlanDefinitionS37Example","version":"1.0.0-S37","name":"ADHOC_FORMS_LIST","status":"active","date":"2022-05-25T15:25:26+00:00","publisher":"Science37","jurisdiction":[{"coding":[{"system":"urn:iso:std:iso:3166","code":"US","display":"United States of America"}]}],"action":[{"extension":[{"extension":[{"url":"formType","valueString":"ADHOC_FORMS"},{"extension":[{"extension":[{"url":"display-order","valueInteger":1},{"url":"form-id","valueString":"e358d87d-d340-43eb-ae17-fabe787cq011"},{"url":"form-title","valueString":"Site Specific Form nested 1"},{"url":"form-version","valueString":"1.0"},{"url":"form-type","valueString":"ECRF"}],"url":"https://science37.github.io/FHIR-FSH-Implementation-Guide/StructureDefinition/form-config"},{"extension":[{"url":"display-order","valueInteger":2},{"url":"form-id","valueString":"e358d87d-d340-43eb-ae17-fabe787cq012"},{"url":"form-title","valueString":"Site Specific Form nested 2"},{"url":"form-version","valueString":"1.0"},{"url":"form-type","valueString":"EPRO"}],"url":"https://science37.github.io/FHIR-FSH-Implementation-Guide/StructureDefinition/form-config"}],"url":"forms"}],"url":"https://science37.github.io/FHIR-FSH-Implementation-Guide/StructureDefinition/form-collection"}]}]}