{"resourceType":"PlanDefinition","id":"Segment-C","meta":{"profile":["https://science37.github.io/FHIR-FSH-Implementation-Guide/StructureDefinition/Segment"]},"url":"https://science37.github.io/FHIR-FSH-Implementation-Guide/PlanDefinition/Segment-C","version":"1.0.0-S37","name":"SegmentC","status":"active","date":"2022-08-01T20:41:40+00:00","publisher":"Science37","jurisdiction":[{"coding":[{"system":"urn:iso:std:iso:3166","code":"US","display":"United States of America"}]}],"action":[{"id":"visit-787cf1","definitionUri":"PlanDefinition/visit/visit-787cf1"},{"id":"visit-787cf2","relatedAction":[{"actionId":"visit-787cf1","relationship":"after"}],"definitionUri":"PlanDefinition/visit/visit-787cf2"},{"relatedAction":[{"actionId":"visit-787cf2","relationship":"after"}],"definitionUri":"PlanDefinition/visit/visit-787cf3"}]}