{"resourceType":"PlanDefinition","id":"EConsentFormGroupPlanDefinitionS37Example","meta":{"profile":["https://science37.github.io/FHIR-FSH-Implementation-Guide/StructureDefinition/plandefinition-s37"]},"extension":[{"extension":[{"url":"MASTER_VISIT_PLAN","valueString":"449e0f70-9c78-11eb-a748-70b5e89dfcd9"}],"url":"https://science37.github.io/FHIR-FSH-Implementation-Guide/StructureDefinition/parent-reference"},{"extension":[{"url":"createdAt","valueDateTime":"2015-02-07T13:28:17Z"},{"url":"updatedAt","valueDateTime":"2022-01-01T10:08:10Z"}],"url":"https://science37.github.io/FHIR-FSH-Implementation-Guide/StructureDefinition/resource-create-update-at-datetime"},{"extension":[{"url":"audit-trail-version","valueId":"1.2.2"}],"url":"https://science37.github.io/FHIR-FSH-Implementation-Guide/StructureDefinition/version-number"}],"url":"https://science37.github.io/FHIR-FSH-Implementation-Guide/PlanDefinition/EConsentFormGroupPlanDefinitionS37Example","version":"1.0.0-S37","name":"ECONSENT_FORM_GROUP","status":"active","date":"2022-07-27T15:29:27+00:00","publisher":"Science37","jurisdiction":[{"coding":[{"system":"urn:iso:std:iso:3166","code":"US","display":"United States of America"}]}],"action":[{"extension":[{"extension":[{"url":"formType","valueString":"ECONSENT_FORMS"},{"extension":[{"extension":[{"url":"display-order","valueInteger":1},{"url":"form-id","valueString":"e358d87d-d340-43eb-ae17-fabe787cq011"},{"url":"form-title","valueString":"Site Specific Form nested 1"},{"url":"form-version","valueString":"1.0"},{"url":"form-type","valueString":"ECRF"},{"extension":[{"extension":[{"url":"site-name","valueString":"siteA"},{"url":"site-id","valueString":"8112d5e4-76b0-451f-a2bf-4970b271ca61"}],"url":"https://science37.github.io/FHIR-FSH-Implementation-Guide/StructureDefinition/site-config"},{"extension":[{"url":"site-name","valueString":"siteA"},{"url":"site-id","valueString":"8112d5e4-76b0-451f-a2bf-4970b271ca61"}],"url":"https://science37.github.io/FHIR-FSH-Implementation-Guide/StructureDefinition/site-config"}],"url":"site-list"},{"extension":[{"url":"state-code","valueString":"IN"},{"url":"state-code","valueString":"FL"}],"url":"location-restrictions"}],"url":"https://science37.github.io/FHIR-FSH-Implementation-Guide/StructureDefinition/form-config"},{"extension":[{"url":"display-order","valueInteger":2},{"url":"form-id","valueString":"e358d87d-d340-43eb-ae17-fabe787cq012"},{"url":"form-title","valueString":"Site Specific Form nested 2"},{"url":"form-version","valueString":"1.0"},{"url":"form-type","valueString":"EPRO"},{"extension":[{"extension":[{"url":"site-name","valueString":"siteAA"},{"url":"site-id","valueString":"8112d5e4-76b0-451f-a2bf-4970b2aaca61"}],"url":"https://science37.github.io/FHIR-FSH-Implementation-Guide/StructureDefinition/site-config"},{"extension":[{"url":"site-name","valueString":"siteBB"},{"url":"site-id","valueString":"8112d5e4-76b0-451f-a2bf-4970bbb1ca61"}],"url":"https://science37.github.io/FHIR-FSH-Implementation-Guide/StructureDefinition/site-config"}],"url":"site-list"},{"extension":[{"url":"state-code","valueString":"IN"},{"url":"state-code","valueString":"FL"}],"url":"location-restrictions"}],"url":"https://science37.github.io/FHIR-FSH-Implementation-Guide/StructureDefinition/form-config"}],"url":"forms"}],"url":"https://science37.github.io/FHIR-FSH-Implementation-Guide/StructureDefinition/form-collection"}]}]}