{"resourceType":"PlanDefinition","id":"RecurringFormListPlanDefinitionS37Example","meta":{"profile":["https://science37.github.io/FHIR-FSH-Implementation-Guide/StructureDefinition/plandefinition-s37"]},"extension":[{"extension":[{"url":"MASTER_VISIT_PLAN","valueString":"449e0f70-9c78-11eb-a748-70b5e89dfcd9"}],"url":"https://science37.github.io/FHIR-FSH-Implementation-Guide/StructureDefinition/parent-reference"},{"extension":[{"url":"createdAt","valueDateTime":"2015-02-07T13:28:17Z"},{"url":"updatedAt","valueDateTime":"2022-01-01T10:08:10Z"}],"url":"https://science37.github.io/FHIR-FSH-Implementation-Guide/StructureDefinition/resource-create-update-at-datetime"},{"extension":[{"url":"audit-trail-version","valueId":"1.2.2"}],"url":"https://science37.github.io/FHIR-FSH-Implementation-Guide/StructureDefinition/version-number"}],"url":"https://science37.github.io/FHIR-FSH-Implementation-Guide/PlanDefinition/RecurringFormListPlanDefinitionS37Example","version":"1.0.0-S37","name":"RECURRING_FORMS_LIST","status":"active","date":"2022-05-25T15:25:26+00:00","publisher":"Science37","jurisdiction":[{"coding":[{"system":"urn:iso:std:iso:3166","code":"US","display":"United States of America"}]}],"action":[{"extension":[{"extension":[{"url":"display-order","valueInteger":1},{"url":"form-id","valueString":"e358d87d-d340-43eb-ae17-fabe787cq002"},{"url":"form-title","valueString":"Site Specific Form"},{"url":"form-version","valueString":"1.0"},{"url":"form-type","valueString":"EPRO"},{"url":"experation","valueString":"TIME_DAY"},{"url":"allow-multilple-submit","valueBoolean":true},{"extension":[{"extension":[{"url":"site-name","valueString":"siteA"},{"url":"site-id","valueString":"8112d5e4-76b0-451f-a2bf-4970b271ca61"}],"url":"https://science37.github.io/FHIR-FSH-Implementation-Guide/StructureDefinition/site-config"},{"extension":[{"url":"site-name","valueString":"siteB"},{"url":"site-id","valueString":"8112d5e4-76b0-451f-a2bf-4970b271ca62"}],"url":"https://science37.github.io/FHIR-FSH-Implementation-Guide/StructureDefinition/site-config"}],"url":"site-list"},{"extension":[{"extension":[{"url":"military-start-time","valueString":"13:00"},{"url":"military-end-time","valueString":"18:00"}],"url":"https://science37.github.io/FHIR-FSH-Implementation-Guide/StructureDefinition/time-period"}],"url":"time-of-day-type"},{"extension":[{"url":"weekly-on-day","valueString":"TUE,THU,SAT"},{"url":"trigger","valueString":"CONDITION"},{"url":"start-time","valueTime":"18:00:00"},{"url":"end-time","valueTime":"21:00:00"},{"url":"max-occurence","valuePositiveInt":5},{"url":"max-occurence-unit","valueString":"d"},{"url":"delay","valueInteger":0},{"url":"delay-unit","valueString":"d"}],"url":"freqency"},{"extension":[{"url":"conditional-logic-id","valueString":"4297fd21-2140-4a2c-820d-ee567b2ad6c9"},{"url":"conditional-logic-id","valueString":"14b3570b-6634-4448-a6df-02eb8a0a43e3"}],"url":"conditional-reference-list"}],"url":"https://science37.github.io/FHIR-FSH-Implementation-Guide/StructureDefinition/form-config"}],"definitionUri":"Questionnaire/e358d87d-d340-43eb-ae17-fabe787cq0113"},{"extension":[{"extension":[{"url":"display-order","valueInteger":1},{"url":"form-id","valueString":"e358d87d-d340-43eb-ae17-f22e787cq002"},{"url":"form-title","valueString":"Site Specific Form1"},{"url":"form-version","valueString":"1.0"},{"url":"form-type","valueString":"EPRO"},{"url":"experation","valueString":"TIME_DAY"},{"url":"allow-multilple-submit","valueBoolean":true},{"extension":[{"extension":[{"url":"site-name","valueString":"siteA"},{"url":"site-id","valueString":"8112d5e4-76b0-451f-99sd-4970b271ca61"}],"url":"https://science37.github.io/FHIR-FSH-Implementation-Guide/StructureDefinition/site-config"},{"extension":[{"url":"site-name","valueString":"siteB"},{"url":"site-id","valueString":"8112d5e4-76b0-451f-ss8s-4970b271ca62"}],"url":"https://science37.github.io/FHIR-FSH-Implementation-Guide/StructureDefinition/site-config"}],"url":"site-list"},{"extension":[{"extension":[{"url":"military-start-time","valueString":"10:00"},{"url":"military-end-time","valueString":"16:00"}],"url":"https://science37.github.io/FHIR-FSH-Implementation-Guide/StructureDefinition/time-period"}],"url":"time-of-day-type"},{"extension":[{"url":"weekly-on-day","valueString":"TUE,THU,SAT"},{"url":"trigger","valueString":"CONDITION"},{"url":"start-time","valueTime":"12:00:00"},{"url":"end-time","valueTime":"20:00:00"},{"url":"max-occurence","valuePositiveInt":2},{"url":"max-occurence-unit","valueString":"d"},{"url":"delay","valueInteger":1},{"url":"delay-unit","valueString":"d"}],"url":"freqency"},{"extension":[{"url":"conditional-logic-id","valueString":"4297fd21-2140-4a2c-820d-ee567b2ad6c9"},{"url":"conditional-logic-id","valueString":"14b3570b-6634-4448-a6df-02eb8a0a43e3"}],"url":"conditional-reference-list"}],"url":"https://science37.github.io/FHIR-FSH-Implementation-Guide/StructureDefinition/form-config"}],"definitionUri":"Questionnaire/e358d87d-d340-43eb-ae17-fabe787cq2213"}]}