{"resourceType":"Questionnaire","id":"Questionnaire-Item-Extension-Example-RatingScale-V2","meta":{"profile":["https://science37.github.io/FHIR-FSH-Implementation-Guide/StructureDefinition/questionnaire-s37"]},"text":{"status":"generated","div":"<div xmlns=\"http://www.w3.org/1999/xhtml\"><table border=\"1\" cellpadding=\"0\" cellspacing=\"0\" style=\"border: 1px #F0F0F0 solid; font-size: 11px; font-family: verdana; vertical-align: top;\"><tr style=\"border: 2px #F0F0F0 solid; font-size: 11px; font-family: verdana; vertical-align: top\"><th style=\"vertical-align: top; text-align : left; background-color: white; border: 1px #F0F0F0 solid; padding:0px 4px 0px 4px\" class=\"hierarchy\"><a href=\"http://hl7.org/fhir/R4/formats.html#table\" title=\"The linkId for the item\">LinkId</a></th><th style=\"vertical-align: top; text-align : left; background-color: white; border: 1px #F0F0F0 solid; padding:0px 4px 0px 4px\" class=\"hierarchy\"><a href=\"http://hl7.org/fhir/R4/formats.html#table\" title=\"Text for the item\">Text</a></th><th style=\"vertical-align: top; text-align : left; background-color: white; border: 1px #F0F0F0 solid; padding:0px 4px 0px 4px\" class=\"hierarchy\"><a href=\"http://hl7.org/fhir/R4/formats.html#table\" title=\"Minimum and Maximum # of times the the itemcan appear in the instance\">Cardinality</a></th><th style=\"vertical-align: top; text-align : left; background-color: white; border: 1px #F0F0F0 solid; padding:0px 4px 0px 4px\" class=\"hierarchy\"><a href=\"http://hl7.org/fhir/R4/formats.html#table\" title=\"The type of the item\">Type</a></th><th style=\"vertical-align: top; text-align : left; background-color: white; border: 1px #F0F0F0 solid; padding:0px 4px 0px 4px\" class=\"hierarchy\"><a href=\"http://hl7.org/fhir/R4/formats.html#table\" title=\"Additional information about the item\">Description &amp; Constraints</a><span style=\"float: right\"><a href=\"http://hl7.org/fhir/R4/formats.html#table\" title=\"Legend for this format\"><img src=\"http://hl7.org/fhir/R4/help16.png\" alt=\"doco\" style=\"background-color: inherit\"/></a></span></th></tr><tr style=\"border: 1px #F0F0F0 solid; padding:0px; vertical-align: top; background-color: white\"><td style=\"vertical-align: top; text-align : left; background-color: white; border: 1px #F0F0F0 solid; padding:0px 4px 0px 4px; white-space: nowrap; background-image: url(tbl_bck1.png)\" class=\"hierarchy\"><img src=\"tbl_spacer.png\" alt=\".\" style=\"background-color: inherit\" class=\"hierarchy\"/><img src=\"icon_q_root.gif\" alt=\".\" style=\"background-color: white; background-color: inherit\" title=\"QuestionnaireRoot\" class=\"hierarchy\"/> Example : Questionnaire.Item RatingScale-V2</td><td style=\"vertical-align: top; text-align : left; background-color: white; border: 1px #F0F0F0 solid; padding:0px 4px 0px 4px\" class=\"hierarchy\"/><td style=\"vertical-align: top; text-align : left; background-color: white; border: 1px #F0F0F0 solid; padding:0px 4px 0px 4px\" class=\"hierarchy\"></td><td style=\"vertical-align: top; text-align : left; background-color: white; border: 1px #F0F0F0 solid; padding:0px 4px 0px 4px\" class=\"hierarchy\">Questionnaire</td><td style=\"vertical-align: top; text-align : left; background-color: white; border: 1px #F0F0F0 solid; padding:0px 4px 0px 4px\" class=\"hierarchy\">https://science37.github.io/FHIR-FSH-Implementation-Guide/Questionnaire/Questionnaire-Item-Extension-Example-RatingScale-V2#1.0.0-S37</td></tr>\r\n<tr style=\"border: 1px #F0F0F0 solid; padding:0px; vertical-align: top; background-color: #F7F7F7\"><td style=\"vertical-align: top; text-align : left; background-color: #F7F7F7; border: 1px #F0F0F0 solid; padding:0px 4px 0px 4px; white-space: nowrap; background-image: url(tbl_bck00.png)\" id=\"item.__S37-form-fields-6qupvhtl05b\" class=\"hierarchy\"><img src=\"tbl_spacer.png\" alt=\".\" style=\"background-color: inherit\" class=\"hierarchy\"/><img src=\"tbl_vjoin_end.png\" alt=\".\" style=\"background-color: inherit\" class=\"hierarchy\"/><img src=\"icon-q-group.png\" alt=\".\" style=\"background-color: #F7F7F7; background-color: inherit\" title=\"Group\" class=\"hierarchy\"/> __S37-form-fields-6qupvhtl05b</td><td style=\"vertical-align: top; text-align : left; background-color: #F7F7F7; border: 1px #F0F0F0 solid; padding:0px 4px 0px 4px\" class=\"hierarchy\">&lt;p style=&quot;text-align:left;&quot;&gt;&lt;strong&gt;NRS_LABEL&lt;/strong&gt;&lt;/p&gt;</td><td style=\"vertical-align: top; text-align : left; background-color: #F7F7F7; border: 1px #F0F0F0 solid; padding:0px 4px 0px 4px\" class=\"hierarchy\">1..1</td><td style=\"vertical-align: top; text-align : left; background-color: #F7F7F7; border: 1px #F0F0F0 solid; padding:0px 4px 0px 4px\" class=\"hierarchy\"><a href=\"http://hl7.org/fhir/R4/codesystem-item-type.html#item-type-question\">question</a></td><td style=\"vertical-align: top; text-align : left; background-color: #F7F7F7; border: 1px #F0F0F0 solid; padding:0px 4px 0px 4px\" class=\"hierarchy\">Definition: https://science37.com/NG/widget/id/ratingscale/version/2.3</td></tr>\r\n<tr><td colspan=\"5\" class=\"hierarchy\"><br/><a href=\"http://hl7.org/fhir/R4/formats.html#table\" title=\"Legend for this format\"><img src=\"http://hl7.org/fhir/R4/help16.png\" alt=\"doco\" style=\"background-color: inherit\"/> Documentation for this format</a></td></tr></table></div>"},"url":"https://science37.github.io/FHIR-FSH-Implementation-Guide/Questionnaire/Questionnaire-Item-Extension-Example-RatingScale-V2","identifier":[{"value":"Form ID"}],"version":"1.0.0-S37","name":"Example : Questionnaire.Item RatingScale-V2","title":"Example : Questionnaire.Item RatingScale-V2","status":"draft","subjectType":["Patient"],"date":"2022-05-03T12:17:31+00:00","publisher":"Science37","jurisdiction":[{"coding":[{"system":"urn:iso:std:iso:3166","code":"US","display":"United States of America"}]}],"item":[{"extension":[{"url":"http://hl7.org/fhir/StructureDefinition/questionnaire-hidden","valueBoolean":false},{"url":"https://science37.github.io/FHIR-FSH-Implementation-Guide/StructureDefinition/observation-extract","valueBoolean":true},{"url":"http://hl7.org/fhir/StructureDefinition/questionnaire-itemControl","valueCodeableConcept":{"coding":[{"system":"http://hl7.org/fhir/questionnaire-item-control","code":"rating-scale","display":"rating-scale"}],"text":"rating-scale"}},{"url":"http://hl7.org/fhir/StructureDefinition/minValue","valueInteger":11},{"url":"http://hl7.org/fhir/StructureDefinition/maxValue","valueInteger":1100},{"extension":[{"url":"version","valueId":"1.0.1-Rating-ScaleVersion"}],"url":"https://science37.github.io/FHIR-FSH-Implementation-Guide/StructureDefinition/item-settings"},{"extension":[{"url":"id","valueString":"sponsorVariable"},{"url":"value","valueString":"NRS_OID"}],"url":"https://science37.github.io/FHIR-FSH-Implementation-Guide/StructureDefinition/item-rendering-settings"},{"extension":[{"url":"id","valueString":"linkId"},{"url":"value","valueString":"__S37-form-fields-6qupvhtl05b"}],"url":"https://science37.github.io/FHIR-FSH-Implementation-Guide/StructureDefinition/item-rendering-settings"},{"extension":[{"url":"id","valueString":"title"},{"url":"value","valueString":"NRS_TITLE"}],"url":"https://science37.github.io/FHIR-FSH-Implementation-Guide/StructureDefinition/item-rendering-settings"},{"extension":[{"url":"id","valueString":"label"},{"url":"value","valueString":"<p style=\"text-align:left;\"><strong>NRS_LABEL</strong></p>"}],"url":"https://science37.github.io/FHIR-FSH-Implementation-Guide/StructureDefinition/item-rendering-settings"},{"extension":[{"url":"id","valueString":"standardVariable"},{"url":"value","valueString":"NRS_STD_VAR"}],"url":"https://science37.github.io/FHIR-FSH-Implementation-Guide/StructureDefinition/item-rendering-settings"},{"extension":[{"url":"id","valueString":"description"},{"url":"value","valueString":"NRS_DESC"}],"url":"https://science37.github.io/FHIR-FSH-Implementation-Guide/StructureDefinition/item-rendering-settings"},{"extension":[{"url":"id","valueString":"version"},{"url":"value","valueString":"1"}],"url":"https://science37.github.io/FHIR-FSH-Implementation-Guide/StructureDefinition/item-rendering-settings"},{"extension":[{"url":"id","valueString":"required"},{"url":"value","valueString":"false"}],"url":"https://science37.github.io/FHIR-FSH-Implementation-Guide/StructureDefinition/item-rendering-settings"},{"extension":[{"url":"id","valueString":"minValue"},{"url":"value","valueString":"0"}],"url":"https://science37.github.io/FHIR-FSH-Implementation-Guide/StructureDefinition/item-rendering-settings"},{"extension":[{"url":"id","valueString":"maxValue"},{"url":"value","valueString":"10"}],"url":"https://science37.github.io/FHIR-FSH-Implementation-Guide/StructureDefinition/item-rendering-settings"},{"extension":[{"url":"id","valueString":"fromText"},{"url":"value","valueString":"2"}],"url":"https://science37.github.io/FHIR-FSH-Implementation-Guide/StructureDefinition/item-rendering-settings"},{"extension":[{"url":"id","valueString":"toText"},{"url":"value","valueString":"100"}],"url":"https://science37.github.io/FHIR-FSH-Implementation-Guide/StructureDefinition/item-rendering-settings"},{"extension":[{"url":"id","valueString":"naOption"},{"url":"value","valueString":"true"}],"url":"https://science37.github.io/FHIR-FSH-Implementation-Guide/StructureDefinition/item-rendering-settings"},{"extension":[{"url":"id","valueString":"naLabel"},{"url":"value","valueString":"N/A Label"}],"url":"https://science37.github.io/FHIR-FSH-Implementation-Guide/StructureDefinition/item-rendering-settings"}],"linkId":"__S37-form-fields-6qupvhtl05b","definition":"https://science37.com/NG/widget/id/ratingscale/version/2.3","text":"<p style=\"text-align:left;\"><strong>NRS_LABEL</strong></p>","type":"question","required":true}]}