{"resourceType":"Questionnaire","id":"Questionnaire-Item-Extension-Example-MultiSelect","meta":{"profile":["https://science37.github.io/FHIR-FSH-Implementation-Guide/StructureDefinition/questionnaire-s37"]},"text":{"status":"generated","div":"<div xmlns=\"http://www.w3.org/1999/xhtml\"><b>Structure</b><table border=\"1\" cellpadding=\"0\" cellspacing=\"0\" style=\"border: 1px #F0F0F0 solid; font-size: 11px; font-family: verdana; vertical-align: top;\"><tr style=\"border: 2px #F0F0F0 solid; font-size: 11px; font-family: verdana; vertical-align: top\"><th style=\"vertical-align: top; text-align : left; background-color: white; border: 1px #F0F0F0 solid; padding:0px 4px 0px 4px\" class=\"hierarchy\"><a href=\"http://hl7.org/fhir/R4/formats.html#table\" title=\"The linkId for the item\">LinkId</a></th><th style=\"vertical-align: top; text-align : left; background-color: white; border: 1px #F0F0F0 solid; padding:0px 4px 0px 4px\" class=\"hierarchy\"><a href=\"http://hl7.org/fhir/R4/formats.html#table\" title=\"Text for the item\">Text</a></th><th style=\"vertical-align: top; text-align : left; background-color: white; border: 1px #F0F0F0 solid; padding:0px 4px 0px 4px\" class=\"hierarchy\"><a href=\"http://hl7.org/fhir/R4/formats.html#table\" title=\"Minimum and Maximum # of times the the itemcan appear in the instance\">Cardinality</a></th><th style=\"vertical-align: top; text-align : left; background-color: white; border: 1px #F0F0F0 solid; padding:0px 4px 0px 4px\" class=\"hierarchy\"><a href=\"http://hl7.org/fhir/R4/formats.html#table\" title=\"The type of the item\">Type</a></th><th style=\"vertical-align: top; text-align : left; background-color: white; border: 1px #F0F0F0 solid; padding:0px 4px 0px 4px\" class=\"hierarchy\"><a href=\"http://hl7.org/fhir/R4/formats.html#table\" title=\"Additional information about the item\">Description &amp; Constraints</a><span style=\"float: right\"><a href=\"http://hl7.org/fhir/R4/formats.html#table\" title=\"Legend for this format\"><img src=\"http://hl7.org/fhir/R4/help16.png\" alt=\"doco\" style=\"background-color: inherit\"/></a></span></th></tr><tr style=\"border: 1px #F0F0F0 solid; padding:0px; vertical-align: top; background-color: white\"><td style=\"vertical-align: top; text-align : left; background-color: white; border: 1px #F0F0F0 solid; padding:0px 4px 0px 4px; white-space: nowrap; background-image: url(tbl_bck1.png)\" class=\"hierarchy\"><img src=\"tbl_spacer.png\" alt=\".\" style=\"background-color: inherit\" class=\"hierarchy\"/><img src=\"icon_q_root.gif\" alt=\".\" style=\"background-color: white; background-color: inherit\" title=\"QuestionnaireRoot\" class=\"hierarchy\"/> Example : Questionnaire.Item MultiSelect</td><td style=\"vertical-align: top; text-align : left; background-color: white; border: 1px #F0F0F0 solid; padding:0px 4px 0px 4px\" class=\"hierarchy\"/><td style=\"vertical-align: top; text-align : left; background-color: white; border: 1px #F0F0F0 solid; padding:0px 4px 0px 4px\" class=\"hierarchy\"></td><td style=\"vertical-align: top; text-align : left; background-color: white; border: 1px #F0F0F0 solid; padding:0px 4px 0px 4px\" class=\"hierarchy\">Questionnaire</td><td style=\"vertical-align: top; text-align : left; background-color: white; border: 1px #F0F0F0 solid; padding:0px 4px 0px 4px\" class=\"hierarchy\">https://science37.github.io/FHIR-FSH-Implementation-Guide/Questionnaire/Questionnaire-Item-Extension-Example-MultiSelect#1.0.0-S37</td></tr>\r\n<tr style=\"border: 1px #F0F0F0 solid; padding:0px; vertical-align: top; background-color: #F7F7F7\"><td style=\"vertical-align: top; text-align : left; background-color: #F7F7F7; border: 1px #F0F0F0 solid; padding:0px 4px 0px 4px; white-space: nowrap; background-image: url(tbl_bck00.png)\" id=\"item.__S37-form-fields-fe09fa6etoe32w9s\" class=\"hierarchy\"><img src=\"tbl_spacer.png\" alt=\".\" style=\"background-color: inherit\" class=\"hierarchy\"/><img src=\"tbl_vjoin_end.png\" alt=\".\" style=\"background-color: inherit\" class=\"hierarchy\"/><img src=\"icon-q-coding.png\" alt=\".\" style=\"background-color: #F7F7F7; background-color: inherit\" title=\"Coding\" class=\"hierarchy\"/> __S37-form-fields-fe09fa6etoe32w9s</td><td style=\"vertical-align: top; text-align : left; background-color: #F7F7F7; border: 1px #F0F0F0 solid; padding:0px 4px 0px 4px\" class=\"hierarchy\">&lt;p style=&quot;text-align:left;&quot;&gt;&lt;strong&gt;What is you current mood?&lt;/strong&gt;&lt;/p&gt;</td><td style=\"vertical-align: top; text-align : left; background-color: #F7F7F7; border: 1px #F0F0F0 solid; padding:0px 4px 0px 4px\" class=\"hierarchy\">1..*</td><td style=\"vertical-align: top; text-align : left; background-color: #F7F7F7; border: 1px #F0F0F0 solid; padding:0px 4px 0px 4px\" class=\"hierarchy\"><a href=\"http://hl7.org/fhir/R4/codesystem-item-type.html#item-type-choice\">choice</a></td><td style=\"vertical-align: top; text-align : left; background-color: #F7F7F7; border: 1px #F0F0F0 solid; padding:0px 4px 0px 4px\" class=\"hierarchy\">Definition: https://science37.com/NG/widget/id/MultiSelect/version/2.3<br/>Options: <a href=\"#opt-item.__S37-form-fields-fe09fa6etoe32w9s\">4 options</a><br/>Initial Value: string = 554</td></tr>\r\n<tr><td colspan=\"5\" class=\"hierarchy\"><br/><a href=\"http://hl7.org/fhir/R4/formats.html#table\" title=\"Legend for this format\"><img src=\"http://hl7.org/fhir/R4/help16.png\" alt=\"doco\" style=\"background-color: inherit\"/> Documentation for this format</a></td></tr></table><hr/><p><b>Option Sets</b></p><a name=\"opt-item.__S37-form-fields-fe09fa6etoe32w9s\"> </a><p><b>Answer options for __S37-form-fields-fe09fa6etoe32w9s</b></p><ul><li style=\"font-size: 11px\">urn:uuid:53fefa32-fcbb-4ff8-8a92-55ee120877b7#1 (&quot;1&quot;)</li><li style=\"font-size: 11px\">urn:uuid:53fefa32-fcbb-4ff8-8a92-55ee120877b7#2 (&quot;2&quot;)</li><li style=\"font-size: 11px\">urn:uuid:53fefa32-fcbb-4ff8-8a92-55ee120877b7#3 (&quot;3&quot;)</li><li style=\"font-size: 11px\">urn:uuid:53fefa32-fcbb-4ff8-8a92-55ee120877b7#554 (&quot;554&quot;)</li></ul></div>"},"url":"https://science37.github.io/FHIR-FSH-Implementation-Guide/Questionnaire/Questionnaire-Item-Extension-Example-MultiSelect","identifier":[{"value":"Form ID"}],"version":"1.0.0-S37","name":"Example : Questionnaire.Item MultiSelect","title":"Example : Questionnaire.Item MultiSelect","status":"draft","subjectType":["Patient"],"date":"2022-04-27T18:54:13+00:00","publisher":"Science37","jurisdiction":[{"coding":[{"system":"urn:iso:std:iso:3166","code":"US","display":"United States of America"}]}],"item":[{"extension":[{"url":"http://hl7.org/fhir/StructureDefinition/questionnaire-hidden","valueBoolean":false},{"url":"https://science37.github.io/FHIR-FSH-Implementation-Guide/StructureDefinition/observation-extract","valueBoolean":true},{"url":"http://hl7.org/fhir/StructureDefinition/questionnaire-itemControl","valueCodeableConcept":{"coding":[{"system":"http://hl7.org/fhir/questionnaire-item-control","code":"drop-down","display":"Drop Down"}],"text":"drop-down"}},{"extension":[{"url":"version","valueId":"1.0.1-MultiSelect-Version"},{"url":"OID","valueString":"MultiSelect_OID"},{"url":"title","valueString":"MultiSelect_TITLE"},{"url":"variableName","valueString":"NOT Assigned by DD"},{"url":"standardVariable","valueString":"MultiSelect_STD_VAR"},{"url":"fieldCode","valueString":"NOT Assigned by DD"},{"url":"description","valueString":"MultiSelect_DESC"},{"url":"maxLength","valueInteger":254}],"url":"https://science37.github.io/FHIR-FSH-Implementation-Guide/StructureDefinition/item-settings"}],"linkId":"__S37-form-fields-fe09fa6etoe32w9s","definition":"https://science37.com/NG/widget/id/MultiSelect/version/2.3","text":"<p style=\"text-align:left;\"><strong>What is you current mood?</strong></p>","type":"choice","required":true,"repeats":true,"answerOption":[{"valueCoding":{"system":"urn:uuid:53fefa32-fcbb-4ff8-8a92-55ee120877b7","code":"1","display":"1"}},{"valueCoding":{"system":"urn:uuid:53fefa32-fcbb-4ff8-8a92-55ee120877b7","code":"2","display":"2"}},{"valueCoding":{"system":"urn:uuid:53fefa32-fcbb-4ff8-8a92-55ee120877b7","code":"3","display":"3"}},{"valueCoding":{"system":"urn:uuid:53fefa32-fcbb-4ff8-8a92-55ee120877b7","code":"554","display":"554"}}],"initial":[{"valueString":"554"}]}]}