{
  "resourceType": "PlanDefinition",
  "id": "VisitPlanMasterVisitPlanDefinitionS37Example",
  "meta": {
    "profile": [
      "https://science37.github.io/FHIR-FSH-Implementation-Guide/StructureDefinition/plandefinition-s37"
    ]
  },
  "text": {
    "status": "extensions",
    "div": "<div xmlns=\"http://www.w3.org/1999/xhtml\"><p><b>Generated Narrative</b></p><div style=\"display: inline-block; background-color: #d9e0e7; padding: 6px; margin: 4px; border: 1px solid #8da1b4; border-radius: 5px; line-height: 60%\"><p style=\"margin-bottom: 0px\">Resource \"VisitPlanMasterVisitPlanDefinitionS37Example\" </p><p style=\"margin-bottom: 0px\">Profile: <a href=\"StructureDefinition-plandefinition-s37.html\">Profile : PlanDefinitionS37</a></p></div><blockquote><p><b>Extension : Parent Reference</b></p><p><b>value</b>: 449e0f70-9c78-11eb-a748-70b5e89dfcd9</p><p><b>value</b>: 449e0f70-9c78-11eb-a748-70b5e89dfcsd9</p><p><b>value</b>: 449e0f70-9c78-11eb-a748-70b5e89dsfcd9</p></blockquote><p><b>Extension : Protocal Version</b>: 13.5</p><blockquote><p><b>Extension : Version Number</b></p><p><b>value</b>: 1.2.2</p><p><b>value</b>: 1.2.2</p></blockquote><blockquote><p><b>Extension : ResourceCreateUpdateAtDateTime</b></p><p><b>value</b>: 2015-02-07 01:28:17+0000</p><p><b>value</b>: 2022-01-01 10:08:10+0000</p></blockquote><blockquote><p><b>Extension : Day Zero</b></p><p><b>value</b>: Visit OID</p><p><b>value</b>: Visit ID</p><p><b>value</b>: Visit title</p><p><b>value</b>: FormId</p><p><b>value</b>: title</p><p><b>value</b>: version</p><p><b>value</b>: form-day0-date-field-id</p><p><b>value</b>: form-day0-date-field-name</p></blockquote><p><b>url</b>: <code>https://science37.github.io/FHIR-FSH-Implementation-Guide/PlanDefinition/VisitPlanMasterVisitPlanDefinitionS37Example</code></p><p><b>version</b>: 1.0.0-S37</p><p><b>name</b>: MASTER_VISIT_PLAN</p><p><b>status</b>: active</p><p><b>date</b>: 2022-05-25 05:52:37+0000</p><p><b>publisher</b>: Science37</p><p><b>jurisdiction</b>: United States of America <span style=\"background: LightGoldenRodYellow; margin: 4px; border: 1px solid khaki\"> (unknown#US)</span></p><blockquote><p><b>action</b></p><p><b>definition</b>: <code>EXPECTED_VISIT_PLAN/e358d87d-d340-43eb-ae17-fabe787cf001</code></p></blockquote><blockquote><p><b>action</b></p><p><b>definition</b>: <code>ALTERNATIVE_VISIT_PLAN/e358d87d-d340-43eb-ae17-fabe787cf002</code></p></blockquote><blockquote><p><b>action</b></p><p><b>definition</b>: <code>UNSCHEDULED_VISIT/e358d87d-d340-43eb-ae17-fabe787cf004</code></p></blockquote><blockquote><p><b>action</b></p><p><b>definition</b>: <code>RECURRING_FORMS_LIST/f358d87d-d340-43eb-ae17-fabe787cf001</code></p></blockquote><blockquote><p><b>action</b></p><p><b>definition</b>: <code>ADHOC_FORMS_LIST/f358d87d-d340-43eb-ae17-fabe787cf001</code></p></blockquote><blockquote><p><b>action</b></p><p><b>definition</b>: <code>ONGOING_FORMS_LIST/f358d87d-d340-43eb-ae17-fabe787cf001</code></p></blockquote></div>"
  },
  "extension": [
    {
      "extension": [
        {
          "url": "MASTER_VISIT_PLAN",
          "valueString": "449e0f70-9c78-11eb-a748-70b5e89dfcd9"
        },
        {
          "url": "EXPECTED_VISIT_PLAN",
          "valueString": "449e0f70-9c78-11eb-a748-70b5e89dfcsd9"
        },
        {
          "url": "VISIT",
          "valueString": "449e0f70-9c78-11eb-a748-70b5e89dsfcd9"
        }
      ],
      "url": "https://science37.github.io/FHIR-FSH-Implementation-Guide/StructureDefinition/parent-reference"
    },
    {
      "url": "https://science37.github.io/FHIR-FSH-Implementation-Guide/StructureDefinition/protocal-version",
      "valueId": "13.5"
    },
    {
      "extension": [
        {
          "url": "version-number",
          "valueId": "1.2.2"
        },
        {
          "url": "audit-trail-version",
          "valueId": "1.2.2"
        }
      ],
      "url": "https://science37.github.io/FHIR-FSH-Implementation-Guide/StructureDefinition/version-number"
    },
    {
      "extension": [
        {
          "url": "createdAt",
          "valueDateTime": "2015-02-07T13:28:17Z"
        },
        {
          "url": "updatedAt",
          "valueDateTime": "2022-01-01T10:08:10Z"
        }
      ],
      "url": "https://science37.github.io/FHIR-FSH-Implementation-Guide/StructureDefinition/resource-create-update-at-datetime"
    },
    {
      "extension": [
        {
          "url": "visit-oid",
          "valueString": "Visit OID"
        },
        {
          "url": "visit-id",
          "valueString": "Visit ID"
        },
        {
          "url": "visit-title",
          "valueString": "Visit title"
        },
        {
          "url": "form-id",
          "valueString": "FormId"
        },
        {
          "url": "form-title",
          "valueString": "title"
        },
        {
          "url": "form-version",
          "valueString": "version"
        },
        {
          "url": "form-day0-date-field-id",
          "valueString": "form-day0-date-field-id"
        },
        {
          "url": "form-day0-data-field-name",
          "valueString": "form-day0-date-field-name"
        }
      ],
      "url": "https://science37.github.io/FHIR-FSH-Implementation-Guide/StructureDefinition/day-0"
    }
  ],
  "url": "https://science37.github.io/FHIR-FSH-Implementation-Guide/PlanDefinition/VisitPlanMasterVisitPlanDefinitionS37Example",
  "version": "1.0.0-S37",
  "name": "MASTER_VISIT_PLAN",
  "status": "active",
  "date": "2022-05-25T17:52:37+00:00",
  "publisher": "Science37",
  "jurisdiction": [
    {
      "coding": [
        {
          "system": "urn:iso:std:iso:3166",
          "code": "US",
          "display": "United States of America"
        }
      ]
    }
  ],
  "action": [
    {
      "definitionUri": "EXPECTED_VISIT_PLAN/e358d87d-d340-43eb-ae17-fabe787cf001"
    },
    {
      "definitionUri": "ALTERNATIVE_VISIT_PLAN/e358d87d-d340-43eb-ae17-fabe787cf002"
    },
    {
      "definitionUri": "UNSCHEDULED_VISIT/e358d87d-d340-43eb-ae17-fabe787cf004"
    },
    {
      "definitionUri": "RECURRING_FORMS_LIST/f358d87d-d340-43eb-ae17-fabe787cf001"
    },
    {
      "definitionUri": "ADHOC_FORMS_LIST/f358d87d-d340-43eb-ae17-fabe787cf001"
    },
    {
      "definitionUri": "ONGOING_FORMS_LIST/f358d87d-d340-43eb-ae17-fabe787cf001"
    }
  ]
}