{
  "resourceType": "PlanDefinition",
  "id": "EConsentFormGroupPlanDefinitionS37Example",
  "meta": {
    "profile": [
      "https://science37.github.io/FHIR-FSH-Implementation-Guide/StructureDefinition/plandefinition-s37"
    ]
  },
  "text": {
    "status": "extensions",
    "div": "<div xmlns=\"http://www.w3.org/1999/xhtml\"><p><b>Generated Narrative</b></p><div style=\"display: inline-block; background-color: #d9e0e7; padding: 6px; margin: 4px; border: 1px solid #8da1b4; border-radius: 5px; line-height: 60%\"><p style=\"margin-bottom: 0px\">Resource \"EConsentFormGroupPlanDefinitionS37Example\" </p><p style=\"margin-bottom: 0px\">Profile: <a href=\"StructureDefinition-plandefinition-s37.html\">Profile : PlanDefinitionS37</a></p></div><blockquote><p><b>Extension : ActivityDefinition|PlanDefinition - Parent Reference</b></p><p><b>value</b>: 449e0f70-9c78-11eb-a748-70b5e89dfcd9</p></blockquote><blockquote><p><b>Extension : ActivityDefinition|PlanDefinition|Questionnaire - ResourceCreateUpdateAtDateTime</b></p><p><b>value</b>: 2015-02-07 01:28:17+0000</p><p><b>value</b>: 2022-01-01 10:08:10+0000</p></blockquote><blockquote><p><b>Extension : ActivityDefinition|PlanDefinition - Version Number</b></p><p><b>value</b>: 1.2.2</p></blockquote><p><b>url</b>: <code>https://science37.github.io/FHIR-FSH-Implementation-Guide/PlanDefinition/EConsentFormGroupPlanDefinitionS37Example</code></p><p><b>version</b>: 1.0.0-S37</p><p><b>name</b>: ECONSENT_FORM_GROUP</p><p><b>status</b>: active</p><p><b>date</b>: 2022-07-27 04:10:03+0000</p><p><b>publisher</b>: Science37</p><p><b>jurisdiction</b>: United States of America <span style=\"background: LightGoldenRodYellow; margin: 4px; border: 1px solid khaki\"> (unknown#US)</span></p><h3>Actions</h3><table class=\"grid\"><tr><td>-</td><td><b>Extension</b></td></tr><tr><td>*</td><td></td></tr></table></div>"
  },
  "extension": [
    {
      "extension": [
        {
          "url": "MASTER_VISIT_PLAN",
          "valueString": "449e0f70-9c78-11eb-a748-70b5e89dfcd9"
        }
      ],
      "url": "https://science37.github.io/FHIR-FSH-Implementation-Guide/StructureDefinition/parent-reference"
    },
    {
      "extension": [
        {
          "url": "createdAt",
          "valueDateTime": "2015-02-07T13:28:17Z"
        },
        {
          "url": "updatedAt",
          "valueDateTime": "2022-01-01T10:08:10Z"
        }
      ],
      "url": "https://science37.github.io/FHIR-FSH-Implementation-Guide/StructureDefinition/resource-create-update-at-datetime"
    },
    {
      "extension": [
        {
          "url": "audit-trail-version",
          "valueId": "1.2.2"
        }
      ],
      "url": "https://science37.github.io/FHIR-FSH-Implementation-Guide/StructureDefinition/version-number"
    }
  ],
  "url": "https://science37.github.io/FHIR-FSH-Implementation-Guide/PlanDefinition/EConsentFormGroupPlanDefinitionS37Example",
  "version": "1.0.0-S37",
  "name": "ECONSENT_FORM_GROUP",
  "status": "active",
  "date": "2022-07-27T16:10:03+00:00",
  "publisher": "Science37",
  "jurisdiction": [
    {
      "coding": [
        {
          "system": "urn:iso:std:iso:3166",
          "code": "US",
          "display": "United States of America"
        }
      ]
    }
  ],
  "action": [
    {
      "extension": [
        {
          "extension": [
            {
              "url": "formType",
              "valueString": "ECONSENT_FORMS"
            },
            {
              "extension": [
                {
                  "extension": [
                    {
                      "url": "display-order",
                      "valueInteger": 1
                    },
                    {
                      "url": "form-id",
                      "valueString": "e358d87d-d340-43eb-ae17-fabe787cq011"
                    },
                    {
                      "url": "form-title",
                      "valueString": "Site Specific Form nested 1"
                    },
                    {
                      "url": "form-version",
                      "valueString": "1.0"
                    },
                    {
                      "url": "form-type",
                      "valueString": "ECRF"
                    },
                    {
                      "extension": [
                        {
                          "extension": [
                            {
                              "url": "site-name",
                              "valueString": "siteA"
                            },
                            {
                              "url": "site-id",
                              "valueString": "8112d5e4-76b0-451f-a2bf-4970b271ca61"
                            }
                          ],
                          "url": "https://science37.github.io/FHIR-FSH-Implementation-Guide/StructureDefinition/site-config"
                        },
                        {
                          "extension": [
                            {
                              "url": "site-name",
                              "valueString": "siteA"
                            },
                            {
                              "url": "site-id",
                              "valueString": "8112d5e4-76b0-451f-a2bf-4970b271ca61"
                            }
                          ],
                          "url": "https://science37.github.io/FHIR-FSH-Implementation-Guide/StructureDefinition/site-config"
                        }
                      ],
                      "url": "site-list"
                    },
                    {
                      "extension": [
                        {
                          "url": "state-code",
                          "valueString": "IN"
                        },
                        {
                          "url": "state-code",
                          "valueString": "FL"
                        }
                      ],
                      "url": "location-restrictions"
                    }
                  ],
                  "url": "https://science37.github.io/FHIR-FSH-Implementation-Guide/StructureDefinition/form-config"
                },
                {
                  "extension": [
                    {
                      "url": "display-order",
                      "valueInteger": 2
                    },
                    {
                      "url": "form-id",
                      "valueString": "e358d87d-d340-43eb-ae17-fabe787cq012"
                    },
                    {
                      "url": "form-title",
                      "valueString": "Site Specific Form nested 2"
                    },
                    {
                      "url": "form-version",
                      "valueString": "1.0"
                    },
                    {
                      "url": "form-type",
                      "valueString": "EPRO"
                    },
                    {
                      "extension": [
                        {
                          "extension": [
                            {
                              "url": "site-name",
                              "valueString": "siteAA"
                            },
                            {
                              "url": "site-id",
                              "valueString": "8112d5e4-76b0-451f-a2bf-4970b2aaca61"
                            }
                          ],
                          "url": "https://science37.github.io/FHIR-FSH-Implementation-Guide/StructureDefinition/site-config"
                        },
                        {
                          "extension": [
                            {
                              "url": "site-name",
                              "valueString": "siteBB"
                            },
                            {
                              "url": "site-id",
                              "valueString": "8112d5e4-76b0-451f-a2bf-4970bbb1ca61"
                            }
                          ],
                          "url": "https://science37.github.io/FHIR-FSH-Implementation-Guide/StructureDefinition/site-config"
                        }
                      ],
                      "url": "site-list"
                    },
                    {
                      "extension": [
                        {
                          "url": "state-code",
                          "valueString": "IN"
                        },
                        {
                          "url": "state-code",
                          "valueString": "FL"
                        }
                      ],
                      "url": "location-restrictions"
                    }
                  ],
                  "url": "https://science37.github.io/FHIR-FSH-Implementation-Guide/StructureDefinition/form-config"
                }
              ],
              "url": "forms"
            }
          ],
          "url": "https://science37.github.io/FHIR-FSH-Implementation-Guide/StructureDefinition/form-collection"
        }
      ]
    }
  ]
}