{
  "resourceType": "Questionnaire",
  "id": "Questionnaire-Item-Extension-Example-VASScale-V1",
  "meta": {
    "profile": [
      "https://science37.github.io/FHIR-FSH-Implementation-Guide/StructureDefinition/questionnaire-s37"
    ]
  },
  "text": {
    "status": "generated",
    "div": "<div xmlns=\"http://www.w3.org/1999/xhtml\"><table border=\"1\" cellpadding=\"0\" cellspacing=\"0\" style=\"border: 1px #F0F0F0 solid; font-size: 11px; font-family: verdana; vertical-align: top;\"><tr style=\"border: 2px #F0F0F0 solid; font-size: 11px; font-family: verdana; vertical-align: top\"><th style=\"vertical-align: top; text-align : left; background-color: white; border: 1px #F0F0F0 solid; padding:0px 4px 0px 4px\" class=\"hierarchy\"><a href=\"http://hl7.org/fhir/R4/formats.html#table\" title=\"The linkId for the item\">LinkId</a></th><th style=\"vertical-align: top; text-align : left; background-color: white; border: 1px #F0F0F0 solid; padding:0px 4px 0px 4px\" class=\"hierarchy\"><a href=\"http://hl7.org/fhir/R4/formats.html#table\" title=\"Text for the item\">Text</a></th><th style=\"vertical-align: top; text-align : left; background-color: white; border: 1px #F0F0F0 solid; padding:0px 4px 0px 4px\" class=\"hierarchy\"><a href=\"http://hl7.org/fhir/R4/formats.html#table\" title=\"Minimum and Maximum # of times the the itemcan appear in the instance\">Cardinality</a></th><th style=\"vertical-align: top; text-align : left; background-color: white; border: 1px #F0F0F0 solid; padding:0px 4px 0px 4px\" class=\"hierarchy\"><a href=\"http://hl7.org/fhir/R4/formats.html#table\" title=\"The type of the item\">Type</a></th><th style=\"vertical-align: top; text-align : left; background-color: white; border: 1px #F0F0F0 solid; padding:0px 4px 0px 4px\" class=\"hierarchy\"><a href=\"http://hl7.org/fhir/R4/formats.html#table\" title=\"Additional information about the item\">Description &amp; Constraints</a><span style=\"float: right\"><a href=\"http://hl7.org/fhir/R4/formats.html#table\" title=\"Legend for this format\"><img src=\"http://hl7.org/fhir/R4/help16.png\" alt=\"doco\" style=\"background-color: inherit\"/></a></span></th></tr><tr style=\"border: 1px #F0F0F0 solid; padding:0px; vertical-align: top; background-color: white\"><td style=\"vertical-align: top; text-align : left; background-color: white; border: 1px #F0F0F0 solid; padding:0px 4px 0px 4px; white-space: nowrap; background-image: url(tbl_bck1.png)\" class=\"hierarchy\"><img src=\"tbl_spacer.png\" alt=\".\" style=\"background-color: inherit\" class=\"hierarchy\"/><img src=\"icon_q_root.gif\" alt=\".\" style=\"background-color: white; background-color: inherit\" title=\"QuestionnaireRoot\" class=\"hierarchy\"/> Example : Questionnaire.Item VASScale-V1</td><td style=\"vertical-align: top; text-align : left; background-color: white; border: 1px #F0F0F0 solid; padding:0px 4px 0px 4px\" class=\"hierarchy\"/><td style=\"vertical-align: top; text-align : left; background-color: white; border: 1px #F0F0F0 solid; padding:0px 4px 0px 4px\" class=\"hierarchy\"></td><td style=\"vertical-align: top; text-align : left; background-color: white; border: 1px #F0F0F0 solid; padding:0px 4px 0px 4px\" class=\"hierarchy\">Questionnaire</td><td style=\"vertical-align: top; text-align : left; background-color: white; border: 1px #F0F0F0 solid; padding:0px 4px 0px 4px\" class=\"hierarchy\">https://science37.github.io/FHIR-FSH-Implementation-Guide/Questionnaire/Questionnaire-Item-Extension-Example-VASScale-V1#1.0.0-S37</td></tr>\r\n<tr style=\"border: 1px #F0F0F0 solid; padding:0px; vertical-align: top; background-color: #F7F7F7\"><td style=\"vertical-align: top; text-align : left; background-color: #F7F7F7; border: 1px #F0F0F0 solid; padding:0px 4px 0px 4px; white-space: nowrap; background-image: url(tbl_bck00.png)\" id=\"item.__S37-form-fields-h0ae575xlf8\" class=\"hierarchy\"><img src=\"tbl_spacer.png\" alt=\".\" style=\"background-color: inherit\" class=\"hierarchy\"/><img src=\"tbl_vjoin_end.png\" alt=\".\" style=\"background-color: inherit\" class=\"hierarchy\"/><img src=\"icon-q-group.png\" alt=\".\" style=\"background-color: #F7F7F7; background-color: inherit\" title=\"Group\" class=\"hierarchy\"/> __S37-form-fields-h0ae575xlf8</td><td style=\"vertical-align: top; text-align : left; background-color: #F7F7F7; border: 1px #F0F0F0 solid; padding:0px 4px 0px 4px\" class=\"hierarchy\">&lt;p style=&quot;text-align:left;&quot;&gt;&lt;strong&gt;Please tap on the scale to indicate how your health is TODAY&lt;/strong&gt;&lt;/p&gt;</td><td style=\"vertical-align: top; text-align : left; background-color: #F7F7F7; border: 1px #F0F0F0 solid; padding:0px 4px 0px 4px\" class=\"hierarchy\">1..1</td><td style=\"vertical-align: top; text-align : left; background-color: #F7F7F7; border: 1px #F0F0F0 solid; padding:0px 4px 0px 4px\" class=\"hierarchy\"><a href=\"http://hl7.org/fhir/R4/codesystem-item-type.html#item-type-question\">question</a></td><td style=\"vertical-align: top; text-align : left; background-color: #F7F7F7; border: 1px #F0F0F0 solid; padding:0px 4px 0px 4px\" class=\"hierarchy\">Definition: https://science37.com/NG/widget/id/vasscale/version/2.3</td></tr>\r\n<tr><td colspan=\"5\" class=\"hierarchy\"><br/><a href=\"http://hl7.org/fhir/R4/formats.html#table\" title=\"Legend for this format\"><img src=\"http://hl7.org/fhir/R4/help16.png\" alt=\"doco\" style=\"background-color: inherit\"/> Documentation for this format</a></td></tr></table></div>"
  },
  "url": "https://science37.github.io/FHIR-FSH-Implementation-Guide/Questionnaire/Questionnaire-Item-Extension-Example-VASScale-V1",
  "identifier": [
    {
      "value": "Form ID"
    }
  ],
  "version": "1.0.0-S37",
  "name": "Example : Questionnaire.Item VASScale-V1",
  "title": "Example : Questionnaire.Item VASScale-V1",
  "status": "draft",
  "subjectType": [
    "Patient"
  ],
  "date": "2022-05-03T18:29:57+00:00",
  "publisher": "Science37",
  "jurisdiction": [
    {
      "coding": [
        {
          "system": "urn:iso:std:iso:3166",
          "code": "US",
          "display": "United States of America"
        }
      ]
    }
  ],
  "item": [
    {
      "extension": [
        {
          "url": "http://hl7.org/fhir/StructureDefinition/questionnaire-hidden",
          "valueBoolean": false
        },
        {
          "url": "http://hl7.org/fhir/StructureDefinition/minValue",
          "valueInteger": 11
        },
        {
          "url": "http://hl7.org/fhir/StructureDefinition/maxValue",
          "valueInteger": 1100
        },
        {
          "url": "https://science37.github.io/FHIR-FSH-Implementation-Guide/StructureDefinition/observation-extract",
          "valueBoolean": true
        },
        {
          "url": "http://hl7.org/fhir/StructureDefinition/questionnaire-itemControl",
          "valueCodeableConcept": {
            "coding": [
              {
                "system": "http://hl7.org/fhir/questionnaire-item-control",
                "code": "vas-scale",
                "display": "vas-scale"
              }
            ],
            "text": "vas-scale"
          }
        },
        {
          "extension": [
            {
              "url": "version",
              "valueId": "1.0.1-VAS-Scale-Version"
            }
          ],
          "url": "https://science37.github.io/FHIR-FSH-Implementation-Guide/StructureDefinition/rendering-settings"
        },
        {
          "extension": [
            {
              "url": "id",
              "valueString": "sponsorVariable"
            },
            {
              "url": "label",
              "valueString": "Field OID"
            },
            {
              "url": "value",
              "valueString": "VAS_OID"
            },
            {
              "url": "type",
              "valueString": "text"
            },
            {
              "url": "hidden",
              "valueBoolean": false
            },
            {
              "url": "required",
              "valueBoolean": false
            },
            {
              "url": "description",
              "valueString": "Max of 256 characters"
            },
            {
              "url": "maxLength",
              "valueInteger": 256
            },
            {
              "url": "pattern",
              "valueString": "^(?!.* ).*$"
            },
            {
              "url": "unique",
              "valueBoolean": true
            },
            {
              "url": "disabled",
              "valueBoolean": false
            }
          ],
          "url": "https://science37.github.io/FHIR-FSH-Implementation-Guide/StructureDefinition/rendering-settings"
        },
        {
          "extension": [
            {
              "url": "id",
              "valueString": "linkId"
            },
            {
              "url": "label",
              "valueString": "LinkId"
            },
            {
              "url": "value",
              "valueString": "__S37-form-fields-h0ae575xlf8"
            },
            {
              "url": "type",
              "valueString": "text"
            },
            {
              "url": "hidden",
              "valueBoolean": true
            },
            {
              "url": "required",
              "valueBoolean": true
            },
            {
              "url": "unique",
              "valueBoolean": false
            },
            {
              "url": "disabled",
              "valueBoolean": false
            }
          ],
          "url": "https://science37.github.io/FHIR-FSH-Implementation-Guide/StructureDefinition/rendering-settings"
        },
        {
          "extension": [
            {
              "url": "id",
              "valueString": "title"
            },
            {
              "url": "label",
              "valueString": "Title"
            },
            {
              "url": "value",
              "valueString": "VAS_TITLE"
            },
            {
              "url": "type",
              "valueString": "text"
            },
            {
              "url": "hidden",
              "valueBoolean": false
            },
            {
              "url": "required",
              "valueBoolean": true
            },
            {
              "url": "maxLength",
              "valueInteger": 100
            },
            {
              "url": "unique",
              "valueBoolean": true
            },
            {
              "url": "disabled",
              "valueBoolean": false
            }
          ],
          "url": "https://science37.github.io/FHIR-FSH-Implementation-Guide/StructureDefinition/rendering-settings"
        },
        {
          "extension": [
            {
              "url": "id",
              "valueString": "lable"
            },
            {
              "url": "label",
              "valueString": "Field label"
            },
            {
              "url": "value",
              "valueString": "<p style=text-align:left;><strong>TEXT_AREA_LABEL</strong></p>"
            },
            {
              "url": "type",
              "valueString": "richtext"
            },
            {
              "url": "hidden",
              "valueBoolean": false
            },
            {
              "url": "required",
              "valueBoolean": true
            },
            {
              "url": "description",
              "valueString": "What will display to the respondent."
            },
            {
              "url": "maxLength",
              "valueInteger": 2000
            },
            {
              "url": "unique",
              "valueBoolean": false
            },
            {
              "url": "disabled",
              "valueBoolean": false
            }
          ],
          "url": "https://science37.github.io/FHIR-FSH-Implementation-Guide/StructureDefinition/rendering-settings"
        },
        {
          "extension": [
            {
              "url": "id",
              "valueString": "standardVariable"
            },
            {
              "url": "label",
              "valueString": "Standard Variable"
            },
            {
              "url": "value",
              "valueString": "VAS_STD_VAR"
            },
            {
              "url": "type",
              "valueString": "text"
            },
            {
              "url": "hidden",
              "valueBoolean": false
            },
            {
              "url": "required",
              "valueBoolean": true
            },
            {
              "url": "description",
              "valueString": "Max of 256 characters"
            },
            {
              "url": "maxLength",
              "valueInteger": 256
            },
            {
              "url": "unique",
              "valueBoolean": true
            },
            {
              "url": "disabled",
              "valueBoolean": false
            }
          ],
          "url": "https://science37.github.io/FHIR-FSH-Implementation-Guide/StructureDefinition/rendering-settings"
        },
        {
          "extension": [
            {
              "url": "id",
              "valueString": "description"
            },
            {
              "url": "label",
              "valueString": "Description"
            },
            {
              "url": "value",
              "valueString": "VAS_DESC"
            },
            {
              "url": "type",
              "valueString": "textarea"
            },
            {
              "url": "hidden",
              "valueBoolean": false
            },
            {
              "url": "required",
              "valueBoolean": false
            },
            {
              "url": "maxLength",
              "valueInteger": 256
            },
            {
              "url": "unique",
              "valueBoolean": false
            },
            {
              "url": "disabled",
              "valueBoolean": false
            }
          ],
          "url": "https://science37.github.io/FHIR-FSH-Implementation-Guide/StructureDefinition/rendering-settings"
        },
        {
          "extension": [
            {
              "url": "id",
              "valueString": "requiredField"
            },
            {
              "url": "label",
              "valueString": "Required field"
            },
            {
              "url": "value",
              "valueString": "false"
            },
            {
              "url": "type",
              "valueString": "checkbox"
            },
            {
              "url": "hidden",
              "valueBoolean": false
            },
            {
              "url": "required",
              "valueBoolean": false
            },
            {
              "url": "unique",
              "valueBoolean": false
            },
            {
              "url": "disabled",
              "valueBoolean": false
            }
          ],
          "url": "https://science37.github.io/FHIR-FSH-Implementation-Guide/StructureDefinition/rendering-settings"
        },
        {
          "extension": [
            {
              "url": "id",
              "valueString": "version"
            },
            {
              "url": "value",
              "valueString": "1"
            },
            {
              "url": "type",
              "valueString": "text"
            },
            {
              "url": "hidden",
              "valueBoolean": true
            },
            {
              "url": "required",
              "valueBoolean": true
            }
          ],
          "url": "https://science37.github.io/FHIR-FSH-Implementation-Guide/StructureDefinition/rendering-settings"
        },
        {
          "extension": [
            {
              "url": "id",
              "valueString": "displayValueIndicator"
            },
            {
              "url": "label",
              "valueString": "Display Value Indicator"
            },
            {
              "url": "value",
              "valueString": "true"
            },
            {
              "url": "type",
              "valueString": "checkbox"
            },
            {
              "url": "hidden",
              "valueBoolean": false
            },
            {
              "url": "required",
              "valueBoolean": false
            },
            {
              "url": "unique",
              "valueBoolean": true
            },
            {
              "url": "disabled",
              "valueBoolean": false
            }
          ],
          "url": "https://science37.github.io/FHIR-FSH-Implementation-Guide/StructureDefinition/rendering-settings"
        },
        {
          "extension": [
            {
              "url": "id",
              "valueString": "valueIndicatorLabel"
            },
            {
              "url": "label",
              "valueString": "Value Indicator Label"
            },
            {
              "url": "value",
              "valueString": "Your Health Today"
            },
            {
              "url": "type",
              "valueString": "text"
            },
            {
              "url": "hidden",
              "valueBoolean": false
            },
            {
              "url": "required",
              "valueBoolean": false
            },
            {
              "url": "maxLength",
              "valueInteger": 50
            },
            {
              "url": "unique",
              "valueBoolean": true
            },
            {
              "url": "disabled",
              "valueBoolean": false
            }
          ],
          "url": "https://science37.github.io/FHIR-FSH-Implementation-Guide/StructureDefinition/rendering-settings"
        },
        {
          "extension": [
            {
              "url": "id",
              "valueString": "minValueLabel"
            },
            {
              "url": "label",
              "valueString": "Minimum Value Label"
            },
            {
              "url": "value",
              "valueString": "The lease worst health you can imagine"
            },
            {
              "url": "type",
              "valueString": "text"
            },
            {
              "url": "hidden",
              "valueBoolean": false
            },
            {
              "url": "required",
              "valueBoolean": false
            },
            {
              "url": "maxLength",
              "valueInteger": 100
            },
            {
              "url": "unique",
              "valueBoolean": false
            },
            {
              "url": "disabled",
              "valueBoolean": true
            }
          ],
          "url": "https://science37.github.io/FHIR-FSH-Implementation-Guide/StructureDefinition/rendering-settings"
        },
        {
          "extension": [
            {
              "url": "id",
              "valueString": "maxValueLabel"
            },
            {
              "url": "label",
              "valueString": "Maximum Value Label"
            },
            {
              "url": "value",
              "valueString": "The worst health you can imagine"
            },
            {
              "url": "type",
              "valueString": "text"
            },
            {
              "url": "hidden",
              "valueBoolean": false
            },
            {
              "url": "required",
              "valueBoolean": false
            },
            {
              "url": "maxLength",
              "valueInteger": 1000
            },
            {
              "url": "unique",
              "valueBoolean": false
            },
            {
              "url": "disabled",
              "valueBoolean": true
            }
          ],
          "url": "https://science37.github.io/FHIR-FSH-Implementation-Guide/StructureDefinition/rendering-settings"
        },
        {
          "extension": [
            {
              "url": "id",
              "valueString": "maxValueLabel"
            },
            {
              "url": "label",
              "valueString": "Maximum Value Label"
            },
            {
              "url": "value",
              "valueString": "The worst health you can imagine"
            },
            {
              "url": "type",
              "valueString": "text"
            },
            {
              "url": "hidden",
              "valueBoolean": false
            },
            {
              "url": "required",
              "valueBoolean": false
            },
            {
              "url": "maxLength",
              "valueInteger": 1000
            },
            {
              "url": "unique",
              "valueBoolean": false
            },
            {
              "url": "disabled",
              "valueBoolean": true
            }
          ],
          "url": "https://science37.github.io/FHIR-FSH-Implementation-Guide/StructureDefinition/rendering-settings"
        },
        {
          "extension": [
            {
              "url": "id",
              "valueString": "medalueLabel"
            },
            {
              "url": "label",
              "valueString": "Median Value Label"
            },
            {
              "url": "value",
              "valueString": "The worst health you can imagine"
            },
            {
              "url": "type",
              "valueString": "text"
            },
            {
              "url": "hidden",
              "valueBoolean": false
            },
            {
              "url": "required",
              "valueBoolean": false
            },
            {
              "url": "maxLength",
              "valueInteger": 100
            },
            {
              "url": "unique",
              "valueBoolean": false
            },
            {
              "url": "disabled",
              "valueBoolean": true
            }
          ],
          "url": "https://science37.github.io/FHIR-FSH-Implementation-Guide/StructureDefinition/rendering-settings"
        },
        {
          "extension": [
            {
              "url": "id",
              "valueString": "naOption"
            },
            {
              "url": "label",
              "valueString": "N/A Option"
            },
            {
              "url": "value",
              "valueString": "false"
            },
            {
              "url": "type",
              "valueString": "checkbox"
            },
            {
              "url": "hidden",
              "valueBoolean": false
            },
            {
              "url": "required",
              "valueBoolean": false
            },
            {
              "url": "unique",
              "valueBoolean": false
            },
            {
              "url": "disabled",
              "valueBoolean": true
            }
          ],
          "url": "https://science37.github.io/FHIR-FSH-Implementation-Guide/StructureDefinition/rendering-settings"
        },
        {
          "extension": [
            {
              "url": "id",
              "valueString": "naLabel"
            },
            {
              "url": "label",
              "valueString": "N/A Label"
            },
            {
              "url": "value",
              "valueString": "Not Applicable"
            },
            {
              "url": "type",
              "valueString": "texgt"
            },
            {
              "url": "hidden",
              "valueBoolean": true
            },
            {
              "url": "required",
              "valueBoolean": false
            },
            {
              "url": "maxLength",
              "valueInteger": 500
            },
            {
              "url": "unique",
              "valueBoolean": false
            },
            {
              "url": "disabled",
              "valueBoolean": true
            }
          ],
          "url": "https://science37.github.io/FHIR-FSH-Implementation-Guide/StructureDefinition/rendering-settings"
        },
        {
          "extension": [
            {
              "url": "id",
              "valueString": "orientation"
            },
            {
              "url": "label",
              "valueString": "Orientation"
            },
            {
              "url": "value",
              "valueString": "vertical"
            },
            {
              "url": "type",
              "valueString": "radiogroup"
            },
            {
              "url": "hidden",
              "valueBoolean": false
            },
            {
              "url": "required",
              "valueBoolean": false
            },
            {
              "url": "unique",
              "valueBoolean": false
            },
            {
              "url": "disabled",
              "valueBoolean": true
            }
          ],
          "url": "https://science37.github.io/FHIR-FSH-Implementation-Guide/StructureDefinition/rendering-settings"
        },
        {
          "extension": [
            {
              "url": "id",
              "valueString": "doNotShowNumValue"
            },
            {
              "url": "label",
              "valueString": "doNotShowNumValue"
            },
            {
              "url": "value",
              "valueString": "false"
            },
            {
              "url": "type",
              "valueString": "checkbox"
            },
            {
              "url": "hidden",
              "valueBoolean": false
            },
            {
              "url": "required",
              "valueBoolean": false
            },
            {
              "url": "unique",
              "valueBoolean": false
            },
            {
              "url": "disabled",
              "valueBoolean": true
            }
          ],
          "url": "https://science37.github.io/FHIR-FSH-Implementation-Guide/StructureDefinition/rendering-settings"
        },
        {
          "extension": [
            {
              "url": "id",
              "valueString": "showIncrements"
            },
            {
              "url": "label",
              "valueString": "showIncrements"
            },
            {
              "url": "value",
              "valueString": "true"
            },
            {
              "url": "type",
              "valueString": "checkbox"
            },
            {
              "url": "hidden",
              "valueBoolean": false
            },
            {
              "url": "required",
              "valueBoolean": false
            },
            {
              "url": "unique",
              "valueBoolean": false
            },
            {
              "url": "disabled",
              "valueBoolean": true
            }
          ],
          "url": "https://science37.github.io/FHIR-FSH-Implementation-Guide/StructureDefinition/rendering-settings"
        },
        {
          "extension": [
            {
              "url": "id",
              "valueString": "minorIncrements"
            },
            {
              "url": "label",
              "valueString": "minorIncrements"
            },
            {
              "url": "value",
              "valueString": "10"
            },
            {
              "url": "type",
              "valueString": "integer"
            },
            {
              "url": "hidden",
              "valueBoolean": false
            },
            {
              "url": "required",
              "valueBoolean": false
            },
            {
              "url": "pattern",
              "valueString": "^[0-9]*"
            },
            {
              "url": "minValue",
              "valueInteger": 0
            },
            {
              "url": "unique",
              "valueBoolean": false
            },
            {
              "url": "disabled",
              "valueBoolean": true
            }
          ],
          "url": "https://science37.github.io/FHIR-FSH-Implementation-Guide/StructureDefinition/rendering-settings"
        },
        {
          "extension": [
            {
              "url": "id",
              "valueString": "majorIncrements"
            },
            {
              "url": "label",
              "valueString": "majorIncrements"
            },
            {
              "url": "value",
              "valueString": "50"
            },
            {
              "url": "type",
              "valueString": "integer"
            },
            {
              "url": "hidden",
              "valueBoolean": false
            },
            {
              "url": "required",
              "valueBoolean": false
            },
            {
              "url": "pattern",
              "valueString": "^[0-9]*"
            },
            {
              "url": "minValue",
              "valueInteger": 0
            },
            {
              "url": "unique",
              "valueBoolean": false
            },
            {
              "url": "disabled",
              "valueBoolean": true
            }
          ],
          "url": "https://science37.github.io/FHIR-FSH-Implementation-Guide/StructureDefinition/rendering-settings"
        },
        {
          "extension": [
            {
              "url": "id",
              "valueString": "interactionType"
            },
            {
              "url": "label",
              "valueString": "Show value slider"
            },
            {
              "url": "value",
              "valueString": "true"
            },
            {
              "url": "type",
              "valueString": "checkbox"
            },
            {
              "url": "hidden",
              "valueBoolean": false
            },
            {
              "url": "required",
              "valueBoolean": false
            },
            {
              "url": "unique",
              "valueBoolean": false
            },
            {
              "url": "disabled",
              "valueBoolean": true
            }
          ],
          "url": "https://science37.github.io/FHIR-FSH-Implementation-Guide/StructureDefinition/rendering-settings"
        },
        {
          "extension": [
            {
              "url": "id",
              "valueString": "scaleSize"
            },
            {
              "url": "label",
              "valueString": "scaleSize"
            },
            {
              "url": "value",
              "valueString": "consistentScale"
            },
            {
              "url": "type",
              "valueString": "radiogroup"
            },
            {
              "url": "hidden",
              "valueBoolean": false
            },
            {
              "url": "required",
              "valueBoolean": false
            },
            {
              "url": "unique",
              "valueBoolean": false
            },
            {
              "url": "disabled",
              "valueBoolean": true
            }
          ],
          "url": "https://science37.github.io/FHIR-FSH-Implementation-Guide/StructureDefinition/rendering-settings"
        },
        {
          "extension": [
            {
              "url": "id",
              "valueString": "vasPresets"
            },
            {
              "url": "label",
              "valueString": "vasPresets"
            },
            {
              "url": "value",
              "valueString": "vasTenPointIncrement"
            },
            {
              "url": "type",
              "valueString": "select"
            },
            {
              "url": "hidden",
              "valueBoolean": false
            },
            {
              "url": "required",
              "valueBoolean": false
            },
            {
              "url": "unique",
              "valueBoolean": false
            },
            {
              "url": "disabled",
              "valueBoolean": true
            }
          ],
          "url": "https://science37.github.io/FHIR-FSH-Implementation-Guide/StructureDefinition/rendering-settings"
        }
      ],
      "linkId": "__S37-form-fields-h0ae575xlf8",
      "definition": "https://science37.com/NG/widget/id/vasscale/version/2.3",
      "text": "<p style=\"text-align:left;\"><strong>Please tap on the scale to indicate how your health is TODAY</strong></p>",
      "type": "question",
      "required": true
    }
  ]
}